,uid,comment,date,like,sorce,#服务方面#cnt,#导游方面#cnt,#人流方面#cnt,#景色方面#cnt,#价格方面#cnt,#饮食方面#cnt,#娱乐方面#cnt,#儿童方面#cnt,#设施方面#cnt
0,294769015,北方唯一一座杜莎夫人蜡像馆，值得我们去看一次。,/Date(1676935534000+0800)/,0,-4.565,0,0,0,0,0,0,0,0,0
1,186893708,在步行街上，出地铁一会到，挺不错，孩子自费69做了ar体验，票价太贵了，两孩子两大人花了五百多,/Date(1674563149000+0800)/,0,3.807,0,0,0,0,0,0,0,0,0
2,386243323,本来只是和来北京出差的朋友一起逛逛前门，走着走着发现杜莎夫人蜡像馆原来在这，很多年前就想来看，结果今天就走到这了，来都来了，必须要进去看看了,/Date(1672627945000+0800)/,1,-0.644,0,0,0,0,0,0,0,0,0
3,65498569,北京前门步行街上的一座蜡像馆。,/Date(1679985152000+0800)/,0,-8.566,0,0,0,0,0,0,0,0,0
4,8239763,人物惟妙惟肖，很有趣,/Date(1674901821000+0800)/,0,3.91,0,0,0,0,0,0,1,0,0
5,256301258,非常好的游览体验，住在附近开门就去，没人随便拍照，印章打卡，赞赞赞！！！,/Date(1676695295000+0800)/,1,3.715,0,0,0,0,0,0,0,0,0
6,432085406,蜡像做的非常逼真，有几个不是特别像本人，其他都很像！现在去基本没有什么游客，我好像包场了，服务很周到！体验感受很好！满意！以后有机会要带我女儿来看看！,/Date(1666707768000+0800)/,0,4.254,1,0,0,0,0,0,0,1,0
7,54201949,不错 没去过的可以看看,/Date(1675604809000+0800)/,0,0.626,0,0,0,0,0,0,0,0,0
8,16627266,蜡像种类多，比例逼真，值得一看,/Date(1667281913000+0800)/,0,-2.734,0,0,0,0,0,0,0,0,0
9,7439183,"不错啊。好棒啊。
推介 啊。 
哈哈哈哈哈哈
真的不错哦哦哦哦
特别棒的。
哈哈哈姐姐啊
人不多
特别好玩。哈哈哈姐姐啊哈哈",/Date(1667716989000+0800)/,0,4.286,0,0,1,0,0,0,1,0,0
10,477456,北京杜莎夫人蜡像馆在北京前门大街，和很多景点在一块，蜡像馆里的国内影视、体育、演艺明星挺多的，不过么蜡像逼真度还是有差异的，观光逛逛性价比还行吧。,/Date(1663473191000+0800)/,0,-6.214,0,0,0,0,0,0,0,0,0
11,394601572,还行吧，多是娱乐明星，希望增加一些科学领域的人物。,/Date(1676691932000+0800)/,2,4.274,0,0,0,0,0,0,1,0,0
12,14484704,"【景色】
【趣味】
【性价比】👍",/Date(1662647588000+0800)/,0,4.2,0,0,0,1,0,0,1,0,0
13,49862772,我们是从国家博物馆直接走去杜莎夫人蜡像馆的，杜莎夫人蜡像馆就在前门大街里面，走进去一会就到了，里面蜡像涉及范围很广，但是感觉蜡像有点少呀，逛了一会就逛完了不过其实还好，因为有好多喜欢的，嘿嘿,/Date(1453822090000+0800)/,65,-7.654,0,0,0,0,0,0,0,0,0
14,188206708,北京杜莎夫人蜡像馆，是年轻人打卡必去之地，可以摆各种造型，有各囯家的领导人，奥巴马，默克尔，还有名演员，成龙，周冬雨，，李冰冰，有体育健将，姚明，有网络大伽，李彦宏。京剧名角，梅兰芳！！,/Date(1618843236000+0800)/,1,4.278,0,0,0,0,0,0,0,0,0
15,7275544,里面三层，分不同主题内容，带着家人一起来这里玩，拍拍照，和自己喜欢的人物合影！蜡像很逼真！赞👍其中二层还有一个卡丁车环节，非常不错，妈妈快70岁首次接触，玩后很高兴，工作人员Super王很心细、耐心的给老人讲解、介绍怎么操作，很好的体验！,/Date(1623934566000+0800)/,4,4.286,1,1,0,0,0,0,2,0,0
16,77543026,整体来说不错，网上订票，便宜又方便蜡像比较逼真，从楼上开始，个人觉得开始看的卷福，英国女皇，琅琊榜，威廉凯特都很逼真，但是往后有一点虎头蛇尾，像姚晨孙俪邓超什么的没有刚开始的蜡像做的好。整体参观了大约半小时左右,/Date(1487767206000+0800)/,32,4.236,0,0,0,0,0,0,0,0,0
17,162165340,蜡像很逼真，带小朋友去见识见识,/Date(1673128284000+0800)/,0,3.876,0,0,0,0,0,0,0,0,0
18,68072183,人比较多，但是提前买好票还是比较方便，工作人员的服务态度也不错，热情周到。见到了喜欢的明星蜡像，比较丰富，分类也清晰，参观起来很方便,/Date(1477729889000+0800)/,52,4.281,3,0,0,0,0,0,0,0,0
19,11641359,半价85一个人，很合算，总体来说还可以，外国明星做的像，中国的都差点，都不是特别像，环境挺好的，还有道具供拍照使用，奥巴马有那个电话拿起来还说话吓我一跳！还有想知道明星的真实身高就去蜡像馆吧，百分百真人蜡像1：1……哈哈，通过对比黄教主在175左右！！！,/Date(1475055688000+0800)/,83,3.613,0,0,0,1,0,0,0,0,0
20,2524451,就在前门大街，地铁很方便，疫情期间人不多，方便拍照，门口有游览指引的小册子，按行进标识就很方便了，大多蜡像还是很逼真的，除了蜡像馆前门现在规划的不错，值得四处转转。,/Date(1646751146000+0800)/,0,3.907,0,0,1,0,0,0,0,0,0
21,298823037,据说是中国四大杜莎夫人蜡像馆，在前门大街附近，有政治人物，体坛明星，说相声的各种人物。有的很逼真，全价票还是比较贵。我是用京津冀一卡通来的。整体感觉还是很不错的。,/Date(1627561043000+0800)/,2,4.223,0,0,0,0,0,0,0,0,0
22,162165340,还行吧，没看过蜡像馆，所以去看一下，觉得还行吧！但是小朋友还收费有点儿过了！而且收费不便宜呢！里面的人物有点儿少，不是太多！,/Date(1660391968000+0800)/,1,-9.377,0,0,0,0,0,0,0,0,0
23,2991166,北京杜莎夫人蜡像馆位于坐拥悠久的前门大街，北京最繁华的商区之一。蜡像馆内面积不是很大，蜡像逼真，游客可以拍照，但是很有意思。,/Date(1655433828000+0800)/,3,2.571,0,0,0,0,0,0,0,0,0
24,272657461,很值得去的值得地方，里面有很多明星的蜡像，可以随便合影拍照，有的还有对应的服装，自己穿上拍照，平常接触不到真明星，和蜡像拍个照也是可以的。性价比高，总体超赞，有趣好玩，景色不错，,/Date(1624093735000+0800)/,0,4.285,0,0,0,1,0,0,2,0,0
25,111098890,里面太好玩了 做手蜡的闫研小姐姐特别有耐心 还比较细致 做到了满意的手腊 小朋友特别高兴！ 还会再来的！,/Date(1660301506000+0800)/,0,4.269,0,0,0,0,0,0,1,0,0
26,21256510,作为追星族，还是值得去的，明星很多。而且，里面还有互动游戏的，我特别喜欢跟张艺兴的互动，很有意思的哦！明星很多哈！小孩也很喜欢，有她最喜欢的花花。期待送一张花花的签名照给我哈,/Date(1633686350000+0800)/,0,4.286,0,0,0,0,0,0,0,1,0
27,206008873,还是很不错的，比较逼真的蜡像,/Date(1658023265000+0800)/,1,1.212,0,0,0,0,0,0,0,0,0
28,191625167,我去的时候，人不多，随便照，不用担心会有闲杂人入镜，谈不上娱乐，只是去欣赏，馆里的工作人员超nice ，因为我是一个人去的，工作人员很热心的帮我拍照，在这里表示感谢,/Date(1659058490000+0800)/,0,0.527,2,0,1,0,0,0,1,0,0
29,26134886,北京杜莎夫人蜡像馆位于前门大街，北京最繁华的商区之一。蜡像馆内面积不是很大，但是很有意思。去过很多地方的杜莎夫人蜡像馆，北京的还是很特别。,/Date(1639893563000+0800)/,1,-3.229,0,0,0,0,0,0,0,0,0
30,250397235,很不错哦，是个近距离接触明星们的机会，至少可以看个立体的，虽然是假人，但还是会惊叹，哇，他居然这么瘦，哇，她居然这么高，也挺好玩的,/Date(1627752135000+0800)/,0,4.286,0,0,0,0,0,0,1,0,0
31,100858191,挺好有意思的，孩子有点害怕，但不影响游览下去的兴趣，还有很多服装可以配合拍照，就是差一点就走错了，指示有些欠缺，总是值得一游！,/Date(1627250437000+0800)/,0,3.1,0,0,0,0,0,0,0,0,0
32,29978042,进门看到郭德纲蜡像，嘿！真像.看了半天感叹这手艺可真赞，亲眼所见没想到蜡像会做的这么像，感觉怪怪的🤨，有机会去上海的看看,/Date(1619876230000+0800)/,0,-5.583,0,0,0,0,0,0,0,0,0
33,191743376,"蜡像馆是由蜡制雕塑家杜莎夫人建立的，杜莎夫人蜡像馆是全世界水平最高的蜡像馆之一，有众多世界名人的蜡像，其中恐怖屋最为出名。

全球旅游景点运营商默林娱乐集团宣布与中国领先的商业地产开发商SOHO中国缔结一项重要战略伙伴关系，双方将把默林集团众多标志性的国际品牌引入北京，并以定于2014年开幕的北京杜莎夫人蜡像馆为首个引入的品牌。",/Date(1644055709000+0800)/,0,4.264,0,0,0,0,0,0,1,0,0
34,2477797,"Madame Tussauds is in charge of many places, and the characters inside are vivid. Although it is said to be debut, there are still many gods. Is a good place, after all, is also a place for.",/Date(1610263986000+0800)/,2,-9.863,0,0,0,0,0,0,0,0,0
35,89895834,还不错 华晨宇在弄胖点就更好了,/Date(1625437334000+0800)/,2,1.248,0,0,0,0,0,0,0,0,0
36,314979210,不错，值得一看，推荐，点赞！水平比较高，很像，有点意思，顶上。,/Date(1627728474000+0800)/,0,4.258,0,0,0,0,0,0,0,0,0
37,273011261,带孩子去的，有的还是很逼真的，不错,/Date(1625874111000+0800)/,1,4.148,0,0,0,0,0,0,0,0,0
38,283660305,里面有好多我喜欢的明星，像成龙，黄家驹，杨幂，梅西等，里面的服务员也很热情，我是一个人去的里面服务员还一路帮助我拍照，下次还会去的,/Date(1646753288000+0800)/,0,4.236,2,0,0,0,0,0,0,0,0
39,252468369,不错挺好玩的666666,/Date(1631004978000+0800)/,1,3.993,0,0,0,0,0,0,1,0,0
40,156318593,为了看二哥王力宏，只有北京站才有，成功打卡。,/Date(1619314608000+0800)/,0,2.043,0,0,0,0,0,0,0,0,0
41,45611922,很好，非常好，提前预订还是非常方便的，景区各项设施非常完善，玩的非常开心呢，工作人员很热情，是个很好的体验，下次还再来！,/Date(1659832073000+0800)/,0,4.262,1,0,0,0,0,0,1,0,1
42,1117346,疫情期间，这里管理严格，游客比较少了。,/Date(1646529419000+0800)/,0,-8.432,1,0,0,0,0,0,0,0,0
43,733888,很漂亮的地方，蜡像特别逼真，值得一去,/Date(1654937763000+0800)/,0,3.305,0,0,0,0,0,0,0,0,0
44,1117346,现在这里实行流量控制，游客比较少了。,/Date(1651302794000+0800)/,0,-8.341,0,0,0,0,0,0,0,0,0
45,46302037,蜡像很逼真，是拍照打卡的好地方。,/Date(1660968078000+0800)/,0,-3.526,0,0,0,0,0,0,0,0,0
46,284635873,非常不错👍👍👍👍值得期待,/Date(1650767117000+0800)/,0,3.833,0,0,0,0,0,0,0,0,0
47,46302037,很有意思的地方，好多名人的蜡像，拍照的好地方，可以进距离的观看，和自己喜欢的明星照相很有意思的，感觉没有上海的杜莎夫人蜡像馆大，也是值得一看的。,/Date(1630438503000+0800)/,0,4.123,0,0,0,0,0,0,0,0,0
48,19641466,杜莎夫人蜡像馆在北京，上海都有，杜莎夫人于1835年在伦敦建立了第一家杜莎夫人蜡像馆，杜莎夫人制作做蜡像的工艺非常精湛，很值得去看看。,/Date(1641548474000+0800)/,0,4.254,0,0,0,0,0,0,0,0,0
49,252415738,有趣好玩，总体超赞，性价比高，景色不错，,/Date(1620122346000+0800)/,0,4.286,0,0,0,1,0,0,2,0,0
50,272877586,"蜡像馆不大。真的感叹蜡像制作者的技艺之高深，连表情都能拿捏得惟妙惟肖。
蜡像的摆设的设计和编排感觉不是那么的好，也许是场馆太小的缘故。蜡像人物的选择上也觉得有些不尽人意的地方，娱乐圈的色彩过于隆重。",/Date(1627365526000+0800)/,0,-8.546,0,0,0,0,0,0,1,0,0
51,190127654,很好，腊像很多，很真实，拍了好多像！,/Date(1620108309000+0800)/,0,3.788,0,0,0,0,0,0,0,0,0
52,39157437,孩子主要是来看关晓彤的，满意。,/Date(1627452680000+0800)/,0,0.709,0,0,0,0,0,0,0,0,0
53,178153517,疫情期间不方便随时去香港的话，可以在北京找到杜莎夫人蜡像馆看看。这里的蜡像做得很逼真，很适合慢慢拍照哦。,/Date(1644716994000+0800)/,0,1.318,0,0,0,0,0,0,0,0,0
54,197152373,周一进到里边就我一个人，感觉有点特别啊，哈哈哈，好多蜡像盯着的感觉，可惜没有高以翔。,/Date(1620661048000+0800)/,1,-4.687,0,0,0,0,0,0,0,0,0
55,252356668,非常棒，蜡像做得很逼真，晚上带孩子去的，人少随便合影，体验非常好，孩子还可以体验F1赛车VR，很开心，强烈推荐大家去！！,/Date(1633740715000+0800)/,0,2.717,0,0,0,0,0,0,0,0,0
56,105034118,上周日带孩子去的杜莎夫人蜡像馆，很早就听说过，这次特意带孩子来玩玩，场馆还挺大的，蜡像差不多有70多位，在三层有做蜡手的地方，给孩子做了一个，白雪小姐姐特别有耐心，一边做一边给我们讲解蜡手的制作过程，服务很热情，点赞👍，全程玩下来差不多有2个小时，闺女玩的很尽兴，有机会的话会介绍给朋友过来玩,/Date(1606744695000+0800)/,0,4.286,1,1,0,0,0,0,5,0,0
57,175052693,杜莎夫人蜡像馆是法国一位杰出的艺术家，以制作蜡像而闻名，蜡像馆是由蜡制雕塑家杜莎夫人于1835年在伦敦贝克街建立，展示唯妙唯俏的名人蜡像使游人有机会与心目中的英雄零距离互动。,/Date(1612525909000+0800)/,1,4.284,0,0,0,0,0,0,0,0,0
58,185437092,特别好，蜡像做得太逼真了，震撼！,/Date(1659613080000+0800)/,0,-0.984,0,0,0,0,0,0,0,0,0
59,6508139,北京杜莎夫人蜡像馆，蜡像馆当中有很多名人的蜡像，真的可以以假乱真来称谓。,/Date(1629551870000+0800)/,0,-9.796,0,0,0,0,0,0,0,0,0
60,163949107,在前门大街内，里面不算大，但是环境比较幽静，人也不多，可以静静地在里面呆上半天，里面有很多的椅子供休息，比较人性化，蜡像比较逼真，里面有个做手膜的，比较有意思，推荐大家体验,/Date(1600094927000+0800)/,1,3.057,0,0,0,1,0,0,0,0,0
61,162165340,第一次去看蜡像，以前没去的时候去心心念念，现在真看到了，觉得还是很精致的！各种人物的表情，动作，神态都很到位！,/Date(1671086428000+0800)/,0,4.251,0,0,0,0,0,0,0,0,0
62,27698867,进去出来5分钟。收费太高,/Date(1677136759000+0800)/,0,-9.411,0,0,0,0,0,0,0,0,0
63,27228310,非常值得一去啊，孩子们很喜欢，正好在步行街，可以一起逛逛,/Date(1626074433000+0800)/,0,4.256,0,0,0,0,0,0,0,0,0
64,87595545,挺好的。很逼真。门口的保安很有意思。,/Date(1625670412000+0800)/,1,3.84,0,0,0,0,0,0,0,0,0
65,50664375,名人像想看的还是很逼真的。可以合照，一个个很有意思。,/Date(1620888195000+0800)/,0,4.016,0,0,0,0,0,0,0,0,0
66,230220356,"最喜欢白敬亭，围着小白拍拍拍，都不想离开…………………………
……………………………………………………………………………………………………………………………………………………",/Date(1602165137000+0800)/,0,-0.099,0,0,0,0,0,0,0,0,0
67,28427292,话说，看着还是有点瘆得慌的。。,/Date(1626737047000+0800)/,1,-0.585,0,0,0,0,0,0,0,0,0
68,493029,名人像看着还是很逼真的。可以合照诶，很有意思。,/Date(1620888194000+0800)/,0,3.688,0,0,0,0,0,0,0,0,0
69,9029435,清水出芙蓉，天然去雕饰皎皎兮似轻云之蔽月，飘飘兮若回风之流雪你有点像天上的月亮，也像那闪烁的星星，可惜我不是诗人，否则，当写一万首诗来形容你的样貌你有点像天上的月亮，也像那闪烁的星星，可惜我不是诗人，否则，当写一万首诗来形容你的样貌你有点像天上的月亮，也像那闪烁的星星，可惜我不是诗人，否则，当写一万首诗来形容你的样貌你有点像天上的月亮，也像那闪烁的星星，可惜我不是诗人，否则，当写一万首诗来形容你的样貌你有点像天上的月亮，也像那闪烁的星星，可惜我不是诗人，否则，当写一万首诗来形容你的样貌你有点像天上的月亮，也像那闪烁的星星，可惜我不是诗人，否则，当写一万首诗来形容你的样貌,/Date(1621813931000+0800)/,0,4.286,0,0,0,0,0,0,0,0,0
70,251576481,携程上买便宜，但是总体性比价一般，个人觉得比较贵，里面有灯芯哈，很惊艳，跟真人一样，惟妙惟肖，家里老人喜欢照相，觉得很值,/Date(1618892489000+0800)/,0,4.285,0,0,0,0,0,0,0,0,0
71,34706777,头一次去蜡像馆，也不知道能看什么。去了才发现，人还不少，多数都是年轻人，还有不少带孩子一起来的游客。蜡像也是各行各业中外都有。政治家，知名企业家，大多数都是演艺明星。进来的游客都是冲着和蜡人照相来的。每个蜡像旁边都有小道具专门提供给游客，用于和蜡像合影造气氛。有些知名的明星蜡像旁边，排队照相的人更多，比如奥巴马、鹿晗，都设计了专门的场景，工作人员给游客拍照后，在出口处，可以交钱取照片。,/Date(1502732121000+0800)/,29,-9.948,1,0,1,0,0,0,0,0,0
72,94847193,"是一个人去的，很早就想来了，一直没时间
门票有三个档次，其实应该是一样的，我买的是豪华因为学生证150元，可以免费做手蜡不过底座需要10元或20元，还有另外的选择拍照，10点开门买票，很快就逛完了，不过有点失落没有看到鹿晗，不过有莱奥纳多，总体还是挺好的",/Date(1498631359000+0800)/,18,-1.516,0,0,0,0,1,0,0,0,0
73,169800002,比想象的小，但是家人还是感觉很开心，与明星近距离接触，有点儿意思，有机会我也去,/Date(1659256857000+0800)/,0,4.144,0,0,0,0,0,0,0,0,0
74,733888,漂亮，蜡像像真的一样，特别适合拍照,/Date(1614831785000+0800)/,0,0.714,0,0,0,0,0,0,0,0,0
75,201979593,北京杜莎夫人蜡像馆是值得一去的。,/Date(1644594239000+0800)/,0,0.107,0,0,0,0,0,0,0,0,0
76,75329313,【景色】很多名人蜡像，可以看看,/Date(1644766533000+0800)/,0,-0.43,0,0,0,1,0,0,0,0,0
77,212285577,北京杜莎夫人蜡像馆非常的漂亮。,/Date(1643471627000+0800)/,0,0.357,0,0,0,0,0,0,0,0,0
78,205074108,点个赞再说吧，还是很不错的地方,/Date(1638584119000+0800)/,0,3.8,0,0,0,0,0,0,0,0,0
79,40316223,很值得，居然有本尼！！！热播的白浅也在！！！在里面的时间过得很快！值得真的值得，可惜的就是网络票没有手册。位置很好找，工作人员很耐心，想到其他零点一提网络购票就嫌弃的眼神……真心寒。十分推荐,/Date(1491048400000+0800)/,29,-4.393,1,0,0,0,0,0,0,0,0
80,272372852,如果有喜欢的可以去，如果徘徊在想去和不想去的……建议网上看看图就行,/Date(1653118481000+0800)/,0,0.466,0,0,0,0,0,0,0,0,0
81,290362838,今天和姐们儿去杜莎玩，晚上的时候有特惠票，因怕特惠的票价有所区别所以问了一句，前台的姑娘白雪很细致为我们介绍了一下票价，并告诉我们没有区别很放心的买了两张联票，并告诉我们另一个馆的位置，服务很好，玩的也很开心！,/Date(1606746071000+0800)/,3,-0.587,1,0,0,0,0,0,2,0,0
82,114456064,这次逛杜莎夫人蜡像馆的感受很好 ，尤其是见到了我们艺兴，真的好真实，感觉就像是见到了真人一样，非常激动\(≧▽≦)/哦，其他的大咖也很像，感觉就是开了一个大趴体似的，以后还会来的哦。,/Date(1506927406000+0800)/,14,4.175,0,0,0,0,0,0,0,0,0
83,49159640,一个小时就游览完了，票价有些贵了，就在前门大街上，顺便去还凑合，专门去用不着。,/Date(1626497317000+0800)/,1,-9.41,0,0,0,0,0,0,0,0,0
84,55048544,挺好玩的   和真人大小一样 怀着对明星身高的好奇心去玩了一圈,/Date(1641688639000+0800)/,0,4.247,0,0,0,0,0,0,2,0,0
85,316713559,挺值得一去的，特别大，里面好多明星都非常逼真，很不错。,/Date(1633079966000+0800)/,0,4.215,0,0,0,0,0,0,0,0,0
86,41030940,蜡像不够多，但是很值得来.林丹做的不像，其他还可以.老舍做得好，还有鹿晗，黄晓明，去过上海的地方，蜡像比这里多，今天没有见着范冰冰，不知道为啥？总的来说还是很喜欢的地方。,/Date(1471938173000+0800)/,18,-8.221,0,0,0,0,0,0,0,0,0
87,304939166,挺好的，人也很少，有一种特别真实的红毯感觉,/Date(1616569210000+0800)/,0,4.106,0,0,0,0,0,0,0,0,0
88,167036616,总体超赞，有趣好玩，,/Date(1617532519000+0800)/,1,4.256,0,0,0,0,0,0,2,0,0
89,13996154,因为没去过香港的杜莎夫人，所以知道北京杜莎夫人开馆了，就迫不及待。14年的门票大概是170，我和小弟两个人去的。小弟刚高考完，凭学生证是半价。里面好像是3层，地方不是很大。一般连拍照在逛，3个小时最多。我拍了不少照片。感觉还行。如果没去过值得去看看。,/Date(1463816160000+0800)/,24,4.251,0,0,0,0,1,0,0,0,0
90,17553133,杜莎夫人蜡像共有三层，相比上海的国内明星不是很多，但是每个都拍完照逛完时也累的不行了，像是甄嬛，周杰伦做的很不像，国外的明星做的比国内像，还有我最爱的卷福。每个蜡像都可以随便拍照，唯独奥巴马不行，奥巴马旁边有工作人员，他给我们说免费拍照，我们就拍了几张，然后给我们一个小票告诉我们去二楼取照片，我们去取照片时又告知我们七十一张，我觉得既然要钱的话给我们说免费拍照不就是个幌子吗？,/Date(1445910658000+0800)/,46,-9.57,1,0,0,0,0,0,0,0,0
91,176433801,第一次逛蜡像馆，人物都很逼真，很新鲜很有趣，圆了和众多名人的合影，感觉很好！,/Date(1621221152000+0800)/,0,3.43,0,0,0,0,0,0,1,0,0
92,40766083,蜡像数量不少，看上去挺逼真，大部分蜡像还有专属的背景音乐，地方不是太大，慢慢逛一小时也足够了，另外，约翰尼德普有介绍，有照片，但是没找到蜡像，不知为何,/Date(1617360432000+0800)/,0,-6.133,0,0,0,0,0,0,0,0,0
93,251138836,总体超赞，最近人好少啊，感觉被我们两个人包场了，最后的工作人员超坏站那一动不动，我还以为是假的，结果突然活过来说了句你好，，，，，吓死我了！性价比高，景色不错，有趣好玩，,/Date(1604410411000+0800)/,1,4.285,1,0,0,1,0,0,2,0,0
94,87608671,学生票还是比较合适的，好开心的样子～虽然是自己一个人去的但还是感觉非常棒，内部蜡像很多，去的时候人不多，不需要排队，灯光景色非常好ヽ(⌐■㉨■)ノ♪♬,/Date(1516625001000+0800)/,12,3.953,0,0,2,1,0,0,0,0,0
95,274033823,有趣好玩，非常好玩，里面明星还挺多的，可以和喜欢的明星拍照！很出片！,/Date(1619958371000+0800)/,0,4.28,0,0,0,0,0,0,3,0,0
96,4462705,有趣好玩，但是交通并不便利，开车需要停很远，下车后交通指示基本没有,/Date(1620023447000+0800)/,0,4.041,0,0,0,0,0,0,2,0,0
97,47521099,玩了一个小时。特别棒。有几个不太想。赵本山最像！哈哈。特别开心。性价比也比较高。地方好找。就是没有返程，到三楼以后想回二楼看看，也去不了。东西落在了二楼。服务特别好。帮我们找了回来。开心,/Date(1449754850000+0800)/,19,4.286,1,0,0,0,0,0,1,0,0
98,15163161,除了规模小了点，其他挺好,/Date(1657110956000+0800)/,0,1.476,0,0,0,0,0,0,0,0,0
99,233371413,北京杜莎夫人蜡像馆真的不错，蜡像制作逼真，场馆很大。工作人员MAX全程陪同孩子讲解和拍照，服务特别周到。,/Date(1595995869000+0800)/,2,4.285,2,1,0,0,0,0,0,0,0
100,96993838,有很多明星，我妈说这么没有刘德华，其实没有，国外的明星普遍逼真一些，中国的部分逼真，赵丽颖的脸好小哦，不知道是不是测的她最瘦的时候，郭德纲太矮了,/Date(1497278453000+0800)/,20,4.28,0,0,0,0,0,0,0,0,0
101,185697026,从携程上预定的票，非常棒棒哒蜡像馆，适合拍照，值得推荐给大家！,/Date(1628829640000+0800)/,0,-9.676,0,0,0,0,0,0,0,0,0
102,204288154,"贵，值，人不多，有序！
值得推荐，
有趣好玩，
体验很好，
好多内容值得一去！不后悔。
地下一层到地上三层，可看的内容非常多，体验感强👍，小孩很高兴！",/Date(1602631613000+0800)/,0,4.149,0,0,1,0,0,0,2,1,0
103,1835310,北京杜莎夫人蜡像馆，位于北京前门大街。里面各种当红明星，有的做的非常好，很逼真，有的做的简直弱爆了，怎么看都不像，比如周董的。毕竟票价这么贵，慢慢逛慢慢拍照，别着急，玩透了再出来。那会科比还在，留个纪念吧。,/Date(1584200723000+0800)/,3,3.407,0,0,0,0,0,0,1,0,0
104,209621344,买的联票、总体感觉少了一些震撼的效果，觉得蜡像也不是很多，和大城小象买的联票、感觉要比蜡像馆震撼人心、但是整条街还是可以逛一逛，能体现老北京的韵味、饿了的话千万不要去庆丰包子家吃饭，不好吃，包子还只有套餐、人多没办法点包子、其他的饭主要是不好吃、因为在整条街就吃了这一家、所以不知道哪家饭店的饭好吃。,/Date(1549618480000+0800)/,7,-9.819,0,0,1,0,0,4,0,0,0
105,188206708,北京杜莎夫人蜡像馆，就在北京前卫步行街上。规模比我想像的小。但是人像很传神。,/Date(1603032704000+0800)/,1,3.804,0,0,0,0,0,0,0,0,0
106,85358411,很好的拍照地方，本来以为可能不会那么大，明星也不会太多，可是去了真心很好啊，里面可看的挺多的，外面还有甜馨儿去看的时候的视频，很好很好携程上买票也特别划算，关键是很不错很逼真呀,/Date(1507365094000+0800)/,15,4.279,0,0,0,0,0,0,0,0,0
107,232483073,持准考证享优惠，被惊喜到了👍,/Date(1624151674000+0800)/,1,3.717,0,0,0,0,1,0,0,0,0
108,101790474,首先位置特别好找。其次工作人员服务态度很好。很有礼貌。然后里面的各个蜡像都很逼真。还有互动区。各行各业的佼佼者都在里面。很值得一去,/Date(1505472950000+0800)/,30,4.25,3,0,0,0,0,0,0,0,0
109,13921119,非常值得去。可以与偶像近距离接触，还有互动项目。,/Date(1626015185000+0800)/,0,4.257,0,0,0,0,0,0,0,0,1
110,39981107,里面的人物造型特别好看，值得一去，人物也很多，环境特别好，人物形象特别逼真，还有很好玩的游戏，生动有趣，等有赵丽颖了，我还要来！,/Date(1492261901000+0800)/,12,4.286,0,0,0,2,0,0,2,0,0
111,19554217,面积很大，三层，分几个板块，好东西大部分做的很好，个别觉得不是很像，也许是我没见过真人，和媒体照片有点差别，很喜欢这里，票价小贵,/Date(1486056601000+0800)/,22,3.923,0,0,0,0,0,0,0,0,0
112,226302992,携程定的两张票，相比店内买便宜很多，蜡像馆拍照还是挺有意思的，总的三层楼，蜡像数量也不少，整体上还是不错的，主要是女朋友喜欢，,/Date(1620315620000+0800)/,0,-8.613,0,0,0,0,0,0,0,0,0
113,80931034,很好玩，分几个主题，人物一比一很形象，值得一看。在大栅栏步行街里，参观完还可以逛逛。,/Date(1601913311000+0800)/,0,4.285,0,0,0,0,0,0,1,0,0
114,218591485,非常好玩 孩子玩的很开心,/Date(1626396048000+0800)/,1,4.142,0,0,0,0,0,0,2,0,0
115,116961042,门票着实的不便宜，不过里面还是挺有特色的。,/Date(1622809203000+0800)/,0,3.073,0,0,0,0,1,0,0,0,0
116,51657386,很炫酷的地方，可以近距离看到“明星”！哈哈哈，有些特别像，有些不是很像，不过很有趣，有兴趣的小伙伴儿可以去看下，特别逗趣！,/Date(1501432465000+0800)/,24,4.267,0,0,0,0,0,0,1,0,0
117,26770588,地方不是很大，里面有普京，奥巴马，成龙，张艺谋，冯小刚，郭德纲，黄晓明，甄子丹，周杰伦，杰克逊，科比，梅西，姚明，赫本等。,/Date(1449383954000+0800)/,12,-6.947,0,0,0,0,0,0,0,0,0
118,98247232,这是我第二次去杜莎夫人蜡像馆，第一次去的是上海的，感觉比上海的杜莎小了很多，所以趣味性也就少了很多，整体上感觉一般般吧。,/Date(1633824869000+0800)/,0,-1.822,0,0,0,0,0,0,1,0,0
119,173078863,昨天带孩子去了杜莎，里面设备设施都很好孩子玩的很开心都快玩疯了不愿意出来，在三层蜡手台还制作了蜡手孩子的手膜，服务员白雪很贴心一直指导孩子，让孩子放松，很有耐心！做出来的成果很漂亮，孩子特别喜欢，还询问了中国的明星是在这里制作的么，白雪小姑娘说都是在国外做好后运送的所在的场馆，这才知道原来制作蜡像成本这么费，也难怪人家的门票贵点了！,/Date(1606745314000+0800)/,0,4.286,1,0,0,0,1,0,3,0,2
120,53109226,"记录一下北京杜莎夫人蜡像馆
看着展览，真的为你骄傲。
2012-2109年满满的兴意。
写下对你的心里话，我心中的实力音乐人张艺兴。
只要你好好的，开开心心的，平安健康。
兴迷对你的祝福都是对你的爱。
对了我和姐妹一起跳了解忧嘚瑟
would you be my honey？
我们陪你一起驶向大航海时代。",/Date(1565001972000+0800)/,15,4.286,0,0,0,0,0,0,0,0,1
121,968726,八错八错八错八错八错八错八错八错八错吧,/Date(1640181573000+0800)/,0,4.251,0,0,0,0,0,0,0,0,0
122,201979593,这里的蜡像做的特别精致，跟真人一样。,/Date(1635505174000+0800)/,0,3.058,0,0,0,0,0,0,0,0,0
123,116961042,做的都很逼真，就是门票稍微有点贵了，,/Date(1618995687000+0800)/,0,1.971,0,0,0,0,1,0,0,0,0
124,80931034,很好玩，人物一比一很形象，值得一看，在前门步行街里，出来后还可以逛逛步行街。,/Date(1601913636000+0800)/,0,4.254,0,0,0,0,0,0,1,0,0
125,212285577,这里的蜡像和真人一模一样，很精致。,/Date(1635498941000+0800)/,0,4.015,0,0,0,0,0,0,0,0,0
126,266004510,还是不错的地方，点个赞再说吧……,/Date(1639356312000+0800)/,0,3.722,0,0,0,0,0,0,0,0,0
127,204910300,和奥巴马先生交谈的很开心🤣🤣,/Date(1630144765000+0800)/,0,2.607,0,0,0,0,0,0,0,0,0
128,67652172,为了艺兴去的，非常的有趣，门口有很多艺兴的宣传，制作了艺兴同款手膜，有点烫姿势不太标准【笑】，张大佬真的很帅很白，一辈子不脱饭，1007张艺兴生日快乐。,/Date(1507361034000+0800)/,25,3.779,0,0,0,0,0,0,1,0,0
129,230195368,很好 之前觉得贵 这次用的携程的卡,/Date(1627109413000+0800)/,0,-5.864,0,0,0,0,0,0,0,0,0
130,209123313,有趣好玩，总体超赞，性价比高，,/Date(1621697534000+0800)/,0,4.284,0,0,0,0,0,0,2,0,0
131,88182587,体验很好，值得推荐，有趣好玩，,/Date(1601558307000+0800)/,2,4.234,0,0,0,0,0,0,2,0,0
132,85343624,清明节来这儿的人超级多，排队取票花了半小时，还是建议平时的时候来。只有三个楼层有蜡像，逛了一个小时左右也就出来了，蜡像数目有点少。没来过的可以看看，有蜡像制作过程的介绍。,/Date(1491204213000+0800)/,7,-9.998,0,0,1,0,0,0,0,0,0
133,8384685,服务很赞，但蜡像分布不均，地下一层和三层的蜡像还有各种场景搭配，第二层的蜡像就没有了，而且第二层的蜡像太多了，几乎不到2米就有一个蜡像放在那里，小朋友太多的话，容易在打闹时撞到，望改进~~,/Date(1494384526000+0800)/,6,-9.994,1,0,0,0,0,0,0,0,0
134,158424391,不错，刚进去孩子有些怕怕,/Date(1631247149000+0800)/,0,-1.231,0,0,0,0,0,0,0,0,0
135,2270259,挺好的！孩子们玩的很开心,/Date(1617615935000+0800)/,0,4.174,0,0,0,0,0,0,1,0,0
136,57823217,没有想象中惊讶，因为一致很期待，杜莎夫人蜡像馆在前门大街里，很好找，虽然蜡像人数少，但是制作的很逼真，外国蜡像居多。门票有些贵，网上套票也就便宜几十块钱。逛完蜡像馆倒是还能逛逛前门大街,/Date(1493907247000+0800)/,15,-9.995,0,0,0,0,1,0,0,0,0
137,53944676,拍照打卡点，场地不大。,/Date(1627701645000+0800)/,0,-5.725,0,0,0,0,0,0,0,0,0
138,109935272,总体来说还是挺不错的。,/Date(1625471758000+0800)/,0,4.179,0,0,0,0,0,0,0,0,0
139,308578672,可能是第二次来的原因，没有了第一次的惊喜，就是想带孩子再去做个蜡手，交了两百多的门票，蜡手是单独收费的,/Date(1616238377000+0800)/,0,1.22,0,0,0,0,1,0,0,0,0
140,44801192,非常好，人少，体验好,/Date(1636355633000+0800)/,0,-1.176,0,0,0,0,0,0,0,0,0
141,24263664,还可以吧，带孩子一起,/Date(1631775872000+0800)/,0,1.965,0,0,0,0,0,0,0,0,0
142,241354295,不错，人物多，值得去,/Date(1623808500000+0800)/,0,4.037,0,0,0,0,0,0,0,0,0
143,328617113,有趣好玩，总体超赞，,/Date(1622630962000+0800)/,0,4.256,0,0,0,0,0,0,2,0,0
144,120209086,有趣好玩，总体超赞，,/Date(1620198800000+0800)/,0,4.256,0,0,0,0,0,0,2,0,0
145,92827976,非常非常非常非常不错,/Date(1618734490000+0800)/,0,2.303,0,0,0,0,0,0,0,0,0
146,204833748,"今天上午十点逛的故宫和恭王府，差不多到下午三点转完，顶着大太阳挺不容易的。😑😑本来是想回住的地方，但太早了车费贵不舍得😂😂所以到杜莎夫人蜡像馆逛了逛。原本就是奔着蜡像馆去的，谁知道喝不起奶茶的我根本不晓得蜡像馆就在北京坊里边。
【趣味】",/Date(1599021505000+0800)/,1,-9.79,0,0,0,0,0,1,1,0,0
147,167482531,终于看到了心心念念的艺兴，特别赞，有工作人员帮忙拍照，有艺兴的新专辑namanana的mv特别喜欢特别酷，还有和艺兴互动的大屏幕，我还录像了嘿嘿嘿，和艺兴本人还是蛮像的，就是感觉他眉毛好浅，可以加深一下哈哈哈哈哈哈,/Date(1554099345000+0800)/,7,4.286,1,0,0,0,0,0,0,0,0
148,281728015,就在前门大街上，内容不多，半小时就逛完了，最后门卫有惊喜～,/Date(1619010329000+0800)/,0,-8.562,0,0,0,0,0,0,0,0,0
149,188206708,蜡像馆，位于前门大街，名人，名演员，国家领导人都是顶顶的,/Date(1611063922000+0800)/,0,-9.588,0,0,0,0,0,0,0,0,0
150,111126883,位置是在前门大街 因为五一期间人比较多，所以走马观花的看了一遍，也是慕名而来，总体感觉还可以 ,/Date(1620400775000+0800)/,0,-3.187,0,0,0,0,0,0,0,0,0
151,84509995,趁着今天艺兴生日，去蜡像馆看了艺兴~和本人好像啊！！好帅！！去的比较早，人不是很多，很适合拍照啊~ 大表姐的蜡像也好棒！气场两米八~作为国庆游玩的最后一站还是挺有意思的！,/Date(1507382214000+0800)/,15,-2.505,0,0,0,0,0,0,1,0,0
152,3000366,今天来到蜡像馆游玩感觉国内的明星做的差点，国外的较像，到三层有个服务员mya热情的回答了我们问题，出门口的“蜡像”可真是逗死了[呲牙]整体游玩不错,/Date(1606557938000+0800)/,1,-9.663,1,0,0,0,0,0,2,0,0
153,312405770,北京和上海都有杜莎夫人蜡像馆，两家的票价基本一样，但上海的馆比北京的馆几乎大一倍。,/Date(1622874075000+0800)/,0,-9.167,0,0,0,0,0,0,0,0,0
154,87150948,明星的蜡像都很逼真！！我和几个小伙伴玩的也特别开心！！而且还有三生三世十里桃花的姑姑简直是太美了！这一百多花的还真值！！希望以后有更多的中国人入驻杜莎夫人蜡像馆！,/Date(1491142481000+0800)/,6,0.031,0,0,0,0,0,0,1,0,0
155,30835471,位置位于前门步行街是个繁华的商业街非常的有北京特色位置很好找，蜡像特别多制作非常的精美网上购票和门店购票都非常方便，可以现场制作手模也设置了很多互动的拍照区，也会有专门的工作人员给拍照，去看蜡像是奔着来京旅游的张杰二号来的，非常感谢杜莎夫人蜡像馆不用再让我千里迢迢的去重庆了，悄悄告诉你们套票非常划算！,/Date(1560770553000+0800)/,8,4.07,1,0,0,0,0,0,0,0,0
156,40179617,前几日来到杜莎夫人蜡像馆，看到了自己喜欢的明星，服务员孟薛 特别的热情帮忙拍照！让我们游玩的很开心,/Date(1606736108000+0800)/,1,4.16,1,0,0,0,0,0,1,0,0
157,44631082,到北京出差，带家人一起游览了下，非常不错的一个地方！慢悠悠的玩了半天，推荐！,/Date(1589373008000+0800)/,0,2.096,0,0,0,0,0,0,1,0,0
158,55932589,朋友推荐去蜡像馆参观，果然蜡像做的栩栩如生。看到可以做蜡手很新鲜便做了一个，和做蜡手姓孟的女孩很投缘，制作的也很专业，好评！下次会带朋友一起参观。~~,/Date(1606665871000+0800)/,0,4.156,0,0,0,0,0,0,0,0,0
159,74204551,杜莎夫人蜡像馆一直是一个很热门的景点，但是大陆的门店人物太少，政治人物一个都看不到，有点不过瘾，如果要拍带劲的照片，还是需要到境外,/Date(1577267923000+0800)/,3,4.268,0,0,0,0,0,0,0,0,0
160,64764191,杜莎夫人蜡像馆真的很棒，尚雯婕，鹿晗，周杰伦，邓超，成龙，黄晓明，杨幂等明星。奥巴马，杨利伟，贝克汉姆的等伟人，总统，球星，公主王子等，就是价格略贵。,/Date(1471342470000+0800)/,25,4.284,0,0,0,0,1,0,0,0,0
161,81334174,孩子一直想来参观，这次趁着孩子放假，终于圆了这个梦！从外面看门面不大，进去以后真是内有乾坤，每个蜡像做的都是栩栩如生，来了一次和众多明星的近距离接触，拿起相机全程拍照留念。但是作为一个展览馆式的景点，门票价格确实有点小贵了。,/Date(1556841948000+0800)/,3,3.673,0,0,0,0,2,0,0,0,1
162,35968810,3月8日，我单位组织全体女职工赴北京杜莎夫人蜡像馆参观。通过对蜡像馆内中国精神、领袖魅力、音乐精灵、体育巨星等8个主题展区的参观，使全体女职工跨越时间界限，真切感受各个时期名人所处的时代、事件，体验东西方传统文化与现代艺术的碰撞与交融，是一次激动人心的奇异旅程，我们女职工在那里度过了一个快乐，温馨的节日。第一次零距离接触历史名人们，明星们，大家都争相与他们合影留念，感觉非常棒！蜡像馆十点准时开门，在携程上订票要比现场便宜20元，地点就在前门大街独一处北面一点，非常好找，交通方便，参观时间大概一个半小时左右，快点不到一个小时也可结束，我已经推荐给我的朋友们了！,/Date(1520578591000+0800)/,3,4.286,0,0,0,0,0,0,0,0,0
163,206637207,陪弟弟妹妹一起去玩，北京的杜莎不算大，人很多，所以会有点挤，建议在人少的时候去玩。   票价比较贵，希望可以为学生改善一点,/Date(1593342777000+0800)/,1,3.945,0,0,0,0,0,0,2,0,0
164,159234211,挺值得去的，尤其是一些喜欢一股名人的朋友，️️能有机会和个照，但本来以为有三尊Michael像的，多少还是有点小失落，但总体来讲还是好的,/Date(1515665971000+0800)/,6,4.277,0,0,0,0,0,0,0,0,0
165,225845387,带孩子比较合适，馆小如果不拍照半个小时都不用就出来了,/Date(1602076255000+0800)/,2,-0.556,0,0,0,0,0,0,0,0,0
166,41014710,还不错，各种大咖啥的，都挺逼真的，就是价格贵了些。,/Date(1615866058000+0800)/,0,3.783,0,0,0,0,1,0,0,0,0
167,226290424,不错，很多很像的，感觉挺喜欢，和上海的差不多，倒是学生证可以优惠不少，大学生们可以冲一冲的,/Date(1593624670000+0800)/,0,4.246,0,0,0,0,1,0,0,0,0
168,84675876,在前门步行街上。周一人很少，街上安静；周围极少的铺子开了门，才能避寒。馆内有点吵，一段一段配合着蜡像主题的音乐没完，喜静的人慎选。,/Date(1515406118000+0800)/,18,-1.906,0,0,0,0,0,0,0,0,0
169,188206708,北京杜莎夫人蜡像馆，能找准每一个人传神的地方，放大。起到了传神的目的值得推荐，体验很好，,/Date(1603033689000+0800)/,0,4.273,0,0,0,0,0,0,0,0,0
170,107569994,闲来无事和姐们吃完饭，蜡像馆溜达了一圈，还挺好玩的，服务员姐姐服务的非常周到，开心🥳,/Date(1606664807000+0800)/,0,2.738,2,0,0,0,0,0,1,0,0
171,281509235,不错，唯一遗憾的是周董出去巡展了，没看到😄,/Date(1601739469000+0800)/,0,0.544,0,0,0,0,0,0,0,0,0
172,17325618,前两天来北京旅游 特意去的前门的蜡像馆 。做拉手的小姐姐白雪真的好有耐心。做得好漂亮。,/Date(1606744413000+0800)/,0,3.13,0,0,0,0,0,0,0,0,0
173,344895933,套票性价比很高，景区互动***味性都很不错,/Date(1643193864000+0800)/,0,4.055,0,0,0,0,0,0,0,0,0
174,968726,北京杜莎夫人蜡像馆，是继上海杜莎夫人蜡像馆、香港杜莎夫人蜡像馆、武汉杜莎夫人蜡像馆之后，中国第四家杜莎夫人蜡像馆。该馆于2014年5月29日正式开幕剪彩，于2014年5月31日正式对外开放观看，位于北京市东城区前门大街步行街8号。该馆在5月29日开幕剪彩仪式上，也曝光了首批入驻该馆的名人，包括:鹿晗、杨幂、李小龙、黄家驹、迈克尔&amp;#183;杰克逊、奥黛丽&amp;#183;赫本、张国荣、周杰伦、吴奇隆、科比、黄晓明、冯小刚、孙俪、刘嘉玲、杨澜、威廉王子与凯特王妃、奥巴马、普京、玛丽莲&amp;#183;梦露、约翰尼&amp;#183;德普、布拉德&amp;#183;皮特、丹尼尔&amp;#183;克雷格、博尔特、李彦宏、尚雯婕、成龙、杜莎夫人、郭德纲、范冰冰、姚晨、张艺兴、刘涛、陈伟霆、白敬亭等各行各界中外名人。,/Date(1587092365000+0800)/,0,-7.515,0,0,0,0,0,0,0,0,0
175,1085255,在前门大街闲逛的时候，竟然无意中发现了杜莎夫人蜡像馆，原来我只知道上海和香港各有一家杜莎夫人蜡像馆，我倒是只去过上海的杜莎夫人蜡像馆。北京在这一家多了中国精神的展示区，里面有很多奥运冠军，我想这应该是北京杜莎夫人蜡像馆的特色吧。,/Date(1572428445000+0800)/,6,-2.183,0,0,0,0,0,0,0,0,0
176,86696209,携程买的票，进门直接兑票，会赠送一本书，可以留作纪念。关于蜡像，有的是真像，有的真不像，个人觉得黄渤渤哥和艺兴的真的很像，艺兴的迷妹可以来这里好好合合影啦。还有英女王，赫本，赵本山，小李子等等都还是很像的，杨洋杨幂的也不错哦，参观的时候会发现凯特王妃真的很漂亮，以前在电视上可能没仔细看。还有t台上的大表姐真的好有气场。孙俪，周杰伦，张国荣，赵丽颖的就真的很不像了。还有鹿晗和他的邮筒，看到很多妹子在合影，他的没有很像，不过也还可以的，有附照片。看其他的评价有看到吴亦凡的，不过我们去的时候没看到，貌似有很多会有变动吧。感觉蜡像有点少，还没逛过隐就没了，票价减到一半应该更合理。,/Date(1517929830000+0800)/,16,4.252,0,0,0,0,0,0,0,0,0
177,75686910,整体效果不错，性价比高，网上订票要便宜，地理位置也较方便，坐地铁下车步行十几分钟，顺便连逛街。从楼上开始，分不同区域，不同行业的明星，做的都很逼真，整体参观大约一个小时左右。大部分都是年轻人，带着小孩去的挺多，都是冲着照相来的，每个照相的区域比较宽场，比较合理化。,/Date(1507594741000+0800)/,4,4.286,0,0,0,0,0,0,0,1,0
178,114418803,超级想来，这次陪妈妈来北京玩终于来看我们家鹿晗了，超级开心，网上门票需要两个小时候才能用这是我不能接受的一点，少一点时间也可以，哈哈哈哈，蜡像都挺逼真的，而且数量超级多，地方也很好找，就在前门大街，有兴趣的人可以选购哦。,/Date(1503466755000+0800)/,2,-0.86,0,0,0,0,1,0,1,0,0
179,6508139,北京杜莎夫人蜡像馆当中陈列着很多名人，有古今中外的，有现代近代的跟蜡像合影，真的区分不容易，哪个是真人哪个是拉线了？,/Date(1602292658000+0800)/,0,4.231,0,0,0,0,0,0,0,0,0
180,205074108,一般般吧，反正不便宜，可以看看的,/Date(1630644843000+0800)/,0,-6.542,0,0,0,0,0,0,0,0,0
181,1923594,蜡像馆的位置方便易找，馆内人物形象栩栩如生，看照片吧；但是趣味性的游戏少。个人认为性价比不高，属于那类没看过蜡像的可以去看看的地方。,/Date(1495860509000+0800)/,9,3.787,0,0,0,0,0,0,1,0,0
182,266004510,还可以吧，可以去看看的，点个赞,/Date(1631237003000+0800)/,0,2.857,0,0,0,0,0,0,0,0,0
183,272868415,还原度70%－80%吧！性价比低，因为鹿晗去的，真心是不像😂😂😂,/Date(1604273800000+0800)/,0,-8.76,0,0,0,0,0,0,0,0,0
184,111640115,来北京最期待的就是蜡像馆，今天非常热，可是里面温度很清凉，转了一大圈，收获满满，都是明星同款，只是没有我最爱的薛之谦，希望赶紧到来，到时候再带着家人去,/Date(1501944038000+0800)/,4,4.285,0,0,0,0,0,0,0,0,0
185,88561445,还可以，就是没有更新太多,/Date(1621087179000+0800)/,0,-6.956,0,0,0,0,0,0,0,0,0
186,38582581,一般般，地方不大，蜡像还算逼真，但是不多，也没什么有趣的玩法，一会儿就走完了，整体性价比不高有待改进，,/Date(1623574536000+0800)/,0,3.388,0,0,0,0,0,0,2,0,0
187,40309837,蜡像逼真，环境灵动！,/Date(1627693798000+0800)/,0,-5.843,0,0,0,1,0,0,0,0,0
188,84246759,景色不错，有趣好玩，,/Date(1620019420000+0800)/,0,4.261,0,0,0,1,0,0,2,0,0
189,227556421,"从很早就知道杜莎夫人蜡像馆了，一直没有机会，这次来北京，打听到北京新开了一家杜莎夫人蜡像馆，在前门大街，就专门来这买票参观了。
总体来说，虽然性价比一般（主要是票太贵了），但总体参观感受还是很棒的，而且这种感受是其他景点都无法替代的",/Date(1576679096000+0800)/,1,4.279,0,0,0,0,0,0,0,0,0
190,3360157,携程订票很方便，不过两小时后取钱之前得算好时间，而且是两小时按秒算的取钱，我们没有考虑周全，就在前门逛了逛，也不算浪费了时间。过年期间人少，一小时就够与所有喜欢的明星拍照了，值得一去。68购的学生票，值了，哈哈,/Date(1518952917000+0800)/,1,-9.987,0,0,0,0,0,0,0,0,0
191,105912337,推荐大家在携程上买票啊~~便宜很多，而且特别有意思，人也不多，拍照圣地，蜡像还是比较逼真的，而且名人也很多，逛完可以在前门大街游玩，很有趣。,/Date(1504276633000+0800)/,4,2.049,0,0,0,0,0,0,2,0,0
192,94009000,出了国博就来这了，本着鹿晗来的本山大叔做得巨像！还有些外国明星也是超级像！去了一次真是流连忘返呢。,/Date(1495460919000+0800)/,6,2.276,0,0,0,0,0,0,0,0,0
193,63667813,北京杜莎夫人蜡像馆位于前门大街。馆内陈列了部分国家首脑人物，中外演艺明星和体育明星等60多尊蜡像。蜡像馆内人物维妙维肖，栩栩如生。游客可以触摸蜡像，可以拥抱蜡像，可以和蜡像合影。,/Date(1478477853000+0800)/,2,-9.999,0,0,0,0,0,0,0,0,0
194,24559977,去过其他杜莎夫人蜡像馆，门票不便宜，地方也比较小，趣味度和互动的设备非常少，小朋友不太感兴趣。,/Date(1626686162000+0800)/,0,1.524,0,0,0,0,1,0,1,0,1
195,225374904,冬天很适合这种室内娱乐，地铁前门下车位置也很好找。前台白雪服务态度不错。性价比高可玩性挺高。,/Date(1606745210000+0800)/,0,4.277,2,0,0,0,0,0,2,0,0
196,1129212,北京杜莎夫人蜡像馆一家非常不错的蜡像馆，馆内有许多国内外名人及影视和体育名人的1:1的蜡像，形象逼真，唯妙唯悄，来北京打卡之地。,/Date(1577627968000+0800)/,0,-9.99,0,0,0,0,0,0,0,0,0
197,100070575,对于男性同胞来说值不值得去，取决于你陪的那个姑娘喜不喜欢这里，她喜欢就值得。唯一让我感到遗憾就是没有张学友的蜡像，学友粉在这里,/Date(1515407733000+0800)/,6,4.279,0,0,0,0,0,0,0,0,0
198,290360510,这种内室的展真的超适合冬天来看。  位置也很好找。 前台的白雪，热情服务 。人物也很逼真。,/Date(1606744768000+0800)/,0,3.731,1,0,0,0,0,0,0,0,0
199,153429122,"买的通票二百多块钱，大城小像、蜡像馆、前门大街，一起都逛了，上午九点出门到下午三点就逛结束了，正好迎着阳光的时段暖洋洋的，临春节腊月二十六，很热闹，有春节气氛，孩子很多，建议大家去玩，前门地铁站出来走五分钟就到。
雷佳音的蜡像好有喜感啊，喜欢。",/Date(1579509521000+0800)/,0,3.903,0,0,0,0,0,0,1,0,0
200,36218441,跟其他蜡像馆也是大同小异，里面的人不是很多，交通方便，就是场馆还真的是有点少，门票一般贵吧，还好工作人员的服务态度还不错，都会说主动帮忙拍照，里面有运动员，明星，政治人物等等，人物做得很逼真，一些很细微的方面也注意到，可以和自己心心念念的明星来个亲密接触，这个可是很兴奋的喔，可以好好地留个纪念。,/Date(1572786887000+0800)/,4,4.286,3,0,0,0,1,0,0,0,0
201,71214865,携程上购票比现场买票便宜，不过要买完过两小时才能用，最近蜡像馆有两人同行一人免单的优惠政策。蜡像馆就在前门大街上，挺好找的，离地铁前门站和珠市口站都挺近的。里面的蜡像很逼真，就是小鲜肉有点少啊，要是能增加一些小鲜肉就好了，大概走走拍拍40分钟就能逛完了。,/Date(1517381064000+0800)/,0,-10.0,0,0,0,0,1,0,0,0,0
202,104240002,在携程上看到本来觉得门票有点贵，但和门市价比起来便宜很多了，蜡像大部分感觉挺像的，最像的要数本山大叔和美猴王了，一些蜡像旁边还有合影用的道具，要是种类再多些就更好了，慢慢悠悠在里面转了两个小时，也很值了。,/Date(1517133366000+0800)/,0,-4.431,0,0,0,0,1,0,0,0,0
203,91515711,"非常开心的一次旅程，提前在app上预定了门票，现场很快就入场了，很方便快捷。
早就知道蜡像馆里很好玩，可是一直都没有机会来，这次趁着十月一的假期终于如约而至。
节假日人肯定少不了，对于这一点早就有心理准备，不过也没有人山人海那么离谱，其实人多点玩还是挺有意思的。
里面的蜡像很逼真，甚至你不经意回头会以为是游客，哈哈哈
见到了一直喜欢的明星蜡像，据说身高体重什么的都是按照真实的样子仿制的，甚至能看到腋下毛
评论后还能返现真的很实惠，以后出游都要提前在网上订好！",/Date(1507372278000+0800)/,2,4.146,0,0,2,0,1,0,2,0,0
204,99629876,"真的超级赞，就是我们去的时候是在11点左右，人有点多。感觉大部分都是很逼真的。其实最主要的是去看张艺兴，真的超级像。还有三层鹿晗有一个壁咚的场景也超级棒。刘雯走秀的那个也超有感觉。
一层进去之后好多都是伟人，有老舍，梅艳芳，张艺谋，杨利伟，李彦宏，好多好多。然后就是坐电梯上三层，三层主要是音乐区，影视区，还有武打的甄子丹，成龙大哥，李小龙。音乐区，周董那个不太像，其他的都很逼真。二层就是一些名人，时尚区很有看头，可以自己拍出大片的感觉。
总的来说很值得一去",/Date(1507296899000+0800)/,0,4.045,0,0,0,0,0,0,0,0,0
205,112501456,网上订票有优惠，但是行程有变退了。第二天到现场买的票，大人180、小孩110，够贵的。名人蜡像做工都是不错的，个别服装劣质了些。共三层，几十个人物。就是看着拍拍照，互动性、趣味性差了点。进去一次看看就可以了。,/Date(1503316121000+0800)/,6,-10.0,0,0,0,0,1,0,1,1,0
206,104956611,"杜莎夫人蜡像馆 给人很震撼的感受，将人像做的如此逼真，令人佩服！从地下一层到三楼，再到二楼，不同的场景变换随着音乐一起变换，让人走进一个主题便立即融入进去。蜡像旁的中英双语简介也让人能够在欣赏蜡像的同时得到更多关于人物的认识，很好！
Madame tussauds is very impressive, and the portrait is so lifelike, it is admirable! From the ground floor to the third floor, then to the second floor, the different scene transformation changes with music, so that the person enters a theme and immediately melts into it. The Chinese and English bilingual synopsis of the waxworks also allows people to appreciate wax figures and learn more about the characters. Good!",/Date(1500615656000+0800)/,0,4.285,0,0,0,0,0,0,0,0,0
207,53582903,特别棒，和朋友定的学生票，在网上预定要两个小时之后再去，所以要提前预定啦，去了才知道所以就先去故宫逛一圈啦，在馆中中途手机没有电了还有可以免费充电的地方真是一级棒！还有！蜡像馆里的WiFi真的好快！开始的时候照了几百张手机内存不够了还好wifi快都上传到百度云盘里了，然后清空手机继续照哈哈！在蜡像馆里待了三个小时，快闭馆才出来哈哈，没有看到鹿晗的蜡像有点小遗憾，赵丽颖太太太美了！好评！！,/Date(1495503432000+0800)/,2,-9.977,0,0,0,0,0,0,0,0,0
208,89529919,北京杜莎夫人蜡像馆是继香港、上海、武汉后在中国开设的第四个场馆。2014年5月底落成在前门大街，蜡像馆相对上海的目前蜡像数量还不够多，展出有40余尊名人蜡像，按电影、体育、领袖、音乐等8个主题区分类展示，其中“中国精神”展区是北京馆独有的，最新的一尊蜡像是今年4月29日由六小龄童饰演的孙悟空“美猴王”蜡像展出，这是杜莎百年历史中神话形象的首次入驻。蜡像馆开放时间为10:00至21:00，晚上7点后就不卖票了，最好是5、6点后去，2小时参观已非常足够，室内游览白天或晚上去区别不大，出来还可在前门大街逛下和吃饭。很适合拍照。,/Date(1492876653000+0800)/,4,-10.0,0,0,0,0,0,1,0,0,0
209,50402020,非常值得去的地方。 一开始俩个小伙伴还在犹豫去不去。当我们觉得进去玩儿的时候那就撒欢了根本都搂不住了。 刚开始进去的时候会有点害怕， 因为实在都是太逼真的蜡像，而且你不知道下一刻会出现什么。 走一会儿就会好一点。 再之后就是搂不住了。 里面非常的好玩儿。 到最后竟然会累。 场馆很大。人物也非常多。 内容非常精彩。,/Date(1459833295000+0800)/,2,-9.989,0,0,0,0,0,0,2,0,0
210,96597028,在前门大街上，位置还是比较显眼的，提前网上订票比较实惠，里面却还是很有意思的,/Date(1598436955000+0800)/,0,3.654,0,0,0,0,0,0,0,0,0
211,97337042,好多喜欢的明星蜡像都在里面，制作很逼真，还可以试穿衣服拍照；有兴趣的朋友还可以现场制作属于自己的蜡像模型，二楼还有伴手礼，喜欢的，就搬一座奥斯卡小金人回家吧,/Date(1497921425000+0800)/,4,3.255,0,0,0,0,0,0,0,0,0
212,86345488,国际名人，社会焦点人物，这里都有，蜡像馆也是个艺术馆。,/Date(1608823067000+0800)/,1,2.731,0,0,0,0,0,0,0,0,0
213,9057278,值得一去，不错。拍照也很棒。各路大神不说全部，很多都齐了，和奥巴马拍照的地方很赞，取照片价格略贵，好玩，也无所谓了。边上的大城小像也挺好玩，做的很精致，进去就是一部千年历史。,/Date(1538574879000+0800)/,1,4.286,0,0,0,0,1,0,2,0,0
214,182449802,"赫本、朱莉、梦露、GAGA、温斯莱特，大美女很多！
德普、小贝、小李子、皮特、谢耳朵，总有一款是你喜欢的！
很喜欢卷福！刘涛像很逼真！印象深刻的是杜莎夫人像！
游玩不累，又能带给人新鲜感，值得一去！",/Date(1532829036000+0800)/,0,4.286,0,0,0,0,0,0,1,0,0
215,12164423,地方不大，世界人物多，中国人物少，有的挺像的，有点意思，价格也不贵，网上订票便宜，要提前2小时，我去的时候人不多，不用跟团去，就是前门，顺道可以转下前门,/Date(1497753783000+0800)/,2,-3.838,0,0,1,0,1,0,0,0,0
216,172561529,北京最好的腊相馆，名人非常多。,/Date(1605107161000+0800)/,2,-0.248,0,0,0,0,0,0,0,0,0
217,96597028,地点在前门大街上，还是比较好找的，蜡像比较多，基本都有，适合拍照打卡,/Date(1606866441000+0800)/,0,-9.025,0,0,0,0,0,0,0,0,0
218,230346104,没有意思啊，有很多的明星，跟历史人物呢，惟妙惟肖，不错的一个蜡像馆。,/Date(1591840797000+0800)/,0,4.059,0,0,0,0,0,0,0,0,0
219,68503114,来北京别的地方可以不去，但这里必须必须必须去。主要是为了看我大SHE。各种名人明星，中国的外国的。真的很真，真到我不敢摸。很好很棒很喜欢。还做了一只我自己的手，胖胖哒。,/Date(1478677831000+0800)/,3,3.963,0,0,0,0,0,0,0,0,0
220,53231857,门票价格不便宜，有许多中外明星的蜡像可观看，从前门大街进入没多远就是蜡像馆，地方不大，里面的游客不多，外面的拍照的人不少。有机会进去看看也不错。,/Date(1491731912000+0800)/,4,-3.639,0,0,0,0,2,0,0,0,0
221,9088265,在前门大街里，很惊艳，很逼真，还有动态真人模拟动画可以拍照,/Date(1595041645000+0800)/,0,4.242,0,0,0,0,0,0,0,0,0
222,118031524,非常棒的一次体验！到了门口，直接拨打前一天给我发送通知短信的电话，工作人员就在门口候着，带领我进入，都很顺利。进入之后指示图也非常清晰，很热门的蜡像还有专门的工作人员负责拍照哦～,/Date(1543146209000+0800)/,0,-7.992,2,0,0,0,0,0,0,0,0
223,87947819,里面的蜡像做的很像，和真人一模一样大部分！没有和偶像近距离接触过，和蜡像拍个照还是不错的！浏览的时间短点，也就半个小时,/Date(1491780043000+0800)/,3,2.889,0,0,0,0,0,0,0,0,0
224,6508139,蜡像馆里面有很多栩栩如生的蜡像，如同真人一般，特别有趣。,/Date(1593562736000+0800)/,0,3.369,0,0,0,0,0,0,1,0,0
225,111823565,很好！！一直想去蜡像馆，这次趁假期终于去了，蜡像做的很逼真。见到了我心心念念的四爷(&gt;_&lt;) 还有艺兴哈哈 开心！网上买票便宜还方便，不错！,/Date(1507902667000+0800)/,2,4.194,0,0,0,0,0,0,0,0,0
226,106835742,"很棒很棒很棒很棒很棒很棒
【景色】
【趣味】
【性价比】高",/Date(1605934973000+0800)/,0,4.286,0,0,0,1,0,0,1,0,0
227,24910701,值得看看。有点老气了，现在人们对它的兴趣没那么高了。,/Date(1587531797000+0800)/,0,0.414,0,0,0,0,0,0,0,0,0
228,5305526,非常棒的一次体验。是一个拍照玩的好地方。在里面玩的很开心。杜莎夫人蜡像馆绝对是一个有内涵的地方。以后还会再来玩。,/Date(1560191705000+0800)/,3,4.125,0,0,0,0,0,0,3,0,0
229,46005685,值得去，蜡像非常逼真，而且还有体感游戏，超级逗，还能做腊手，适合情侣去玩,/Date(1448516502000+0800)/,1,2.135,0,0,0,0,0,0,1,0,0
230,331984466,蜡像有个别的不太像，体验感一般，门票150感觉不值,/Date(1627373039000+0800)/,0,-9.518,0,0,0,0,1,0,0,0,0
231,115873503,第一次去蜡像馆，人物塑造的都很逼真，学生票98一人还挺值得的，人物很多馆场挺大的，当然最重要的就是拍拍拍啦，总之很满意的一次游玩！,/Date(1504355823000+0800)/,2,3.977,0,0,0,0,0,0,1,0,0
232,170925981,蜡像真的各行各业各种名人都有，很喜欢去蜡像馆拍照，所以去了有蜡像馆的城市，都会去看看的！北京的蜡像馆也很逼真的！去了要多拍照啊！,/Date(1579254969000+0800)/,0,-9.888,0,0,0,0,0,0,0,0,0
233,309236402,还好叭，感觉就是看一看而已，可能这方面造诣不高,/Date(1624858706000+0800)/,0,0.604,0,0,0,0,0,0,0,0,0
234,41869468,蜡像馆很好找，蜡像做的很好，很逼真！值得一去！,/Date(1445340276000+0800)/,2,-2.507,0,0,0,0,0,0,0,0,0
235,59691162,去两次了、很好玩、多了几个新的蜡像、互动的道具也有增多、环境也很好、这次是带老人去的、玩的很开心、多些能休息的设备就更好了、,/Date(1584061886000+0800)/,0,4.194,0,0,0,1,0,0,2,0,1
236,38478630,景点就在前门大街，里面很凉快，很多很多名人，孩子非常的喜欢。蜡像馆不大，分为三层区域参观。我特别喜欢孙俪那个，做的甄嬛传里面的形象。值得去玩！,/Date(1566738214000+0800)/,1,4.07,0,0,0,0,0,0,1,0,0
237,182817346,杜莎夫人蜡像馆是我去北京的第一站，还偶遇陈伟霆，别提多开心了，里面杨幂，周冬雨，刘涛等美女都美极了，不过邓超，鹿晗等男士自己感稍逊一筹，还有就是前台售票小哥很帅气,/Date(1531097704000+0800)/,4,3.935,0,0,0,0,0,0,0,0,0
238,44749960,很不错，大多很逼真，也很有意思，可以随意拍照，各个领域的明星。就是里边东西超级贵。,/Date(1446037687000+0800)/,2,4.286,0,0,0,0,0,0,0,0,0
239,15430341,可玩性低，有待改进，景色一般，性价比低，,/Date(1616336890000+0800)/,0,-4.053,0,0,0,1,0,0,1,0,0
240,121000060,只能说一般般吧，看了也没啥特别的感觉！！！！！！！！！！！！！！！！！！！！！！！！！！！！！！！！！！！！！！！！！！,/Date(1594098719000+0800)/,0,-9.252,0,0,0,0,0,0,0,0,0
241,158098400,蜡像也是各行各业中外都有。政治家，知名企业家，大多数都是演艺明星。进来的游客都是冲着和蜡人照相来的。每个蜡像旁边都有小道具专门提供给游客，用于和蜡像合影造气氛。有些知名的明星蜡像旁边，排队照相的人更多，比如奥巴马、鹿晗，都设计了专门的场景，工作人员给游客拍照后，在出口处，可以交钱取照片。,/Date(1517440574000+0800)/,0,-9.918,1,0,1,0,0,0,0,0,0
242,68913784,蜡像有的非常逼真，小部分则明显粗糙，不知何故？孩子玩儿的很兴奋，平时不爱照相，在那里主动要求照相，拍了很多。网上订票，两小时后才可取票，我们去了才想着从网上买票，等不及了，一大人一小孩270，网上228。供大家参考。,/Date(1488199917000+0800)/,6,-9.995,0,0,0,0,0,0,1,1,0
243,40760352,个人是很喜欢的，只是门票感觉稍贵了些，不过既然出来玩了，不差那点钱，开心就好！,/Date(1519391045000+0800)/,4,-2.641,0,0,0,0,1,0,1,0,0
244,343086960,很多有意思的明星蜡像，很适合拍照打卡,/Date(1645193063000+0800)/,0,2.504,0,0,0,0,0,0,0,0,0
245,197683921,"带孩子去的，还不错
【性价比】
【趣味】",/Date(1591685294000+0800)/,0,4.26,0,0,0,0,0,0,1,0,0
246,195413297,特别好玩，非常形象生动有趣。推荐一下,/Date(1590023299000+0800)/,0,4.193,0,0,0,0,0,0,2,0,0
247,59264123,带着家人去的，大家都很开心。推荐,/Date(1607787836000+0800)/,0,3.546,0,0,0,0,0,0,0,0,0
248,11811417,工作人员孟薛服务态度很好很热情,/Date(1606739107000+0800)/,0,4.231,3,0,0,0,0,0,0,0,0
249,968726,这地方还不错哦，值得去玩一玩呢,/Date(1595000604000+0800)/,0,4.016,0,0,0,0,0,0,2,0,0
250,77437683,挺好的啊漂亮工作人员态度也很好,/Date(1593903169000+0800)/,0,4.065,2,0,0,0,0,0,0,0,0
251,87104187,挺好的，做的都挺真实的，到个别明星，里面有工作人员还会给拍照，有3层，一楼三楼好多蜡像明星，二楼可以选照片，还有纪念品，最后到乔布斯蜡像就结束哦了。,/Date(1491376965000+0800)/,0,-1.81,1,0,0,0,0,0,0,0,0
252,69249756,位置很醒目，前门大街上，共三层楼可以参观，蜡像比例1:1还原，大部分都非常逼真，有种真人就在你身边的感觉，可供大家留念拍照，就是门票有点小贵……,/Date(1502474871000+0800)/,2,4.094,0,0,0,0,1,0,0,0,0
253,230078706,人特别多，排队N小时！,/Date(1588848460000+0800)/,0,-6.747,0,0,1,0,0,0,0,0,0
254,12925551,不仅为中外游客提供了与世界级明星们的零距离互动体验，还融入了北京当地的传统特色，充分体现了中西方文化与现代艺术的完美交融 。,/Date(1564062550000+0800)/,1,4.285,0,0,0,0,0,0,0,0,0
255,982051,挺好玩的，正好赶上一个周六的下午，人也不是很多，可以随意照相，也不用排队，蜡像做的很逼真，不少蜡像旁边还有可供拍照的道具。,/Date(1512347616000+0800)/,1,2.961,0,0,1,0,0,0,1,0,0
256,117901260,如果有自己特喜欢的idle 建议去一下，我去的时候很幸运，门票好像100左右，当时提前2小时在网上订150，到现场之后，前台说当天门票优惠，然后帮我网上退票，现场买票，总之，还是很开心,/Date(1510965657000+0800)/,2,-9.966,0,0,0,0,3,0,0,0,0
257,54265939,去过上海的杜莎夫人蜡像馆，据说每个地方的蜡像都不一样，看到了鹿晗和张艺兴的蜡像，很开心，还留了照片。可能是淡季人较少，可以随意照相，感觉不错。,/Date(1509188028000+0800)/,0,-6.108,0,0,0,0,0,0,0,0,0
258,119078100,感觉还是很值得一去的，蜡像做的很逼真，并且场景很丰富，也有很多好玩的游戏。还可以打印照片，总之留下了很好的印象。以后等李易峰入驻一定要再去一次,/Date(1506991902000+0800)/,0,4.261,0,0,0,0,0,0,1,0,0
259,231542439,杜莎夫人蜡像馆还好吧，但是没有上海的那个杜莎夫人蜡像馆人物多，鹿晗不像，成龙不像，杨幂不在，没有香港四大天王，除此之外还不错吧。郭德纲 ，李冰冰，赵丽颖，黄渤，刘涛，奥黛丽赫本，博尔特，乔布斯，皮特，迈克杰克逊很像。,/Date(1564380776000+0800)/,1,4.278,0,0,0,0,0,0,0,0,0
260,158203856,有一些蜡像没看到不知道是没开放还是没逛到，里面就是一条路线不会重复走这点很好，网上订票要两个小时以后才可以用，所以要记得提前订，人就一般的多但是拍照还是蛮困难，因为都要合影，里面可以做手模，应该是一百多的样子，真的觉得做的还是很细致，因为眼睛皮肤什么的很有感觉的，但有些还是会很明显觉得不像真人，哈哈,/Date(1525259172000+0800)/,1,1.561,0,0,0,0,0,0,0,0,0
261,91246768,为了杨洋买的票 馆里蜡像挺多的 不过多数都是外国人 外国人的蜡像做的都比较好 中国人可能是因为五官不够立体的原因 都挺一言难尽的 成功见到了杨洋超满意的,/Date(1500736707000+0800)/,0,3.621,0,0,0,0,0,0,0,0,0
262,89139195,总体来说场馆还是挺大的，在里边一路拍照，蜡像的还原度也很高，好多蜡像旁边还有道具可以使用，不错的体验,/Date(1492009480000+0800)/,2,4.249,0,0,0,0,0,0,0,0,0
263,92656773,我是周一去的，人不多，哈哈哈哈哈哈哈所以有机会和我爱豆大拍特拍啦！场馆很干净，服务人员态度也特别好，会询问需不需要拍照。体验不错，建议去。,/Date(1512456430000+0800)/,0,4.281,2,0,1,0,0,0,0,0,0
264,101344639,非常好，可以莱昂纳多蜡像在维护，就是奔着他去的非常好，可以莱昂纳多蜡像在维护，就是奔着他去的非常好，可以莱昂纳多蜡像在维护，就是奔着他去的,/Date(1499319427000+0800)/,4,-9.948,0,0,0,0,0,0,0,0,0
265,57139190,到了北京是一个很不错的地方，一定要去看看杜莎蜡像馆里的蜡像,/Date(1463904434000+0800)/,4,-6.006,0,0,0,0,0,0,0,0,0
266,5622901,第一次去蜡像馆，还是可以的，和各路明星合影，电视明星，体育明星，外国明星等等，上图自己看，游览的过程很快乐，没去过的朋友可以考虑去游玩！,/Date(1564483174000+0800)/,0,3.496,0,0,0,0,0,0,1,0,0
267,149625981,特别好玩，人都很活的一样，那眼珠做的简直太逼真了，真的是超值，我跟每个人物都合影了一张，哈哈哈哈,/Date(1507007990000+0800)/,2,4.211,0,0,0,0,0,0,1,0,0
268,106336939,我是下午去的，到那兑换票就进去了，蜡像很不错，只是感觉有点少还没看过瘾就出来了，很值得去的地方。,/Date(1500624707000+0800)/,2,-0.896,0,0,0,0,0,0,0,0,0
269,51060105,第二次去。新增很多新蜡像。虽然没看到小骨。但是看到张PD高兴。好评，好评！,/Date(1524566152000+0800)/,3,-9.787,0,0,0,0,0,0,0,0,0
270,78480274,北京杜莎蜡像馆位于前门大街，交通比较方便，室内蜡像不是很多，比较少，但是蜡像做的都还可以，建议实地看下，感觉不同！,/Date(1490766140000+0800)/,1,-9.956,0,0,0,0,0,0,0,0,0
271,45601736,太像了，太美了，里面还是值得年轻人去见识见识，不只是为明星，也为蜡像制作这种工艺去见识见识，黄渤、周冬雨还有国外的人物做的超级逼真。,/Date(1578744856000+0800)/,0,4.285,0,0,0,0,0,0,0,0,0
272,185234554,从进去到出来一共用了大概一个多小时吧，里面的蜡像做的都很逼真，就是赶上节假日人比较多，拍照都要排队，总体来说还是不错的，推荐去参观！,/Date(1534084427000+0800)/,0,4.058,0,0,1,0,0,0,0,0,0
273,78010739,非常好玩非常有趣不用排队周末人也不多 鹿晗和奥巴马有专门设置了合照区有工作人员帮照相！很真实的蜡像 东方神起也很帅 总之是开心的一天www,/Date(1511162603000+0800)/,0,1.223,1,0,1,0,0,0,2,0,0
274,190677228,就在前门附近，里面不大。还好有三层，个人觉得并不是太像。不过，我也没有见过真人，也是电视里见过，趣味性还是可以。没有去过可以去一次。不过，不会再去第二次了。性价比也一般。,/Date(1535300254000+0800)/,0,-6.234,0,0,0,0,0,0,1,0,0
275,78862247,总体来说还是比较满意的，去了好几个地方，孩子最喜欢这个地方，还说这个地方来对了，孩子可以喜欢的明星拍照。下次来北京还要来这个地方。,/Date(1518086640000+0800)/,0,4.081,0,0,0,0,0,0,0,0,0
276,243507244,里面会有很多明星，其中有很多和真人没什么区别，有一些蜡像和真人还是有一定差距，不过也非常真实了，值得去看一下，前提是经济还可以哦,/Date(1574556758000+0800)/,0,4.283,0,0,0,0,0,0,0,0,0
277,83351520,坐地铁去很方便，里面的蜡像不少。都是按真人的比例塑形的。乔帮主好高，毛发皮肤做得细致。还有房地产业大亨潘石屹，惟妙惟肖。梅西在灯光下太逼真了。吴奇隆就逊色些不是特别像。,/Date(1560143311000+0800)/,2,4.15,0,0,0,0,0,0,0,0,0
278,40432268,还行吧！过年回北京家里，孩子突然提出要去的，提前携程购票有优惠。三层，稍微感觉小一些，估计平时游客不会太多。,/Date(1550566815000+0800)/,1,-8.621,0,0,0,0,1,0,0,0,0
279,67543720,整体感受还是很不错的。自己来逛的杜莎蜡像馆，蜡像分布在四层楼，很逼真，很适合拍照。不过还是建议两人或两人以上来，能更方便的拍照。,/Date(1545053357000+0800)/,0,4.017,0,0,0,0,0,0,0,0,0
