,uid,comment,date,like,sorce,#服务方面#cnt,#导游方面#cnt,#人流方面#cnt,#景色方面#cnt,#价格方面#cnt,#饮食方面#cnt,#娱乐方面#cnt,#儿童方面#cnt,#设施方面#cnt
0,4572617.0,皇极门是宁寿宫区的正门 是一座依墙而建的三间七楼垂花门式牌楼门，有主楼、夹楼、次楼和边楼，高低错落，气势恢宏，形制独特，堪称紫禁城内琉璃门之冠。,/Date(1678506564000+0800)/,1,1.811,0,0,0,0,0,0,0,0,0
1,27025856.0,天气睛朗的日子里，来到了人山人海的故宫参观，进去之后眼前都是雄伟壮观的建筑，个人马上就显得特别渺小，里面太大了，要逛完估计得一整天，逛了一会儿就去了最喜爱的珍宝馆，里面的珍宝太美了，古人的工艺和智慧被体现的淋漓尽致。,/Date(1680691492000+0800)/,0,4.286,0,0,1,0,0,0,0,0,1
2,4572617.0,故宫博物院珍宝馆里的珍品，点翠嵌珍珠宝石三金龙两凤冠，出土于明定陵，主人是孝靖皇太后；金嵌珍珠皇后冬朝冠，是清代皇太后、皇后冬季所戴朝冠；金累丝嵌珍珠宝石五凤钿，是清代皇后和嫔妃平时所戴的便帽。,/Date(1679132249000+0800)/,0,4.286,0,0,0,0,0,0,0,0,0
3,220468785.0,非常感谢风采旅行社景淼导游，服务非常周到，我们玩得很开心，他辛苦了，这几天能看出来他都是非常尽心尽力得在为我们服务，他的讲解也非常的有趣，希望下次来还是由景淼来接待我们。,/Date(1674638787000+0800)/,0,4.286,2,2,0,0,0,0,2,0,0
4,5285012.0,"故宫博物院收藏的清代宫廷珍宝，大部分是出自紫禁城内掌管营造的机构——造办处奉旨制作的，还有一些则是逢年节庆典时地方官吏的朝贡品。这些珍宝大都选用金、银、玉、翠、珍珠及各种宝石等名贵材质，并征调各地著名匠师设计制造，竭尽巧思，不惜工本，一器之成往往经年累月，其工艺代表了当时的最高水平。在应用上，广泛涉及宫廷典章礼制、宗教祭祀、日用生活及休闲玩赏等各领域的活动，处处显示出皇权的至高无上与尊严，皇家的雍容华贵与典雅，具体细微地折射出那个时代的风貌。
清代宫廷珍宝在今天所承载的意义，已远远超出了单纯的材质与工艺的价值，它们反映了中国传统文化博大精深的底蕴，是那段历史的传神写照，是民族精神凝结而成的璀璨瑰宝。
珍宝馆分设于养性殿（第一室）、乐寿堂（第二室）、颐和轩（第三室）。
主要是清宫收藏的金银玉翠、奇珍异宝制成的礼器、祭器、冠服、装饰品、生活用品以及宫室内的陈设品。",/Date(1672559806000+0800)/,0,4.286,0,0,0,0,0,0,1,0,0
5,65051269.0,那几天有点冷，来故宫还是需要有导游讲解，走了一天。人们很多都是根据电视剧来故宫找人物的住处，尤其是冷宫在哪？珍妃井旁边的小门应该算一个吧😃,/Date(1680586579000+0800)/,0,3.645,0,2,0,0,0,0,0,0,0
6,192426830.0,北京第一天，碰巧遇到好天气，红墙黄瓦蓝天，在“秀才说”安导游细心的讲解和带领下，我们走进故宫，听故宫的故事，经历历史。,/Date(1680853645000+0800)/,0,4.285,0,2,0,0,0,0,0,0,0
7,716489.0,今天带着韩国老公和孩子一起了解了中国皇帝家的历史，陈秀才讲的仔细易懂，带的认真负责。孩子听的津津有味从新认识了中国是一个有文化底蕴的国家！,/Date(1677135457000+0800)/,0,4.286,0,0,0,0,0,0,0,0,0
8,14186056.0,"珍宝馆在故宫里的“生活区”东侧，东六宫南边，是很大的一片区域，包括皇极殿、宁寿宫、养性殿、乐寿堂、颐和轩、景祺阁、畅音阁、阅是楼等等，另外中国现存的三座九龙壁其中的一座就在这里（另两座在北海公园和大同古城），可以说是故宫里非常重要的一部分。乾隆曾打算在“退位归政”之后就搬到这里来享清福，但坐了六十年的宝座怎么习惯下来呢，所以乾隆至死也没有完全归政，因此实际上也没有来这里生活，倒是慈禧太后晚年曾在这里居住了十九年。另外畅音阁就是故宫里皇上家的戏楼，三层的高大建筑，这可以说是我在全国各处游览所见过最高大、最金璧辉煌的一座戏楼，真不愧是皇宫啊！
        珍宝馆门票10元，未成年人免费，价格可以说非常便宜，单是看这些故宫里的重要建筑，就已经值这个票价了，更别说还有故宫收藏的各种各样的宝物。故宫馆藏宝物百万件，在珍宝馆可以看到其中最为出众的一部分，像是金器、玉器、珊瑚、象牙、七珍八宝、龙袍凤冠等等等等，总之皇宫里的一定是举国上下最为珍贵的宝物，这些宝物远远超出我们普通人的想象，难怪有那么多人想当皇上呢！其实故宫里的宝贝，被西方列强和小日本抢走了好多、在战乱年代被宫里内贼偷了好多、又有大部分在解放前夕被搞到台北故宫去了，可即便如此现在还有百万件之多，足可想见在鼎盛时期曾经有多么的辉煌璀璨，期待盛世重现！
        还有好多人来珍宝馆就一定要找到“珍妃井”，这地方名气很大，但其实在一个比较隐蔽的过道里，很清幽僻静的一个所在。据说慈禧晚年曾被珍妃索命的梦境困扰折磨了很久，可以说是恶人有恶报吧。",/Date(1661573979000+0800)/,2,4.286,0,0,0,1,2,0,0,0,2
9,104013992.0,故宫博物院、故宫珍宝馆是北京乃至全国无出其右的皇家建筑、文物珍宝的荟萃之所，值得所有人前往欣赏品鉴，相信给每个人视觉和思想的冲击是空前的，可以毫不夸张的说，你一生必须来一次。,/Date(1661693235000+0800)/,1,4.284,0,0,0,0,0,0,0,0,1
10,238991622.0,故宫真的值得逛一逛，导游也蛮不错的。,/Date(1677310017000+0800)/,0,4.226,0,1,0,0,0,0,0,0,0
11,152333878.0,奇珍异宝，很少见，值得一看。,/Date(1677127087000+0800)/,0,-1.514,0,0,0,0,0,0,0,0,0
12,488088255.0,今天我带着家人来故宫博物院，导游非常的热心，讲解的内容非常丰富，我们对故宫有了更深刻的印象。感谢秀才说杨导,/Date(1677398666000+0800)/,0,4.277,0,2,0,0,0,0,0,0,0
13,273453534.0,我今天跟小谢一起游故宫博物院，小谢讲的非常好，使我知道了很多历史知识，非常开心，下次来还要找小谢,/Date(1679546687000+0800)/,0,4.252,0,0,0,0,0,0,0,0,0
14,57157098.0,秀才说，栾导游，谅解不错，知识丰富，很是细致，感觉不虚此行，感谢辛苦付出，希望下次有机会再聆听,/Date(1677730759000+0800)/,0,4.282,0,1,0,0,0,0,0,0,0
15,16960447.0,北京的公园和景点几乎是全中国最便宜的票价。故宫珍宝馆收藏的珍宝也是全中国最多最好的。,/Date(1676894580000+0800)/,0,4.283,0,0,0,1,0,0,0,0,0
16,260398732.0,总能在珍宝馆发现稀世珍宝，令人啧啧惊叹。,/Date(1674489402000+0800)/,0,3.739,0,0,0,0,0,0,0,0,0
17,80542651.0,"珍宝馆位于故宫博物院东部，设在故宫东北角的皇极殿西庑、养性殿、乐寿堂和颐和轩里。
珍宝馆，分设于皇极殿（第一室）、乐寿堂（第二室）、颐和轩（第三室）。主要是清宫收藏的金银玉翠、奇珍异宝制成的礼器、祭器、冠服、装饰品、生活用品以及宫室内的陈设品。
珍宝馆是一座宝库，有各色宝石，闪闪发光的金银器皿，珍珠翡翠，还有金丝凤冠、象牙玉雕，各类珍宝举世无双；最为突出的是有一座镐多塔，重达5000公斤的大型玉雕。",/Date(1672529416000+0800)/,0,4.285,0,0,0,0,0,0,0,0,0
18,95339337.0,"北京市旅游景点
故宫珍宝馆位于故宫博物院东部，设在故宫东北角的皇极殿西庑、养性殿、乐寿堂和颐和轩里。珍宝馆是一座宝库，有各色宝石，闪闪发光的金银器皿，珍珠翡翠，还有金丝凤冠、象牙玉雕，各类珍宝举世无双；最为突出的是有一座镐多塔，重达5000公斤的大型玉雕。",/Date(1661692555000+0800)/,0,4.285,0,0,0,0,0,0,0,0,0
19,82134967.0,故宫很美，建筑物群很宏伟，房子太大啦！太远了！走路走的很累，值得细细品味,/Date(1680438458000+0800)/,0,4.284,0,0,0,0,0,0,0,0,1
20,1129212.0,故宫最值得一去的景点，看点颇多，趣味性强，性价比高，强烈推荐。,/Date(1678672197000+0800)/,0,4.281,0,0,0,0,0,0,1,0,0
21,36361717.0,春节期间不错的选择，人很多，尤其可以代约珍宝馆门票很给力，毕竟非常值得参观。讲解中规中矩，感觉还有提升的空间，希望下次再去的时候能够提高质量，,/Date(1674835924000+0800)/,0,4.286,0,1,0,0,1,0,0,0,0
22,224633273.0,小陈讲的很好，很幽默,/Date(1674972644000+0800)/,0,3.751,0,0,0,0,0,0,0,0,0
23,20315281.0,故宫可是好玩的地方，带上孩子能玩一整天，好久没去了，期待。,/Date(1674701846000+0800)/,0,4.258,0,0,0,0,0,0,2,0,0
24,115645820.0,秀才说的导游讲的特别精彩，服务态度很好，讲解很详细，导游很暖心，这次故宫博物院的体验非常满意,/Date(1676519999000+0800)/,0,4.285,2,3,0,0,0,0,0,0,0
25,51260392.0,陈辰导游特别好，迟到了也是最终团聚了，不错不错！！！,/Date(1673149798000+0800)/,0,4.123,0,1,0,0,0,0,0,0,0
26,20315281.0,好久没去故宫了，带上家人能玩一整天，很期待呀。,/Date(1680250007000+0800)/,0,4.012,0,0,0,0,0,0,1,0,0
27,20315281.0,故宫可以带上孩子玩一天，再买点文创产品。,/Date(1674969422000+0800)/,0,3.844,0,0,0,0,0,0,1,0,0
28,20315281.0,故宫一定要去看一看，带上孩子能玩一整天。,/Date(1674434303000+0800)/,0,4.106,0,0,0,0,0,0,1,0,0
29,2189572.0,"在故宫宁寿宫的皇极殿，现在开辟为故宫珍宝馆。
珍宝馆现在展览的展品多数是清代宫廷遗存，其中最吸引人的是那些宫廷用的珠宝饰品与珠宝镶嵌类器物，清宫收藏的金银器。主展馆的最后一件物品是由60件金丝编织的如意组成的造型大盘，这是乾隆六十大寿时（1770年），皇宫大臣们自筹经费进献的贺礼。",/Date(1668664470000+0800)/,0,4.286,0,0,0,0,0,0,0,0,1
30,217202155.0,北京故宫珠宝馆的藏品非常的有历史价值！,/Date(1679521930000+0800)/,0,2.769,0,0,0,0,0,0,0,0,0
31,151938827.0,"【景色】美
【趣味】强大
【性价比】高高的",/Date(1674526314000+0800)/,0,4.284,0,0,0,1,0,0,1,0,0
32,24728791.0,里面的展品很丰富，很漂亮，值得一去,/Date(1679669849000+0800)/,0,4.107,0,0,0,0,0,0,0,0,0
33,201307463.0,景色宜人，趣味不错，性价比很高,/Date(1675682304000+0800)/,0,4.281,0,0,0,1,0,0,1,0,0
34,155929039.0,秀才说栾老师以灯祈福，诸事圆满，万事随喜，岁岁安康，祝XXX总元宵节快乐，愿您与家人团圆幸福！,/Date(1676695965000+0800)/,0,4.285,0,0,0,0,0,0,0,0,0
35,482225152.0,秀才说小孙带着我和老爸游览了600多年的故宫，了解很多关于故宫的历史，很感谢,/Date(1676344508000+0800)/,0,4.245,0,0,0,0,0,0,0,0,0
36,308813104.0,秀才说小孙带着我们浏览故宫，小孙导游言语幽默，讲解细致，也非常贴心。,/Date(1673668185000+0800)/,0,4.228,0,2,0,0,0,0,0,0,0
37,49240281.0,"珍宝馆位于故宫博物院东部，设在故宫东北角的皇极殿西庑、养性殿、乐寿堂和颐和轩里。
珍宝馆，分设于皇极殿（第一室）、乐寿堂（第二室）、颐和轩（第三室）。主要是清宫收藏的金银玉翠、奇珍异宝制成的礼器、祭器、冠服、装饰品、生活用品以及宫室内的陈设品。
珍宝馆是一座宝库，有各色宝石，闪闪发光的金银器皿，珍珠翡翠，还有金丝凤冠、象牙玉雕，各类珍宝举世无双；最为突出的是有一座镐多塔，重达5000公斤的大型玉雕。[1]",/Date(1668753189000+0800)/,0,4.285,0,0,0,0,0,0,0,0,0
38,185330913.0,Very good very nice,/Date(1679068616000+0800)/,0,-3.376,0,0,0,0,0,0,0,0,0
39,172269247.0,天气虽冷🥶不虚此行，栾导了解生动专业，学习历史，了解皇家历史，棒棒棒哒,/Date(1673930263000+0800)/,0,4.23,0,0,0,0,0,0,0,0,0
40,2646918.0,品种很多，很珍贵啊，值得一去。,/Date(1674528365000+0800)/,0,4.219,0,0,0,0,0,0,0,0,0
41,25569287.0,导游讲解内容很生动，热情认真,/Date(1675050272000+0800)/,0,4.199,0,2,0,0,0,0,0,0,0
42,47000713.0,很不错的景点，里面有很多的宝物非常精美美轮美奂,/Date(1673539108000+0800)/,1,3.991,0,0,0,0,0,0,0,0,0
43,3146912.0,北京的故宫博物院是北京最为著名的景点之一，值得每位游客来次参观。,/Date(1673711855000+0800)/,0,4.137,0,0,0,0,0,0,0,0,0
44,38110101.0,珍宝馆是故宫中一定要去的地方之一 里面的珍藏文物 玉器古玩 真的美轮美奂栩栩如生 让人大开眼界！想其中一件更是以前哪位皇帝爷在手中把玩之物 更是价值连城,/Date(1667395155000+0800)/,0,4.286,0,0,0,0,0,0,2,0,0
45,20315281.0,故宫一定要去看一看，带上孩子能玩一整天，还买点文创产品。,/Date(1673486588000+0800)/,0,4.246,0,0,0,0,0,0,1,0,0
46,20315281.0,故宫一定要去看一看，带上孩子能玩一整天，买点文创产品。,/Date(1673150320000+0800)/,0,4.237,0,0,0,0,0,0,1,0,0
47,307105720.0,"今天来到了602年的紫荆城，天气非常舒服，
故宫跟电视上看的不一样，跟着小郭导游了解了很多清朝宫廷知识，还介绍很多北京小吃，我们很开心",/Date(1661834862000+0800)/,0,4.286,0,1,0,0,0,1,0,0,0
48,96492581.0,不愧评价这么高，可以算是实至名归了，会推荐给朋友的,/Date(1672205186000+0800)/,0,4.116,0,0,0,0,0,0,0,0,0
49,20315281.0,故宫一定要去看一看，带上孩子能玩一整天，特别好。,/Date(1672737973000+0800)/,0,4.21,0,0,0,0,0,0,1,0,0
50,20315281.0,故宫一定要去看一看，去玩一玩，特别值得。,/Date(1673860525000+0800)/,0,4.081,0,0,0,0,0,0,2,0,0
51,206054828.0,宫殿整体大气辉煌，是值得一去的旅行目的地,/Date(1673110155000+0800)/,0,4.285,0,0,0,0,0,0,0,0,0
52,20315281.0,故宫一定要带孩子去一趟，可以玩一整天。,/Date(1674144597000+0800)/,0,3.981,0,0,0,0,0,0,1,0,0
53,407723.0,这个珍宝馆还是可以去参观一下的，不错的,/Date(1670513169000+0800)/,0,3.793,0,0,0,0,0,0,0,0,0
54,113645349.0,奇珍异宝，材质都很难得！难得一见的宝贝,/Date(1670393597000+0800)/,0,4.26,0,0,0,0,0,0,0,0,0
55,28604644.0,去故宫博物院有多条线路公交车直达。,/Date(1670752509000+0800)/,0,4.08,0,0,0,0,0,0,0,0,0
56,276207436.0,明清的那一段故事，王老师娓娓道来，仿佛就在眼前，讲解很给力，大力推荐。秀才说团队,/Date(1661843903000+0800)/,0,4.286,0,1,0,0,0,0,0,0,0
57,3030595.0,景色不错，趣味性较强，性价比比较高。,/Date(1673689452000+0800)/,0,4.277,0,0,0,1,0,0,1,0,0
58,4089680.0,"全都是稀世，珍宝非常不错，非常
古老。",/Date(1670069544000+0800)/,0,3.409,0,0,0,0,0,0,0,0,0
59,337672546.0,董导游服务态度很好，很专业的讲解！,/Date(1673784177000+0800)/,0,4.019,2,2,0,0,0,0,0,0,0
60,112804505.0,去北京当然要去故宫博物院看看的。,/Date(1673256776000+0800)/,0,0.804,0,0,0,0,0,0,0,0,0
61,245285525.0,富有文化特色，气息浓郁值得一去,/Date(1672822670000+0800)/,0,4.19,0,0,0,0,0,0,0,0,0
62,217487102.0,珍宝馆从皇极殿和宁寿宫搬迁到了皇极殿西庑、养心殿、乐寿堂和颐和轩，但和原来的珍宝馆同在一个大院子里，新馆面积大约220平方米，展出了440多件文物，其中有221件文物是老馆没有展出过的。,/Date(1655603023000+0800)/,2,4.168,0,0,0,0,0,0,0,0,0
63,27626210.0,栾导讲的太好了，受益匪浅,/Date(1673930076000+0800)/,0,3.187,0,0,0,0,0,0,0,0,0
64,223462172.0,春游期间人太多，人挤人，看不到几件东西，体验感不足,/Date(1674960067000+0800)/,0,-0.798,0,0,1,0,0,0,0,0,0
65,184783808.0,故宫里最喜欢到这个地方参观，里面的宝贝真是好,/Date(1667308572000+0800)/,0,4.144,0,0,0,0,0,0,0,0,0
66,217487102.0,故宫珍宝馆位于故宫博物院东部，设在故宫东北角的皇极殿西庑、养性殿、乐寿堂和颐和轩里。珍宝馆是一座宝库，有各色宝石，闪闪发光的金银器皿，珍珠翡翠。,/Date(1653873655000+0800)/,3,4.285,0,0,0,0,0,0,0,0,0
67,217487102.0,珍宝馆是一座宝库，有各色宝石，闪闪发光的金银器皿，珍珠翡翠，还有金丝凤冠、象牙玉雕，各类珍宝举世无双；最为突出的是有一座镐多塔，重达5000公斤的大型玉雕。,/Date(1655105030000+0800)/,1,4.261,0,0,0,0,0,0,0,0,0
68,179233985.0,在故宫珍宝馆展出了故宫从一百九十多万馆藏文物中精挑细选出的四百多件珍宝，有田黄的三连锁印章，有翡翠的果盘，一件翡翠的挂件等。,/Date(1618174405000+0800)/,7,-0.425,0,0,0,0,0,0,0,0,0
69,185567812.0,"秀才说 孙导 耐心讲解 提前一天防疫政策讲得非常清楚
1.故宫现在有一些殿并没有开完 疫情期间只能在外观看 2.里面有故宫神兽冰淇淋 3.今天下雨，但是之后出太阳 4.故宫文创推荐书籍里面有英法德俄的翻译 5.有些砖可以看年代 6.导游好处就是真的会关注很多细节内容 在此不剧透",/Date(1656478225000+0800)/,0,4.258,0,2,0,0,0,0,0,0,0
70,14389193.0,故宫博物院里，有一处需要另外门票进去的地方，就是珍宝馆和钟表馆，也可以在联票中一起买，珍宝馆里收藏了很多小巧的精品，红珊瑚，玉石，玉玺等非常漂亮，钟表馆里则收集了大大小小的海内外钟表精品，非常精致生动，此外大院里还有九龙壁，形态各异，满满神韵。,/Date(1643088607000+0800)/,2,4.285,0,0,0,0,1,0,0,0,0
71,2306135.0,"故宫珍宝馆位于紫禁城的东面，其宫殿就是位于东北角的皇极殿、养性殿、乐寿堂和颐和轩等，也称乾隆建筑群。因为是珍宝馆，所以就不能随意进入，需购买门票进入。我是在网上购买的老年票，包括门票、珍宝馆、钟表馆以及电子讲解，一共30元，还是很亲民的。

故宫的检票系统也很先进，没有纸质票，直接刷身份证就可以进入，淡季的时候基本不用排队。

珍宝，珍宝，顾名思义就全是宝贝，除了对这些宫殿的了解，特别是比较熟悉的，比如九龙壁、珍妃井等，到了现场会加深实体感受，其次就是里面陈列的金银器皿，珍珠翡翠等，让人看了眼花缭乱的。

所有展示大部分以清代宫廷文物珍玩为主，是值得去看看的。里面的乐寿堂令人眼目一新，完全不同的建筑风格。

很可惜的是我先沿着中轴线一直走到底后，再回到东面来参观珍宝馆的，时间有点仓促了，看来以后还要去一次，直接进入珍宝馆，再细细品赏。",/Date(1548592982000+0800)/,11,4.286,0,1,1,0,2,0,1,0,2
72,97515946.0,"首先门票（毕竟经费对我一个学生来说还是挺重要的，哈哈）进故宫门票20，珍宝馆成人票10元，学生票5元，然后老人儿童有优惠的，具体不太清楚。门票可网上买可现场买（我是网上买的，到处有二维码可扫，买票也不用排队，又快又方便，买了之后进去玩没门票，直接刷身份证，没有身份证的要知道身份证号码）。接下来就是自己玩了，各种走，反正我是整整走了一个上午，下午回家浑身疼。最后就附几张图吧，可以参考参考，还有好多没拍，拍出来的也没现场看的震撼，建议游玩。

不多说，看图",/Date(1500098258000+0800)/,33,-10.0,0,0,1,0,5,0,3,1,0
73,96265830.0,景点非常棒，十分满意,/Date(1661308850000+0800)/,0,3.973,0,0,0,0,0,0,0,0,0
74,216897931.0,在故宫珍宝馆有个摆件是白玉雕桐荫仕女图山子，这是乾隆很喜欢的物件，它是由一块废料制成的，表现的是江南庭院小景，因为乾隆也是有着南方情怀的人。这个门是对开的，前面一个女孩儿，门后还有一个女孩儿，好似两人在玩儿藏猫猫，如此可以看出古代工匠们设计的精巧，可谓是巧夺天工。,/Date(1617918889000+0800)/,3,4.286,0,0,0,0,0,0,1,0,0
75,25466528.0,"既然来了故宫里面的馆也要参观一下。珍宝馆是在宁寿宫内，单独售票10元/人也不是很贵，网上买票刷身份证进馆很方便。
馆内珍藏了很多各种各样的奇珍异宝、都非常精美绝伦。还有觉得必须来的是九龙壁在这里。还有珍妃井也在这里。很值得一看！！！",/Date(1494639652000+0800)/,9,4.208,0,0,0,0,0,0,0,0,0
76,179233985.0,故宫珍宝馆有一盆玉兰，这也是慈禧最喜欢的，因为慈禧被封为兰贵人。这个玉兰的主杆是用海南黄花梨做的，白色花瓣是羊脂玉，盆同样是画珐琅的。,/Date(1617918671000+0800)/,4,4.132,0,0,0,0,0,0,0,0,0
77,179233985.0,在故宫博物院里，有许多金银器，皇家用极尽奢华，如像如意这样的用品，民间一般使用普通木材，在故宫里的极其奢华，一般使用黄金，还有不少使用翡翠的珍贵玉石的。,/Date(1616719245000+0800)/,6,3.467,0,0,0,0,0,0,0,0,0
78,529239.0,到故宫，门票加十元，就可以看一下珍宝馆。这十块非常值。可以看到许多珍宝，大开眼界，每一个都价值连城，感慨帝王曾经的奢华，感慨往事如烟，如今成为寻常百姓可以随意参观的地方。,/Date(1624659104000+0800)/,1,4.286,0,0,0,0,1,0,0,0,0
79,32590051.0,珍宝馆中展出了从三百多万馆藏珍宝中精选出的400多件珍宝，其中有一半从未展出过，这些珍宝有不少是宫廷造办处制造用于故宫摆设。,/Date(1616195628000+0800)/,4,4.284,0,0,0,0,0,0,0,0,0
80,34670020.0,秀才说故宫，导游非常耐心讲解，一路上有你真好！下次还会推荐。了解了很多关于故宫的历史文化，还看到许多的伟大智慧。,/Date(1661224144000+0800)/,0,4.286,0,2,0,0,0,0,0,0,0
81,253234.0,珍宝馆在东宫区域，印象中的93年珍宝馆没有这么大，现在九龙壁，珍妃井全在珍宝馆门票中含着了，门票不贵，10元，值得进去看看，啥叫宝贝？看完九龙壁，看完宝贝，看完珍妃井，就基本到了故宫北门了。,/Date(1493041778000+0800)/,6,4.286,0,0,0,0,2,0,0,0,0
82,1726151.0,这才是每一个女人应该追求的奢侈品，每一件都是价值连城，承载着帝王将相背后的喜泪故事。珍宝馆收藏的国家文物，是大清帝国最繁荣的印证。,/Date(1631414215000+0800)/,3,4.286,0,0,0,0,0,0,0,0,0
83,216897931.0,在故宫博物院里，有许多金银器，有不少就是日常生活用品，如平常洗脸的脸盆给，故宫里就使用纯金的，显示了皇家的高贵和无比的奢华。,/Date(1616719699000+0800)/,3,-5.75,0,0,0,0,0,0,0,0,0
84,413838093.0,小郭导游非常棒，与她一路跟过来学到了很多，很有耐心，一直关照着大家不要掉队，给小郭导游点赞👍🏻,/Date(1660793018000+0800)/,0,4.283,0,2,0,0,0,0,0,0,0
85,232871672.0,这次去故宫就是冲着珍宝馆去的。里边东西真的是精美绝伦，看到后视线都舍不得离开它。照片拍不出的美～～用的颜色绝、细看里边工艺也超多繁杂,/Date(1615662009000+0800)/,0,4.278,0,0,0,0,0,0,0,0,0
86,232871672.0,之前是有在视频里看到过《我在故宫修文物》里有幸看到过珍宝馆。当时就感觉这些东西特别珍贵，精美。那次去故宫，直奔这里来。我去的时候展品不是很全，也是有些遗憾。,/Date(1627150687000+0800)/,0,4.267,0,0,0,0,0,0,0,0,0
87,24315184.0,来到故宫，必看珍宝馆。既有中国传统的，也有西洋人送的。保存完好的精准宝物。,/Date(1636783863000+0800)/,0,4.276,0,0,0,0,0,0,0,0,0
88,92563616.0,郭导游对故宫很熟悉，讲的很详细。故宫历史悠久，人物不断登场，是福还是悲全看自己人生定位。可是古代就没有那么幸运了，天地虽宽，进了宫里就由不得自己啦！,/Date(1635659892000+0800)/,0,4.286,0,1,0,0,0,0,0,0,0
89,179233985.0,在北京故宫博物院收藏了186万多件文物，故宫博物院从其中选出400多件，把宁寿宫改造成珍宝馆，展出这些珍奇异宝，并定期更换展品。,/Date(1614291656000+0800)/,9,4.19,0,0,0,0,0,0,0,0,0
90,1726151.0,故宫博物院的珍宝馆是我们的最喜欢的一个地方，因为以前看过一个马未都先生的演讲，说是玩古玩最需要的就是见识真东西，而这里全部都是真东西。,/Date(1618403356000+0800)/,0,4.259,0,0,0,0,0,0,2,0,0
91,1726151.0,现在逛故宫诞生了很多种玩法，比如说喝网红咖啡，比如说穿古装照，但很多人恰恰忘了故宫的本真是能够看到很多真正的宝贝，锻炼审美和眼力。,/Date(1644058948000+0800)/,0,4.286,0,0,0,0,0,1,1,0,0
92,1726151.0,这个五一，我准备再去一次珍宝馆，欣赏一下国之宝贝，而且可能是因为年纪大的关系，对现在很多为了炫而炫的东西已经提不起兴致，珍物不语。,/Date(1619326275000+0800)/,0,4.274,0,0,0,0,0,0,0,0,0
93,1726151.0,只有看过故宫珍宝馆的宝贝，你才会真正明白什么叫文物，什么叫巧夺天工，什么叫皇家珍藏。即便是过了几百上千年，依然发出耀眼夺目的光芒。,/Date(1619050750000+0800)/,0,4.23,0,0,0,0,0,0,0,0,0
94,417490418.0,王导很负责任，讲解生动，让我了解了很多历史知识，明年来还会找王导，强烈推荐秀才说团队,/Date(1660720171000+0800)/,0,4.188,0,1,0,0,0,0,0,0,0
95,328132966.0,北京故宫是明清王朝的皇宫，其内所用器皿极其奢华，有无数纯金打造的生活用品，如金盆和大量的金碗，无不透出明清皇室的高贵奢华。,/Date(1625869930000+0800)/,0,4.285,0,0,0,0,0,0,0,0,0
96,1726151.0,一直以来都是这样的以为，珍宝馆里大大小小的宝贝是我们最真实的物件，不知道何时才能发现美与美好，而且是这样的一个历史悠久。,/Date(1639055797000+0800)/,0,4.271,0,0,0,0,0,0,0,0,0
97,328135655.0,珍宝馆是一座宝库，有各色宝石，闪闪发光的金银器皿，珍珠翡翠，还有金丝凤冠、象牙玉雕，各类珍宝举世无双，都是稀世无价珍宝。,/Date(1625869630000+0800)/,0,4.283,0,0,0,0,0,0,0,0,0
98,300656637.0,王导讲解生动有趣，了解很多关于故宫的历史知识，值得推荐&quot;秀才说&quot;，体验很好。,/Date(1645859287000+0800)/,0,4.286,0,1,0,0,0,0,1,0,0
99,40646460.0,秀才说孙导非常负责任，有耐心，讲解内容生动有趣。不时提醒队员，跟上队伍.,/Date(1660361737000+0800)/,0,3.721,0,1,0,0,0,0,1,0,0
100,369145542.0,多去博物馆参观真的很有意义，特别是去北京到处有各种的博物馆，但假期去却很难预约到门票，自驾游的朋友可以到横行，九州网公，众号看下，有好多地区博物馆门票可以代预约和抢票，划算又方便，之前春节和朋友去北京玩没预约到的票也是在那抢到了，希望能帮到你们。,/Date(1642080306000+0800)/,0,4.285,0,0,0,0,2,0,1,0,0
101,39716735.0,珍宝馆是在故宫门票后再加10元进去参观的。如果你以为自己是一个珠宝珍品陈列室那就错了，里面也有非常多的宫殿、以及大名鼎鼎的九龙壁就在这里。女孩子对珠宝抗拒不了，许多放到现在依旧光彩夺目的发簪、手镯，还是挺值得一看的。就是每件珍品后面没有故事说明，也不知道主人是谁，没有趣味性。,/Date(1493601659000+0800)/,8,4.285,0,0,0,0,1,0,1,0,0
102,21217447.0,"☘️珍宝馆是一座宝库，有各色宝石，闪闪发光的金银器皿，珍珠翡翠，还有金丝凤冠、象牙玉雕，各类珍宝举世无双。珍宝馆面积大约220平方米，展出了440多件。

☘️珍宝馆内著名景点：九龙壁，宁寿宫，乾隆花园，乐寿堂，珍妃井……

☘️慈禧晚年居住在这里，共计十九年。在珍宝馆的最后，是光绪宠妃珍妃的葬身之地珍妃井。井口很小，如果把一个活生生的人塞进去难度很大。

☘️展出的珍品精雕细琢，美轮美奂，不得不感叹匠人的鬼斧神工。

☘️开放时间：
旺季 8:30-16:10
淡季 8:30-15:40
门票价格：10元",/Date(1595118871000+0800)/,1,4.286,0,0,0,0,2,0,0,0,0
103,364888462.0,秀才说的陈秀才，小伙子人和蔼可亲，讲解非常详细，让我了解紫禁城的由来，各朝代的皇帝干嘛，合理安排休息时间，服务态度热忱，非常棒的解说员。,/Date(1635478434000+0800)/,0,4.282,2,2,0,0,0,0,0,0,0
104,220550372.0,珍宝馆是故宫常设展馆，位于紫禁城东北部的宁寿宫景区，需另购10元门票。展厅主要位于皇极殿东西围房，各种珍宝，大饱眼福。还可以看到九龙壁。,/Date(1588293346000+0800)/,5,4.249,0,0,0,0,1,0,0,0,0
105,37269493.0,珍宝馆里的宝贝太多了，太值得去看了,/Date(1651842886000+0800)/,0,1.957,0,0,0,0,0,0,0,0,0
106,313623217.0,导游很负责，讲的也很有意思，有很多从没听过的知识，对于路线规划也很合理，来北京故宫必须来一次 ,/Date(1626237780000+0800)/,1,4.276,0,1,0,0,0,0,0,0,0
107,90332906.0,故宫博物院珍宝馆快来参观学习吧,/Date(1653150772000+0800)/,0,4.18,0,0,0,0,0,0,0,0,0
108,20811726.0,"太应该去看看了，都是精品。特别精美，让你难以想象，令人大开眼界。历史价值无法估量，字画，玉器，金银珠宝。不去是一种遗憾。
【景色】
【趣味】
【性价比】",/Date(1615481880000+0800)/,0,4.286,0,0,0,1,0,0,1,0,0
109,249449291.0,珍宝馆是北京故宫一处开放了59年的老展馆，前不久进行了最新调整，策展人员使出浑身解数，成功让我觉得以前都白去了——虽然展品多是老面孔，但在全新灯光和布景的衬托下，个个跟整了容似的。,/Date(1586582036000+0800)/,2,3.971,0,0,0,0,0,0,0,0,0
110,225830996.0,有几百年的珍宝在这里，可以慢慢欣赏，每一个宝贝都有它自己的一段或者说好几段不同的历史。,/Date(1627614266000+0800)/,0,4.281,0,0,0,0,0,0,0,0,0
111,289566905.0,景色不错，总体超赞，有趣好玩，性价比高，,/Date(1624504201000+0800)/,0,4.286,0,0,0,1,0,0,2,0,0
112,953185.0,到故宫游玩，这里一定要来，陈列了很多的珍宝，尤其是故宫的钟表展览，非常的精美。,/Date(1632581874000+0800)/,0,4.167,0,0,0,0,0,0,1,0,1
113,114641970.0,非常不错，从故宫东华门出来，到王府井有一家很不错的酒店麗枫酒店王府井大街店。,/Date(1645410218000+0800)/,0,2.222,0,0,0,0,0,0,0,0,0
114,8865913.0,需要买票进入，里面都是国宝，特别值,/Date(1660269253000+0800)/,0,-5.165,0,0,0,0,0,0,0,0,0
115,5347572.0,故宮珍寶館為限時開放，館內展出了古時皇親國戚喜愛佩戴的飾品和一些珍貴藏品。,/Date(1634223456000+0800)/,0,4.281,0,0,0,0,0,0,0,0,0
116,187074391.0,带孩子值得一来，了解历史，,/Date(1630477850000+0800)/,0,3.572,0,0,0,0,0,0,0,0,0
117,307002961.0,讲解详细认真，知识系统，组织得很好，每个景点都有详细的说明和指引,/Date(1642750048000+0800)/,0,4.284,0,1,0,0,0,0,0,0,0
118,6508139.0,故宫珍宝馆，这里真的是故宫最珠宝璀璨的地方，有很多珍品。,/Date(1638007660000+0800)/,0,3.886,0,0,0,0,0,0,0,0,0
119,116713105.0,进入故宫里来就顺便到了珍宝馆，它位于故宫博物院东部，设在故宫东北角。珍宝馆是一座宝库，有各色宝石，各类珍宝举世无双，特别值得一看。,/Date(1620434563000+0800)/,0,4.286,0,0,0,0,0,0,0,0,0
120,13585369.0,华夏文明的海洋，源远流长，多少楼台烟雨中。,/Date(1631012119000+0800)/,0,4.09,0,0,0,0,0,0,0,0,0
121,1080094.0,故宫，不用多评价了。非常值得一去的地方，非常好。世界上最大的木质宫殿建筑群。深厚的历史底蕴，还有谁！雄伟壮观，历史悠久！,/Date(1629452202000+0800)/,0,4.286,0,0,0,0,0,0,0,0,1
122,152121282.0,真是一个不错的地方，带小朋友去开开眼界,/Date(1642513260000+0800)/,0,3.806,0,0,0,0,0,0,0,0,0
123,186395412.0,"已经不需要额外的赞美了，国之瑰宝！
👍",/Date(1620095977000+0800)/,0,0.734,0,0,0,0,0,0,0,0,0
124,4089680.0,大多都是故宫里头珍藏的宝物。值得一看,/Date(1635391407000+0800)/,0,4.255,0,0,0,0,0,0,0,0,0
125,84793759.0,对于喜欢古装的我，这些珍宝真的看不够,/Date(1621169082000+0800)/,0,3.728,0,0,0,0,0,0,0,0,0
126,194509054.0,游览故宫一定要去的地方，好好看一看。,/Date(1618443661000+0800)/,0,2.499,0,0,0,1,0,0,0,0,0
127,3296947.0,世界各国的珍奇异宝汇聚与此，赞👍,/Date(1627873248000+0800)/,0,4.201,0,0,0,0,0,0,0,0,0
128,154662348.0,票价不贵，说真的，应该去看一看👍,/Date(1626021797000+0800)/,0,-7.932,0,0,0,0,0,0,0,0,0
129,23551934.0,每一件都喜欢，看了再看，喜欢喜欢！,/Date(1618710136000+0800)/,0,3.16,0,0,0,0,0,0,0,0,0
130,1011370.0,看了很多珍奇异宝学习了，很多知识。,/Date(1616458428000+0800)/,0,4.187,0,0,0,0,0,0,0,0,0
131,116032136.0,故宫里需要单独付费的地方 养眼呀,/Date(1621428302000+0800)/,0,1.288,0,0,0,0,0,0,0,0,0
132,5285765.0,无论是什么它都有自己存在的原因,/Date(1617893734000+0800)/,0,0.714,0,0,0,0,0,0,0,0,0
133,336601735.0,奇珍异宝应有尽有  大开眼界很好,/Date(1635589944000+0800)/,0,3.063,0,0,0,0,0,0,0,0,0
134,220550372.0,北京故宫是世界五大宫之首，世界文化遗产。明清两代皇帝办公和居住场所。里面珍宝馆和钟表馆需要买票。很多的珍宝级物品。很有意思。,/Date(1584970536000+0800)/,1,4.286,0,0,0,0,0,0,0,0,0
135,38246629.0,秀才说，李导讲的很精彩,/Date(1626509415000+0800)/,0,0.927,0,0,0,0,0,0,0,0,0
136,13288065.0,一个需要另行收费的地方，人也是很多的，故宫内的珍宝，是最顶级的，另有些在首都博物馆。布置空间收到原始建筑影响有一点狭小。,/Date(1604161186000+0800)/,1,4.222,0,0,0,0,0,0,0,0,1
137,249449291.0,这里基本都是红墙黄瓦，都是九五之尊的颜色。这里面，有很多白玉石栏杆，栏杆柱子上基本都雕刻有盘龙！后面就是御花园，假山流水绿植应有尽有。,/Date(1586834917000+0800)/,0,0.054,0,0,0,0,0,0,0,0,0
138,120696326.0,位于故宫内，门票每人十元。进门就是壮观的九龙壁。往里走，依次是珠宝馆，金银器馆等，珍宝如云，让人感慨封建帝王的穷奢极欲，让人赞叹中国古代劳动人民的智慧。著名的珍妃井也在馆内。,/Date(1513607265000+0800)/,12,4.286,0,0,0,0,1,0,0,0,0
139,50731416.0,珍宝馆是要另外收费的，在东线上，票价20元，里面的宝贝还是蛮多的，看着都很精致，有时间可以去看看，因为故宫里头都是看大的宫殿，殿里其实也看不到什么东西，穿插着看点珍宝也不错,/Date(1475758053000+0800)/,15,4.285,0,0,0,0,0,0,0,0,0
140,75447600.0,"故宫珍宝馆位于故宫博物院东部，设在故宫东北角的皇极殿西庑、养性殿、乐寿堂和颐和轩里。珍宝馆是一座宝库，有各色宝石，闪闪发光的金银器皿，珍珠翡翠，还有金丝凤冠、象牙玉雕，各类珍宝举世无双；最为突出的是有一座镐多塔，重达5000公斤的大型玉雕。
中文名称
故宫珍宝馆
地理位置
北京市
开放时间
旺季开放时间8:30-16:10；淡季开放时间8:30-15:40
门票价格
10元
著名景点
九龙壁，宁寿宫，乾隆花园，乐寿堂，珍妃井
所属国家
中国
所属城市
北京市",/Date(1578963509000+0800)/,4,4.286,0,0,0,0,2,0,0,0,0
141,47210202.0,一直不明白，故宫为何不把珍宝馆纳入大故宫一体化管理，需要另外买门票。春节期间，若是在网上购买联票的话，进入珍宝馆需要排长队，核验身份证，而现场购票得通道却是畅通无阻。管理措施与实际情况矛盾，希望能改善。,/Date(1522039438000+0800)/,8,-8.806,2,0,0,0,1,0,0,0,0
142,34420642.0,很不错，国宝就在这里,/Date(1633444605000+0800)/,1,3.029,0,0,0,0,0,0,0,0,0
143,52740249.0,我们没有去钟表馆，直接去了珍宝馆。北京故宫的珍宝馆虽不及台北的，但依然很值得去看一看，了解一下历史，开一开眼界总是好的。而且我们去的时候一个人都没有，完全就是私家花园的节奏，太爽啦！我们慢慢踏上台阶，穿越长廊，游览宫殿，轻抚红墙，阅读历史，静静体会它们的故事和沧桑……,/Date(1457922031000+0800)/,10,4.286,0,0,0,0,0,0,0,0,0
144,298928837.0,是一个比较不错的地方，有一些特色景观,/Date(1644849110000+0800)/,0,2.361,0,0,0,0,0,0,0,0,0
145,286159690.0,“秀才说”赫导的讲解令人满意,/Date(1623124815000+0800)/,0,3.989,0,1,0,0,0,0,0,0,0
146,5091048.0,杨青霞导游讲解得好!,/Date(1633268898000+0800)/,0,4.215,0,2,0,0,0,0,0,0,0
147,84528264.0,这次故宫六百年特展，有很多值得一看的文物,/Date(1602229404000+0800)/,0,3.364,0,0,0,0,0,0,0,0,0
148,27877832.0,珍宝馆，是故宫里我最喜欢的，里面的确是奇珍异宝，真的恍瞎了眼睛，这里最出名的，还是金瓯永驻杯，是皇帝大年初一，开笔用的。,/Date(1588338367000+0800)/,0,4.281,0,0,0,0,0,0,0,0,0
149,49821665.0,珍宝馆是故宫中另收门票的一个景点，一听名字就是收藏各种奇珍异宝的地方，但也有其他建筑。记得著名的会回音的九龙壁就在珍宝馆门口处背面，别的还有皇极殿、养心殿、宁寿宫、乾隆花园、乐寿堂、珍妃井、畅音阁等景点。,/Date(1518879369000+0800)/,4,3.872,0,0,0,0,1,0,0,0,1
150,268719267.0,珍宝馆的藏品真的是让女宝宝们欲罢不能啊 珠钗步摇 香囊 看得都想穿越了 而且走出珍宝馆外的餐厅食物也是可以的 最主要的是价格没有很离谱 有些宝宝们喜欢的小零食 总体不错哦,/Date(1602374382000+0800)/,0,4.279,0,0,0,0,1,2,0,0,0
151,34392480.0,珍宝馆与珍宝馆离得不远，也在故宫东路，另付门票10元，但是非常值得一看。里面陈列了精美的皇家珠宝玉器，都是罕见珍品。珍宝馆位于宁寿宫内，原为乾隆皇帝当太上皇时居住之地，后来慈禧太后也在此居住多年。,/Date(1504844762000+0800)/,8,3.984,0,0,0,0,1,0,0,0,0
152,1129212.0,故官珍宝馆来故官游览一定要去看看，门票需单独购买，10元/张，性价比高。珍宝馆的藏品都是国宝级的，许多藏品都是举世无双，金丝风冠，象牙玉雕，珍珠翡翠，各色宝石，金银器皿，让人眼花撩乱，值得推荐。,/Date(1576563096000+0800)/,0,4.244,0,0,0,0,1,0,0,0,0
153,8982364.0,这个馆也是故宫的非常有特色的藏馆，里面各种奇珍异宝，璀璨夺目。非常华贵。,/Date(1615873013000+0800)/,0,-1.739,0,0,0,0,0,0,0,0,0
154,159834924.0,故宫红墙，许多珍藏，民间少见，包罗万象，宝石玛瑙，念珠顶帽，杯碗炉壶，玉质上好，假山琥珀，翠雕绿娆，这些好货，百姓创造，如今展出，随便拍照，过往帝王，搜脂搜膏，风流人物，还看今朝！,/Date(1579303573000+0800)/,0,4.286,0,0,0,0,0,0,0,0,0
155,33139631.0,故宫里的珍宝馆里面陈列着很多很多的珍宝，奢华！奢华！奢华！重要的事情说三遍。值得一看的地方。下面我配了几张故宫珍宝馆里的珍宝，呵呵分享几张照片给到大家。,/Date(1475466453000+0800)/,5,4.286,0,0,0,0,0,0,0,0,0
156,217487102.0,下午参观珍宝馆，由于去的晚了点，只观赏了不到一半的展出文件就到了闭馆时间，在工作人员的不断催促下才恋恋不舍的，尽量放慢脚步，最后一个走出展厅。,/Date(1575525894000+0800)/,1,2.402,1,0,0,0,0,0,0,0,0
157,1571030.0,故宫里的一处收费区域，10元，非常值得，珍宝馆是一片很大区域，就是原本乾隆打算退休后养老的地方。一进门就能看到全国最精美的九龙壁，快出门的位置则有珍妃井。珍宝分玉石珠宝和金银器两部分，数量不多却件件精品。,/Date(1490703882000+0800)/,4,3.556,0,0,0,0,0,0,0,0,0
158,88140094.0,当时去珍宝馆的时候，展品是可以随便拍摄的，但是还是希望大家可以自觉的关闭闪光灯。不久后，珍宝馆将会变成原状陈列，这些展品将会搬到新的展厅里去。,/Date(1493717423000+0800)/,6,1.895,0,0,0,0,0,0,0,0,0
159,530412.0,珍宝馆真心是各种美轮美奂奇珍异宝，每次看都只能感叹，哇，好美，好好看，一次次词穷，虽然要另收门票，但是很值啊，其他地方太少见了(*^ω^*),/Date(1580876149000+0800)/,0,4.179,0,0,0,1,1,0,0,0,0
160,17706906.0,来故宫博物院是一定要去珍宝馆的，10元钱的门票，非常值得。进门后就能看到九龙壁，这里原是乾隆爷退位后居住的地方，所以在这里也能看见龙座。右侧的一溜房间里陈列着大量的奇珍异宝，都是国宝级别的好东西，让人大开眼界。此外，陈列在乾隆爷书房里的几个大型玉雕，也是稀世珍品。,/Date(1548301608000+0800)/,1,4.263,0,0,0,0,1,0,0,0,0
161,34051434.0,"太多珍宝，叹为观止。欣赏到很多精美物品。有各色宝石，闪闪发光的金银器皿，珍珠翡翠，还有金丝凤冠、象牙玉雕，各类珍宝举世无双；最为突出的是有一座镐多塔，重达5000公斤的大型玉雕。
此景点需要另外购票。",/Date(1504331324000+0800)/,3,4.249,0,0,0,0,0,0,0,0,0
162,,第一次进珍宝馆时的样子我还记着，里面的殿里展着些文物，石刻、印章、雕塑、琉璃瓶子，每样东西都不知是你盯着它还是它盯着你看；外面正是斜阳照着的时候，被镂空的长廊壁隔着，像是筛网里泻出来的黄酒，看得人暖呼呼的好像全身都跟着痒痒了一通,/Date(1460131086000+0800)/,9,-9.959,0,0,0,0,0,0,0,0,0
163,217487102.0,再逛珍宝馆，上次去故宫由于时间紧珍宝馆沒看完，这次特别提早进去，先看了宁寿宫，石鼓馆，大戏楼，珍妃井等，这些你不买票进在外面是看不到的。,/Date(1577270604000+0800)/,0,-2.048,0,0,0,0,0,0,0,0,0
164,7173521.0,寿宁宫曾经是慈禧太后居住的地方，现在被建成了故宫的珍宝馆，这里收藏的都是故宫藏品中最为精美价值最高的精品，堪称是故宫的珍宝。来到故宫一定要来这里转一转，体验下古代人的技巧和奇思妙想。故宫这个600年的古老宫殿永远都在这里等待着大家的光临。,/Date(1570449911000+0800)/,0,4.286,0,0,0,0,0,0,0,0,0
165,21881151.0,"故宫珍宝馆有九龙壁有珍妃井，非得买了门票才能进去哟。
十多年前去珍宝馆，感觉看到的都是后宫妇人用的首饰朝珠等等，其他都没印象了。
这次又好好看了一遍，我确信展品一直在换的，品种也比以前丰富了很多，虽然总量上我觉得似乎减少了一些。
不过现在看得仔细了，觉得颇有收获。",/Date(1560939077000+0800)/,0,4.279,0,0,0,1,1,0,0,0,0
166,424823.0,故宫博物院内一共有十几个展厅，而故宫珍宝馆里收藏的大多是一些玉石印章珊瑚翡翠之类的。在这里你可以看到皇帝使用的玉玺，皇后嫔妃们戴的头饰和首饰，以及珍贵的红珊瑚做成的狮子，东西之精美，价值之连城，真的令人叹为观止。,/Date(1538439181000+0800)/,0,4.286,0,0,0,0,0,0,0,0,0
167,18903224.0,"珍宝馆是故宫里额外收门票的一个景点，成人十元，老人和学生票5元。要注意的是淡季，15点40就不能进了，旺季是16点10分。

馆内的藏品美伦美伦，有后宫嫔妃用的珠钗戒指，有皇后戴的金龙凤冠，冬潮冠，珠宝石帽项，还有戴在脖子上的领约和朝珠。感觉宫中的女人也不容易，一身行头虽然好看，但也很重，颈锥病也要带出来了。

除了首饰，还有慈禧太后和乾隆皇帝用的一些杯壶碗盘。还有密宗献的一些法器，都是做工精湛，贵气逼人。

珍宝馆还是挺好看的，各种点翠和拉丝工艺作出的珍宝，简直让我移不开眼。我们是请私导带着看的，但是珍宝馆的展柜都很小，一个展柜前只能站几个人。一般流动速度还挺快的，但是导游一讲话了，前面的人就不走了，蹭我们的导游，我们付费的，反而被挤在后面，只能伸长脖子看。建议让导游跟在你们身后说比较好，这样可以一边看，一边听。",/Date(1531354635000+0800)/,4,4.285,0,3,0,2,1,0,0,0,0
168,3467072.0,珍宝馆同样位于故宫内部，门票也是10元。里面展示的是故宫博物院几千件藏品中精选出来的三百多件上乘珍品，大部分都是宫里皇帝、皇后及妃子们的日常用品，碗筷、头饰、配饰、贡具和摆件，都是上乘做工和用料，黄金、玛瑙、珍珠和翡翠制作加工，巧夺天工、大开眼界。还有一些奇石珍木，也让人拍手叫绝，赞叹不已。10元门票性价比很高，值得来此参观品鉴。,/Date(1524793662000+0800)/,4,4.286,0,0,0,0,2,0,0,0,0
169,4719704.0,珍宝馆是故宫博物院的珍宝。在馆内，您能看到世间绝世珍品，精美设计，巧妙工艺，使人赞叹不已，百看不厌；这是中华文化的瑰宝！,/Date(1447903891000+0800)/,4,4.286,0,0,0,0,0,0,0,0,0
170,1188519.0,珍宝馆里收藏的珍宝不仅是珍宝本身价值连城，更是我国古代匠人技艺精湛的集中展示,/Date(1448885007000+0800)/,4,4.286,0,0,0,0,0,0,0,0,0
171,109788652.0,壮观威严德皇家园林，历史遗留下来的宝贵财富，世界瞩目。,/Date(1597013883000+0800)/,1,4.184,0,0,0,1,0,0,0,0,0
172,77549578.0,珍宝馆里面展览着许多的明清时代的文物，雍容华贵，富丽堂皇看了让人流连忘返,/Date(1609639274000+0800)/,0,4.251,0,0,0,0,0,0,0,0,1
173,69790044.0,古代的钟表工匠真是厉害，钟表做的那么精细，看了一圈下来，哪个是外国造的，哪个事中国造的一目了然，中国元素龙凤呈祥，九五至尊，松鹤延年，福禄寿禧寓意吉祥！,/Date(1532627122000+0800)/,2,4.285,0,0,0,0,0,0,0,0,0
174,6508139.0,珍宝馆里的馆藏物品是很多，有很高的研究价值的，来这里一定不虚此行。,/Date(1611018582000+0800)/,0,3.939,0,0,0,0,0,0,0,0,0
175,84691537.0,“珍宝馆”，一座名符其实的宝库，藏有众多的举世无双、精美绝伦的稀世珍宝，游览故宫博物院，置身于美轮美奂的皇家宫殿之中，细细欣赏、品味这些奇珍异宝所呈现的旷世之美……，,/Date(1551926387000+0800)/,1,4.286,0,0,0,0,0,0,0,0,0
176,1506336.0,太多宝贝了，看了流口水那种。而你所能看到的不过其中一角而已。,/Date(1585359271000+0800)/,0,3.589,0,0,0,0,0,0,0,0,0
177,73796000.0,故宫珍宝馆有好几个宫殿组成，主要是养心殿，这里收藏了数以万计的皇家珍藏，从瓷器到玉石，再到青铜器，包含了我国五千年的历史，各个都是国之瑰宝，很值得来欣赏一番。,/Date(1530941884000+0800)/,1,4.286,0,0,0,0,0,0,0,0,0
178,25583187.0,珍宝馆是故宫博物院需要另外收费的一个景点，门票10元，买票非常的方便。珍宝管是十分值得一去的地方，里面有很多珍藏的文物，工艺精湛，即使是冬季，这里的游人也不少，值得慢慢观看。,/Date(1547548985000+0800)/,0,4.285,0,0,0,0,1,0,0,0,0
179,206050382.0,故宫珍宝馆中收藏了许多国宝级珍品和皇家御用宝贝！,/Date(1607598682000+0800)/,0,1.522,0,0,0,0,0,0,0,0,0
180,50640175.0,珍宝馆和钟表馆是另外收费的，奇珍异宝太多了,/Date(1609985103000+0800)/,0,-8.462,0,0,0,0,0,0,0,0,0
181,206050382.0,珍宝馆中展藏着古老文明的精华，值得去观赏！,/Date(1598121709000+0800)/,0,4.259,0,0,0,0,0,0,0,0,0
182,40244432.0,进了紫禁城一定要买珍宝馆的票，馆如其名啊，有金银珠宝展，玉器展，瓷器…你可以想到的文物基本上这里都能看到，并且都是精华中的精华，并且这里连着东六宫，当然不可错过了,/Date(1571144172000+0800)/,0,4.253,0,0,0,0,0,0,0,0,0
183,36389933.0,珍宝馆里的奇珍异宝真的好多好多，超级无敌,/Date(1584621520000+0800)/,0,3.479,0,0,0,0,0,0,0,0,0
184,73390970.0,"来北京旅行，怎么能不去故宫，去了故宫，里面的故宫珍宝馆岂能错过?

景点名:         故宫珍宝馆
地址 :            北京市东城区景山前街4号故宫博物院内。
交通:             地铁到天安门东，公交到天安门东下车步行前往故宫博物院。

开放时间:      8:30---17:00

门票:              10元

玩法:  从故宫博物院南门也就是午门进去，过太和殿，大概就在九龙壁附近，与故宫钟表馆比较近，靠近出口。这个故宫珍宝馆就一层，狭长走廊式的布局，顺着指示一路参观过去就是了，有许多的玉器首饰，还有一些远古时代的藏品。

推荐理由:   故宫里面的珍宝馆，有许多的远古时代的藏品，都来故宫了，何不多看一会。",/Date(1565631386000+0800)/,2,4.286,0,0,0,0,1,0,1,0,0
185,2949256.0,这里要单买门票10元，有很多展品，真心不贵，一定要去。人挺多的，看展品的时候最好跟着导游或讲解，毕竟文字说明没人讲的生动,/Date(1512196113000+0800)/,2,4.272,0,2,0,0,1,0,0,0,0
186,31059698.0,故宫珍宝馆没有在中轴线上，而是在东通道上。如果跟团来，时间紧迫，肯定来不及仔细品味珍宝馆。我建议如果跟团，就不要看珍宝馆了。单花十元门票不说，还耽误参观中轴线上的大殿。我觉得逛珍宝馆要十分闲在的慢慢的逛。一进珍宝馆，是故宫的九龙壁，每条龙的眼镜都是突出来的，很有生机的样子。再里面有古树，珍宝，细细品味，也能逛上半天时间。,/Date(1473290136000+0800)/,2,4.285,0,0,0,0,1,0,0,0,0
187,78242152.0,奇珍异宝应有尽有，让人流连忘返的地方!,/Date(1599519676000+0800)/,0,2.964,0,0,0,0,0,0,0,0,0
188,88472710.0,里面好多珍宝，体现了古代皇宫悠久的历史,/Date(1583759118000+0800)/,0,4.285,0,0,0,0,0,0,0,0,0
189,3206886.0,"馆故宫珍宝馆位于故宫博物院东部,设在故宫东北角的皇极殿西庑、养性殿、乐寿堂和颐和轩里。珍宝馆是一座宝库,有各色宝石,闪闪发光的金银器皿,珍珠翡翠,还有金丝凤冠，过年时去逛的，不错",/Date(1520751659000+0800)/,3,4.285,0,0,0,0,0,0,0,0,0
190,3206886.0,珍宝馆分设于皇极殿（第一室）、乐寿堂（第二室）、颐和轩（第三室）。主要是清宫收藏的金银玉翠、奇珍异宝制成的礼器、祭器、冠服、装饰品、生活用品以及宫室内的陈设品,/Date(1518940578000+0800)/,4,-4.451,0,0,0,0,0,0,0,0,0
191,42929436.0,都是些奇珍异宝，让人惊叹，不虚此行！,/Date(1608627795000+0800)/,0,3.671,0,0,0,0,0,0,0,0,0
192,23551934.0,要单独售票的呦，不过珍宝还是不错的！,/Date(1608077363000+0800)/,0,1.642,0,0,0,0,0,0,0,0,0
193,1503534.0,要去看看的地方，了解历史，了解过去。,/Date(1585450876000+0800)/,0,1.519,0,0,0,0,0,0,0,0,0
194,209690472.0,珍宝馆是这几年刚刚开放的一个馆区。,/Date(1612108298000+0800)/,0,2.021,0,0,0,0,0,0,0,0,0
195,22004115.0,真的太漂亮了，非常多的故宫真品。,/Date(1610748513000+0800)/,0,1.572,0,0,0,0,0,0,0,0,0
196,73296320.0,珍宝殿有许多珍宝，非常精致，漂亮,/Date(1599232976000+0800)/,0,4.268,0,0,0,0,0,0,0,0,0
197,204164324.0,没看过台北故宫觉得珍宝馆太好了，全是宝贝，琳琅满目，但是看过台北故宫会发现好东西都被搬走了。,/Date(1597150274000+0800)/,1,4.276,0,0,0,0,0,0,0,0,0
198,40647838.0,故宫里一定要去的地方，单独买票,/Date(1600746529000+0800)/,0,0.378,0,0,0,0,0,0,0,0,0
199,64784230.0,这里的布局与外面有所不同，非常值得一看，悠久的历史底蕴，环境优美，不愧是皇家园林的瑰宝，如果您有时间，这个是您不可错过的一个景点！,/Date(1524060033000+0800)/,3,4.286,0,0,0,2,0,0,0,0,0
200,63952928.0,买票里含这里 去看了下 还行的,/Date(1599926514000+0800)/,0,-0.043,0,0,0,0,0,0,0,0,0
201,27741672.0,珍宝馆的面积非常大，里面的确都是修复的精品，非常值得参观，特别是珠宝翡翠馆，最好带相机去能够拍下细节，贴着玻璃拍能够去掉反光,/Date(1561768768000+0800)/,1,3.113,0,0,0,0,0,0,0,0,0
202,11603269.0,宝贝真的是光彩夺目，设计精巧，精工细作，不光是材料价值连城，艺术价值也很高，给人大大的美感，由此想到好多宝贝被掠夺，真是痛心,/Date(1553069774000+0800)/,1,4.286,0,0,0,0,0,0,0,0,0
203,1488409.0,珍宝馆是一座宝库，有各色宝石，闪闪发光的金银器皿，珍珠翡翠，还有金丝凤冠、象牙玉雕，各类珍宝举世无双，工艺精湛，叹为观止。,/Date(1565824903000+0800)/,1,4.278,0,0,0,0,0,0,0,0,0
204,532362.0,故宫珍宝馆位于故宫博物院东部，这里收藏了很多文物宝贝。制瓷、织绣、象牙雕刻、漆器、珐琅器和金银制作等工艺，门类齐全，制作精工，创意新奇，具有很高的审美情趣和美学鉴赏价值，显示了古代匠师非凡的智慧和惊世的技艺。！,/Date(1567908432000+0800)/,1,4.286,0,0,0,0,0,0,0,0,0
205,3221963.0,"我又来了故宫
去年年底的冬天来故宫人没那么多
今年五月底来 人多了一倍
天气超热的 故宫没有遮阳的地方
里面有钟表馆和珍宝馆可以细细看看
个人比较喜欢珍宝馆
每次都会在里面溜达半天
这次能看到的展品比上次多了
可以借语音导游 慢慢听了解下历史",/Date(1562318296000+0800)/,1,4.285,0,1,1,0,0,0,0,0,0
206,3221963.0,"故宫是值得逛一整天的地方
当然 你必须得和有文化和有耐心的人一起来
不然 就是刚刚走了几步 她就问你过会吃什么
可以买套票 故宫大门票和珍宝馆 珍表馆打包
也可以仅仅买故宫大门票
如果脚力不行可以选择只买大门票
而且珍宝馆现在能看的东西越来越少了
希望2022全部开放之后
会再来看看的",/Date(1547739266000+0800)/,1,4.277,0,0,0,0,3,0,0,0,0
207,772291.0,一直很想去的地方，珍宝馆此次展览的东西不多。但从现在的展览物件里就可以看出以前的工匠制作是多么精良多么漂亮奢华，别说是以前的女人了，放在现代的女人面前这点首饰业要打破头！,/Date(1506256101000+0800)/,2,4.276,0,0,0,0,0,0,0,0,2
208,746075.0,珍宝馆的门票是不包括在故宫门票里的，需要额外购买，10元1张，有学生优惠价。现在九龙壁，珍妃井，钟表馆都包含在里面了，值得一来。,/Date(1508172544000+0800)/,4,2.85,0,0,0,0,3,0,0,0,0
209,3020459.0,皇家定制珠宝，大气磅礴，辉煌灿烂。惊叹古代惊人的匠人技艺和别具的匠心。天工开物不过如此……加上乾隆皇帝的独特审美和皇家的御用法度，更加无与伦比。,/Date(1509205279000+0800)/,3,4.285,0,0,0,0,0,0,0,0,0
210,87188787.0,珍宝馆单独收费，一进门是九龙壁。珍宝馆，分设于皇极殿、乐寿堂、颐和轩。主要是清宫收藏的金银玉翠、奇珍异宝制成的礼器、祭器、冠服、装饰品、生活用品以及宫室内的陈设品。,/Date(1497855772000+0800)/,2,4.191,0,0,0,0,0,0,0,0,0
211,36218441.0,买联票比较方便，直接刷身份证就可以进入，但是里面的人好多啊，只能是绕着圈观看拍照，主要收藏皇家珍藏的饰品与用品，运用了金银玉做成的雕饰品，看的眼花缭乱，展品做工非常精致，工艺可是十分优秀，部分还有介绍，被华丽的首饰给折服，古往今来漂亮的东西，是最受人喜欢的。,/Date(1574345293000+0800)/,0,4.286,0,0,0,0,0,0,0,0,0
212,229005196.0,"来过一次故宫，只沿着中轴线走了一次，没有看到东西宫殿很是遗憾。这次专程到大名鼎鼎的珍宝馆开开眼。
珍宝馆需购买门票，网上购票可以一并购买，一张身份证走遍故宫，十分方便。
果真是皇家排场，各类金银玉器真是琳琅满目。小到发簪戒指，大到金盆金碗，让人啧啧称赞。只可惜人多流动太快，像静静停下细品有点困难，只好先拍照，留着回家慢慢咂么了。
九龙壁前大家纷纷拍照留念，白龙的下腹部据说是一个工匠保命的智慧，所以尤为显眼。
看完还想再看一遍，珍宝馆真是名不虚传。",/Date(1567666395000+0800)/,0,4.286,0,0,1,0,1,0,0,0,0
213,171276315.0,为明、清两代帝王祭祀皇天、祈五谷丰登之场所。天坛是圜丘、祈谷两坛的总称，有坛墙两重，形成内外坛，坛墙南方北圆，象征天圆地方。主要建筑在内坛，圜丘坛在南、祈谷坛在北，二坛同在一条南北轴线上，中间有墙相隔。,/Date(1533631549000+0800)/,0,4.16,0,0,0,0,0,0,0,0,1
214,3957790.0,珍宝馆在故宫最东侧，比邻钟表馆，是在一片狭长的房间内，为防止光线对珍宝造成辐射伤害，所以房间内灯光很暗，照射在珍宝上的光线应该是经过特殊处理的，珍宝包括了佛像、珠宝、青铜器等等，能这么近距离接触珍宝还是很幸运的。,/Date(1527579094000+0800)/,0,4.284,0,0,0,0,0,0,0,0,0
215,31955072.0,北京故宫珍宝馆1958年开馆。是故宫博物院重要的常年开馆的陈列馆之一。与钟表馆一道以展示清代宫廷文物珍玩为主，并同书画、陶瓷、青铜、珍玩为主，并同书画、陶瓷、青铜、工艺等各馆共同组成故宫陈列体系。,/Date(1533632196000+0800)/,0,4.286,0,0,0,0,0,0,2,0,0
216,8982364.0,故宫最为精彩的地方，展览各类皇家珍宝，价值连城，大开眼界，值得游览。,/Date(1608017187000+0800)/,0,4.242,0,0,0,0,0,0,0,0,1
217,28501458.0,紫禁城内的建筑分为外朝和内廷两部分。外朝的中心为太和殿、中和殿、保和殿，统称三大殿，是国家举行大典礼的地方。内廷的中心是乾清宫、交泰殿、坤宁宫，统称后三宫，是皇帝和皇后居住的正宫。,/Date(1533817532000+0800)/,0,0.366,0,0,0,0,0,0,0,0,1
218,28501458.0,乐寿堂仿长春园淳化轩规制，其南北庭院东西廊壁嵌敬胜斋帖石刻。乾隆皇帝以此为退位后的寝宫，御题“座右图书娱画景”联句，故此堂亦称宁寿宫读书堂。,/Date(1523765491000+0800)/,2,4.286,0,0,0,0,0,0,0,0,0
219,27877832.0,这里是乾隆皇帝为自己退位后修建的养老房，但是乾隆皇帝，到死都攥着权利没撒手，所以也没正经养老，珍宝馆涵盖了这几处院落的。,/Date(1522075775000+0800)/,3,4.25,0,0,0,0,0,0,0,0,0
220,105698296.0,值得一看，就10块钱，里面的宝贝很惊艳的,/Date(1502073429000+0800)/,3,3.198,0,0,0,0,0,0,0,0,0
221,51567360.0,珍宝馆门票10元，学生票5元，还是值得一看，里面的首饰都很漂亮，不愧是皇家制造，都很精致，珍宝馆门票10元，学生票5元，还是值得一看，里面的首饰都很漂亮，不愧是皇家制造，都很精致,/Date(1553522347000+0800)/,0,4.286,0,0,0,0,2,0,0,0,0
222,4592641.0,故宫珍宝馆位于故宫博物院东边，设在故宫东北角的皇极殿西庑、养性殿、乐寿堂和颐和轩里。珍宝馆里有各类珍宝，现在为了修缮，只展览一部分。,/Date(1533629727000+0800)/,2,4.285,0,0,0,0,0,0,0,0,1
223,12789072.0,这里谈不上景色，故宫博物院内的一个相对独立的小景点，给大家开眼界的，让大家知道，世界上真有用钱买不到的宝物。,/Date(1600590237000+0800)/,1,3.155,0,0,0,1,0,0,0,0,0
224,27877832.0,故宫的珍宝馆收藏着清宫的很多奇珍异宝，有各色宝石镶嵌的巨型金佛塔，闪闪发光的金银器皿，珍珠翡翠串着的金丝凤冠，珍贵的珊瑚玉雕。,/Date(1522475567000+0800)/,2,4.239,0,0,0,0,0,0,0,0,0
225,57321229.0,馆内藏有许多精美文物，有首饰、宫廷用具、佛像等几类。我去的时候有部分因维修而未开放。,/Date(1533188122000+0800)/,0,1.397,0,0,0,0,0,0,0,0,0
226,27877832.0,故宫的珍宝馆还是比较有看点的，里面展出的，都是故宫中比较奢华的金银首饰，器皿，大型金佛塔，珍宝馆价钱便宜，只要10元钱门票。,/Date(1520939716000+0800)/,2,4.238,0,0,0,0,1,0,0,0,0
227,9052978.0,值得一去，在欣赏完九龙壁之后往里边走的路上刚好遇到了要考试的志愿者，讲解的很到位，了解了很多新知识，不错，从这些巧夺天工的珍宝里边可以窥见古时制作技艺的精湛,/Date(1529117815000+0800)/,0,4.286,0,1,0,0,0,0,0,0,0
228,102785630.0,养性殿，位于宁寿宫后的养性门内。为宁寿宫后寝主体建筑之一。清乾隆三十七年（1772年）仿内廷养心殿建造，体量略小，平面布局特殊。,/Date(1527635291000+0800)/,1,4.286,0,0,0,0,0,0,0,0,1
229,1821349.0,珍宝馆在故宫中部偏东的东区，也就是乾隆当太上皇住的区域。珍宝馆不是一个建筑，是一片建筑。里面的皇家摆件个个价值连城，最大的就是大禹治水图玉山。,/Date(1570490980000+0800)/,0,-7.9,0,0,0,0,0,0,0,0,2
230,2502958.0,故宫珍宝馆位于故宫博物院东部，设在故宫东北角的皇极殿西庑、养性殿、乐寿堂和颐和轩里。珍宝馆是一座宝库，有各色宝石，闪闪发光的金银器皿，珍珠翡翠，还有金丝凤冠、象牙玉雕，各类珍宝举世无双；最为突出的是有一座镐多塔，重达5000公斤的大型玉雕。,/Date(1549926464000+0800)/,1,4.286,0,0,0,0,0,0,0,0,0
231,4592641.0,故宫珍宝馆位于故宫博物院东部，设在故宫东北角的皇极殿西庑、养性殿、乐寿堂和颐和轩里。门票为10元，没有淡旺季之分。周一与故宫一样，全天闭馆。,/Date(1536405890000+0800)/,0,4.122,0,0,0,0,1,0,0,0,0
232,27877832.0,珍宝馆里有一块精致的九龙壁，全中国有四块九龙壁，山西大同的一块最高大，北海的九龙壁是双面的，这里的九龙壁确是最精致漂亮。,/Date(1527684855000+0800)/,1,4.281,0,0,0,0,0,0,0,0,0
233,40798240.0,门票10块钱，建议朋友们去看看，值得去,/Date(1519216990000+0800)/,1,-5.755,0,0,0,0,1,0,0,0,0
234,532362.0,珍宝馆即进入宁寿宫区，还包括戏曲馆、石鼓馆，门票10元。强烈推荐，珍宝馆你可以看到明清两代的皇家首饰，金银器皿，珍宝异玩，全球仅此一家。,/Date(1569412868000+0800)/,0,4.046,0,0,0,0,1,0,1,0,0
235,28143007.0,看珍宝，品历史长河里那些曾经的人与事,/Date(1503043474000+0800)/,1,4.219,0,0,0,0,0,0,0,0,0
236,218434535.0,故宫博物院的珍宝馆这里是额外收费的啊，有兴趣的可以过来看一看，故宫真的是非常的漂亮里面的珍宝也都是国宝了，来参观一下挺好的。,/Date(1570617407000+0800)/,0,4.285,0,0,0,0,0,0,0,0,0
237,13705259.0,珍宝馆在故宫东六宫内，不含在故宫门票内，另门票费10元，也是游客必须，一定要参观的，不参观珍宝馆，不知道什么才是真正的宝贝，,/Date(1550002576000+0800)/,0,-1.134,0,0,0,0,2,0,0,0,0
238,61798473.0,故宫珍宝馆里收藏着许多的故宫博物院的文物，很是精美，看着这些文物让人不禁想起了昔日紫禁城里的盛况和古代能工巧匠们精湛的技艺。,/Date(1532003673000+0800)/,0,4.286,0,0,0,0,0,0,0,0,0
239,216771820.0,故宫实在是太漂亮了小的时候来过一次发觉这里的宝物很多啊，这次过来玩发觉宝物都在珍宝馆的里面啊，要重新买门票的就进去看了看。,/Date(1571048216000+0800)/,0,2.581,0,0,0,0,1,0,1,0,0
240,4260283.0,珍宝馆这里还是有很多宝物的啊，特地又买了门票来这里看看，感觉还是很值得的呢，故宫这里不光是风景好看里面的宝物也非常的好看。,/Date(1571010092000+0800)/,0,4.278,0,0,0,3,1,0,0,0,0
241,27877832.0,故宫里的珍宝馆，可以说是我的大爱，这里的每一件物品，无不精奢淫巧，的确值得珍宝二字，门票居然只有10块钱，实在是太超值的。,/Date(1559310130000+0800)/,0,4.201,0,0,0,0,1,0,0,0,0
242,27877832.0,珍宝馆建在乾隆皇帝修建的皇极殿里，周围的偏房都是珍宝馆，里面展出的藏品的确是镶金嵌银，珠光宝器，皇极殿内的建筑也极其考究。,/Date(1526385896000+0800)/,0,3.133,0,0,0,0,0,0,0,0,1
243,27877832.0,一直以为故宫最好的东西都被带到台湾去了，原来北京故宫还珍藏着很多，博物馆里有志愿者进行讲解，可以更好的了解这些珍宝的故事。,/Date(1526132911000+0800)/,0,4.286,0,1,0,0,0,0,0,0,0
244,237208236.0,珍宝馆可以说是故宫博物院里面比较重要的一块地方了，和别的宫殿有所不同这里来玩的人还是不多的，因为这里要额外的购买门票呢。,/Date(1571049491000+0800)/,0,-1.597,0,0,0,0,1,0,1,0,0
245,232941348.0,故宫这里的珍宝馆是额外要买门票进去参观的，来都来了还是进去看看吧，里面真的是挺漂亮的东西也很多，了解一下还是挺不错的啊。,/Date(1571048435000+0800)/,0,4.279,0,0,0,0,1,0,0,0,0
246,73498192.0,故宫珍宝馆件件是精美绝伦，而且大开眼界，早有耳闻，故宫的珍宝馆都珍藏的一些精美的制品，今天一看过果不其然，真的是美极了！,/Date(1566029583000+0800)/,0,4.286,0,0,0,0,0,0,0,0,0
247,30557487.0,在故宫，除了欣赏这些古建筑外，还可以欣赏到的是大量珍贵的文物，据统计故宫内珍藏有上百万件珍贵文物。以文物的种类不同，分为多个展馆。其中珍宝馆和钟表馆最为引人注目，当时囊中羞涩，5元的参观费犹豫再三后作了放弃。,/Date(1548498797000+0800)/,0,4.286,0,0,0,0,0,0,0,0,1
248,27877832.0,珍宝馆，有一块巨大的玉石雕，雕刻的内容是大禹治水，整个玉石雕是故宫内最大的一块石雕，雕刻的人物众多，颜色应该是青玉色的。,/Date(1527342034000+0800)/,0,4.218,0,0,0,0,0,0,0,0,0
249,27877832.0,离开延喜宫顺着红墙夹道去乾隆坐太上皇的宫殿，乾隆皇帝在86岁的时候，禅位给了他的儿子嘉庆皇帝，于是成了太上皇，住在这里。,/Date(1526906426000+0800)/,2,4.188,0,0,0,0,0,0,0,1,0
250,27877832.0,珍宝馆是一座故宫宝库，有各色珠宝，闪闪发光的器皿，珍宝馆里有，紫禁城最精华的部分，九龙壁，三联印，发晶鼻烟壶，乾隆宝印。,/Date(1526648643000+0800)/,0,4.228,0,0,0,0,0,0,0,0,0
251,4592641.0,珍宝馆是比较安静的地方，需要单独购票，冬天选择这一片区域会暖呵一些，因为展室内可以避风，出去又可以照庭院，绝对值得一去。,/Date(1493564400000+0800)/,0,4.185,0,0,0,0,0,0,0,0,0
252,25497715.0,北京故宫珍宝馆是故宫博物院重要的常年开馆的陈列馆之一。故宫珍宝馆位于宁寿宫区域，分养心殿（第一室）、乐寿堂（第二室）、颐和轩（第三室）三处，馆藏珍宝极其丰富，涵盖佛教用品、饰品、日用器具和赏玩珍品等，这些珍宝大都选用金、银、玉、翠、珍珠及各种宝石等名贵材质，并征调各地著名匠师设计制造。竭尽巧思，不惜工本，其工艺代表了当时的最高水平。其中高14厘米的红珊瑚狮子、长137厘米的东珠朝珠、17.5厘米高的金“奉天之宝”玺等，都是难得一见的珍品。,/Date(1452842406000+0800)/,2,4.286,0,0,0,0,0,0,1,0,0
253,352543.0,珍宝馆是一座宝库，有各色宝石，闪闪发光的金银器皿，珍珠翡翠，还有金丝凤冠、象牙玉雕，各类珍宝举世无双；最为突出的是有一座镐多塔，重达5000公斤的大型玉雕。,/Date(1447668313000+0800)/,4,4.261,0,0,0,0,0,0,0,0,0
254,153095815.0,都是好东西，大开眼界，不错不错,/Date(1546349803000+0800)/,0,4.14,0,0,0,0,0,0,0,0,0
255,1981471.0,珍宝馆可以说是故宫必去的地方，件件展品都配得上最华丽的词藻和最隆重的赞美。门票10/人，这票价太值了。,/Date(1567824841000+0800)/,0,4.197,0,0,0,0,1,0,0,0,0
256,41410142.0,"【景色】珍宝馆分别设于皇极殿、乐寿堂、颐和轩等地，主要展示宫内的奇珍异宝，我只记得几件大型的，有九龙壁、寿山、福海……。
【性价比】这里单独售票，票价10元，北京人民的福利啊！",/Date(1557585018000+0800)/,0,4.285,0,0,0,1,0,0,0,0,0
257,65402481.0,故宫珍宝馆很好，里面的东西都是从未见过的，金如意、金盆、各种大宝石、凤冠等各种宝贝，都是故宫博物院珍藏的，门票成人10元，大开眼界。,/Date(1486527420000+0800)/,2,4.276,0,0,0,0,1,0,0,0,0
258,12932408.0,虽然又收了次门票 但是真的非常赞 看到了好多宝贝！当然走的精疲力竭哈哈但是值得！长了好多见识！！,/Date(1460504602000+0800)/,0,4.282,0,0,0,0,1,0,0,0,0
259,108168222.0,珠光宝气大钻石，就是假期太多了，有熊孩子还没人管,/Date(1502816352000+0800)/,2,-3.982,0,0,0,0,0,0,0,0,0
260,51567360.0,珍宝馆门票成人票十元一张，学生票五元一张，里面好多珍宝，宝石，里面也挺大的，直接走到底就是神武门出口，挺值得一看的，还有九龙壁,/Date(1476614668000+0800)/,2,4.239,0,0,0,0,1,0,0,0,0
261,6876332.0,超级漂亮 可以感受帝王家族的实力 每件都是艺术品,/Date(1568545284000+0800)/,0,4.285,0,0,0,0,0,0,0,0,0
262,179842633.0,故宫珍宝馆没有在中轴线上，而是在东通道上。如果跟团来，时间紧迫，肯定来不及仔细品味珍宝馆。我建议如果跟团，就不要看珍宝馆了。单花十元门票不说，还耽误参观中轴线上的大殿。我觉得逛珍宝馆要十分闲在的慢慢的逛。一进珍宝馆，是故宫的九龙壁，每条龙的眼镜都是突出来的，很有生机的样子。再里面有古树，珍宝，细细品味，也能逛上半天时间。,/Date(1528461945000+0800)/,0,4.285,0,0,0,0,1,0,0,0,0
263,2846261.0,珍宝馆需要单独购票进入，门票很便宜10元，预约故宫博物院门票时一起预订。著名的九龙壁，珍妃井都在这个景区，所以要想看这两个景点一定要买珍宝馆的门票才可以。,/Date(1503210000000+0800)/,0,4.209,0,0,0,0,3,0,0,0,0
264,27877832.0,珍宝馆在一圈矮趴趴的围房里，估计在明清时期，也是太监或者宫女居住的地方，这里的宝物，的确是非常令人震惊的，太漂亮了，好东西。,/Date(1572073691000+0800)/,0,2.233,0,0,0,0,0,0,0,0,0
265,27877832.0,故宫的珍宝馆里的确是华丽，第一张照片，是一顶镶嵌着珠宝的头冠，第二张照片是镶嵌着各色珠宝的香炉和配套的香铲，香夹是一套。,/Date(1525777163000+0800)/,0,1.675,0,0,0,0,0,0,0,0,0
266,44782620.0,就是这样我们喜欢这样加油。。ni来没呢。,/Date(1445638463000+0800)/,0,2.833,0,0,0,0,0,0,0,0,0
267,202034398.0,很幸运，天很蓝，与红墙黄瓦的宫殿完美搭配，再加上导游充满热爱幽默的讲解，故宫的美深入我心，再回，故宫！完美的体验，真的是一次非常棒的旅程。,/Date(1564212107000+0800)/,5,4.286,0,2,0,0,0,0,0,0,0
268,82467875.0,珍宝馆是在故宫门票后再加10元进去参观的。如果你以为自己是一个珠宝珍品陈列室那就错了，里面也有非常多的宫殿、以及大名鼎鼎的九龙壁就在这里。,/Date(1522608290000+0800)/,1,3.763,0,0,0,0,1,0,0,0,0
269,77699883.0,故宫就在天安门里面，是古代皇帝的皇宫。当年只有达官贵人皇亲国戚才能进去的地方现在只需要一张门票便可进入。需要注意的是夏天最好做好防晒，里面几乎没有遮阳的地方。,/Date(1482826494000+0800)/,0,4.278,0,0,0,0,1,0,0,0,0
270,24519028.0,北京故宫珍宝馆是故宫博物院重要的常年开馆的陈列馆之一。故宫珍宝馆位于宁寿宫区,/Date(1461402294000+0800)/,0,4.276,0,0,0,0,0,0,0,0,0
271,26136009.0,是故宫博物院重要的常年开馆的陈列馆之一。与钟表馆一道以展示清代宫廷文物珍玩为主，并同书画、陶瓷、青铜、珍玩为主，想看文物来这儿没错,/Date(1505743656000+0800)/,1,4.284,0,0,0,0,0,0,2,0,0
272,2058805.0,珍宝馆里 主要是一些饰品类的古董 那些物件儿看上去确实非常精美 不过排队是要排很久的 而且因为人流大 所以不能驻足观看 停久了 工作人员会催促的 不过很值得去看,/Date(1503497674000+0800)/,0,4.262,1,0,1,0,0,0,0,0,0
273,78869107.0,"国家珍宝上下五千年文明智慧结晶任务规则：
1）关注微信公众号“携程旅行网”（ictrip），并输入“今日命令”即可获得！
2）用户当天首次登录携程手机客户端，并在“签到有礼”中输入有效密令，即可获得3积分！",/Date(1514807532000+0800)/,1,4.255,0,0,0,0,0,0,0,0,0
274,3923618.0,是需要额外买门票进去的但是去了一定要进去看看，拍了好多照片,/Date(1449925425000+0800)/,0,-8.324,0,0,0,0,1,0,0,0,0
275,416356.0,故宫的真正的宝贝，不过票价略贵，跟大门票比起来。,/Date(1451899114000+0800)/,0,1.221,0,0,0,0,1,0,0,0,0
276,29866062.0,超好，非常好，特别好。好得不得了verygood,/Date(1451821672000+0800)/,0,3.317,0,0,0,0,0,0,0,0,0
277,82467875.0,太多珍宝，叹为观止。欣赏到很多精美物品。有各色宝石，闪闪发光的金银器皿，珍珠翡翠，还有金丝凤冠、象牙玉雕，各类珍宝举世无双,/Date(1505787496000+0800)/,0,4.251,0,0,0,0,0,0,0,0,0
278,48671846.0,珍宝馆的珍宝可谓名不虚传，颗颗珍珠，粒粒宝石，屡屡金丝，太华美，太璀璨了，感慨我中华地大物博，竟然有如此之多的稀奇珍宝。,/Date(1551745061000+0800)/,0,4.285,0,0,0,0,0,0,0,0,0
279,259064075.0,这里面有很多的珍宝，值得一看，去发现，,/Date(1579052618000+0800)/,0,3.561,0,0,0,0,0,0,0,0,0
280,73296320.0,珍宝馆里有皇帝，嫔妃用的日常用品,/Date(1577160581000+0800)/,0,4.073,0,0,0,0,0,0,0,0,0
281,2053546.0,需要单独买门票，并不贵，也不错！,/Date(1576450393000+0800)/,0,3.137,0,0,0,0,1,0,0,0,0
282,1726151.0,一说起珍宝馆就想起深宫里的故事,/Date(1577097588000+0800)/,0,1.973,0,0,0,0,0,0,0,0,0
283,35064924.0,里面的馆藏真是丰富，我特别喜欢,/Date(1576509119000+0800)/,0,0.629,0,0,0,0,0,0,0,0,0
284,183790358.0,就是人太多了 东西是真不错 叹为观止 觉得古代当王妃可太幸福了……珠宝都超好看 慢点儿走的话能看的全一些 值得一去的哦,/Date(1535844359000+0800)/,0,4.27,0,0,1,1,0,0,0,0,0
285,16505219.0,上回来北京由于脚伤没能来参观，此行第一时间补上的珍宝馆[耶]话说乾隆和郑少秋长得差好远呀～,/Date(1490436078000+0800)/,0,-4.819,0,0,0,0,0,0,0,0,0
286,32763647.0,到了故宫，珍宝馆还是有必要打个卡的，里面的金银玉器，首饰真的很漂亮。,/Date(1507980195000+0800)/,1,3.981,0,0,0,0,0,0,0,0,0
287,50359082.0,需要单独门票的地方，记得是十块钱，花门票进来就对了，里面有很多的珍贵东西，每一个都很精致,/Date(1465696079000+0800)/,0,4.246,0,0,0,0,2,0,0,0,0
288,616685.0,珍宝馆里是艺术的品鉴，里面展示的都是国宝级的，也显示了我国工艺的技艺水平，非常值得观赏。,/Date(1450932333000+0800)/,0,4.286,0,0,0,0,0,0,0,0,0
289,44677432.0,人太多了！节假日不是好的去处东西肯定是世界最好的,/Date(1445734143000+0800)/,2,3.789,0,0,1,0,0,0,0,0,0
290,87094334.0,先人的技法真的是巧夺天工。件件都是精品。,/Date(1503365152000+0800)/,2,3.941,0,0,0,0,0,0,0,0,0
291,40069175.0,珍宝馆还是要进去的，不去看不知道古人是多么奢华，也会被饰品的华丽，精巧所惊艳到。,/Date(1496439757000+0800)/,0,4.022,0,0,0,0,0,0,0,0,0
292,5496152.0,虽然需要另外付费参观，但还是很值得一看的，可以从另一个侧面了解故宫的历史和变迁。,/Date(1486985258000+0800)/,0,4.117,0,0,0,0,0,0,0,0,0
293,37417826.0,这里真的是有各色的宝贝，都价值连城啊,/Date(1516021835000+0800)/,2,3.939,0,0,0,0,0,0,0,0,0
294,5787503.0,这个地方还是很值得看哒，看完后回长知识哦，而且会发现我们的先人不要太聪明哦,/Date(1508858168000+0800)/,0,3.984,0,0,0,0,0,0,0,0,0
295,4167438.0,这是故宫中的另一个景点，要进去游览是需要另买门票的，五块钱，觉得就那样,/Date(1503158314000+0800)/,0,-3.916,0,0,0,0,1,0,0,0,0
296,94049906.0,九龙壁，珍妃井。那珍妃是有多小啊，可以塞进那个井口,/Date(1498128552000+0800)/,1,-1.338,0,0,0,0,0,0,0,0,0
297,87737352.0,没有说的，中外游客必须要去的地方，性价比非常高。,/Date(1502365225000+0800)/,1,-4.547,0,0,0,0,0,0,0,0,0
298,23034414.0,当年最后悔的是，一看这里还要另外收门票，还以为是山寨圈钱没去。遗憾。,/Date(1497945329000+0800)/,0,-9.665,0,0,0,0,1,0,0,0,0
299,1487368.0,记忆里小时候来的时候，珍宝馆里有好多宝贝，不知道是不是都收起来了。,/Date(1453391788000+0800)/,0,3.708,0,0,0,0,0,0,0,0,0
300,101957037.0,珍宝馆真的挺大的……在钟表宫的前面但是暑假有的地方修缮所以没开,/Date(1500113069000+0800)/,0,1.901,0,0,0,0,0,0,0,0,0
301,5423548.0,故宫博物院的皇家文物，都珍藏在珍宝馆里，需要另外购票参观。,/Date(1569126069000+0800)/,0,4.169,0,0,0,0,0,0,0,0,0
302,4112566.0,故宫里最值得观赏的地方，这里集中了中国历史上最经典的文物。,/Date(1504137277000+0800)/,0,4.284,0,0,0,0,0,0,0,0,0
303,66437342.0,我去故宫最喜欢的就是看珍宝馆，里面的都是特别有价值的珍宝。,/Date(1500220069000+0800)/,0,4.21,0,0,0,0,0,0,0,0,0
304,96227225.0,一家人去北京玩的，带的宝宝，秀才说太赞了，对我们照顾有佳，风趣幽默，太给力了，全程很舒服，很省心，下次来再选秀才说。非常愉快的旅行。,/Date(1564211180000+0800)/,0,4.247,0,0,0,0,0,0,1,0,0
305,4611850.0,单独的馆，十块钱，马上这个馆展览的宝贝都要换了，期待,/Date(1508719431000+0800)/,0,-4.432,0,0,0,0,0,0,0,0,1
306,86714986.0,宝物多，去故宫，一定要去看看的，,/Date(1507387034000+0800)/,1,0.69,0,0,0,0,0,0,0,0,0
307,21098295.0,看下皇家的珍宝，值得一游！每次游故宫，必玩儿珍宝馆。,/Date(1455596778000+0800)/,0,3.763,0,0,0,0,0,0,1,0,0
308,112233383.0,很多珍贵的珍宝！让人目不暇接，璀璨无限！稀世珍宝！,/Date(1573951052000+0800)/,0,4.285,0,0,0,0,0,0,0,0,0
309,22281011.0,里面有好多好东西啊，看了就很想拥有那种，哈哈哈哈,/Date(1508380717000+0800)/,0,4.251,0,0,0,0,0,0,0,0,0
310,35402098.0,很大，珍宝也就那样，好东西都遗失了吧，值得一看。,/Date(1454327798000+0800)/,4,4.258,0,0,0,0,0,0,0,0,0
311,21980238.0,珍宝馆其实很大，仔细逛需要半天时间，一定要去看。,/Date(1453547505000+0800)/,0,0.465,0,0,0,0,0,0,0,0,0
312,112649248.0,一如既往的好，不过这次没看到玉白菜，是没走全吗,/Date(1509594670000+0800)/,0,1.249,0,0,0,0,0,0,0,0,0
313,65652026.0,里面的奇珍异宝好多，钟表和玻璃类制品尤其好看。,/Date(1507267836000+0800)/,0,-2.815,0,0,0,1,0,0,0,0,0
314,76022830.0,奇珍异宝，数不胜数，每一件都经过金雕玉镯，完美,/Date(1500602977000+0800)/,0,3.916,0,0,0,0,0,0,0,0,0
315,43854462.0,故宫珍宝馆里放的都是皇宫最贵重的物件，很值得看,/Date(1496100723000+0800)/,0,4.04,0,0,0,0,0,0,0,0,0
316,52741672.0,从北京出发，各项准备工作要开始了！从签证开始！,/Date(1457915945000+0800)/,0,3.16,0,0,0,0,0,0,0,0,0
317,175505501.0,这个古建筑保护的很好很完整，希望继续保持下去,/Date(1527084087000+0800)/,0,3.917,0,0,0,0,0,0,0,0,1
318,13074262.0,故宫珍宝馆精彩的展览很多，赵孟頫特产很不错。,/Date(1519913855000+0800)/,0,4.284,0,0,0,0,0,0,0,0,1
319,90436956.0,故宫里面的，可以看中国古代的宝物，并了解历史,/Date(1496725445000+0800)/,0,4.268,0,0,0,0,0,0,0,0,0
320,91240569.0,去北京，这是必去的地方，真的是，文化古迹啊,/Date(1506522230000+0800)/,0,1.381,0,0,0,0,0,0,0,0,0
321,168295976.0,珍宝馆位于故宫博物院东部，是一座大宝库。,/Date(1523315170000+0800)/,0,4.049,0,0,0,0,0,0,0,0,0
322,86682015.0,原来的皇家园林的独家庭院一个个都被利用起来做各种小展览。我们去的时候是北傅南张的画展，挺不错。就在园区内，路过看看挺好的,/Date(1519866133000+0800)/,0,-0.445,0,0,0,1,0,0,0,0,1
323,74851803.0,里面有很多古代的珍稀异宝，古人确实很厉害,/Date(1511941238000+0800)/,0,4.187,0,0,0,0,0,0,0,0,0
324,64836710.0,除了欣赏建筑，还可以看到各种珍贵的展品,/Date(1506097221000+0800)/,0,4.044,0,0,0,0,0,0,0,0,1
325,46772435.0,"真的很一般，但实在称不起珍宝馆这个名字，东西都比较沉旧，感觉没有人维护的样子，灰沉沉的，和台北故宫不能比。

所以，北京只能看看建筑，珍宝什么都免了吧，实在不象珍宝，没人维护，可能精仿都比它好看＝ ＝",/Date(1458889479000+0800)/,0,3.955,0,0,0,1,0,0,0,0,1
326,2480097.0,奇珍异宝，琳琅满目，一定要驻足浏览。,/Date(1571791539000+0800)/,0,0.799,0,0,0,0,0,0,0,0,0
327,56767563.0,意义不大，还要单独收费，性价比不高。,/Date(1571027117000+0800)/,0,3.619,0,0,0,0,0,0,0,0,0
328,195612074.0,在这里参观真不错，景色真的真的很美,/Date(1563890665000+0800)/,0,4.277,0,0,0,1,0,0,0,0,0
329,8124532.0,都是珠宝金器玉器，文化层面不算太高,/Date(1511357485000+0800)/,0,0.281,0,0,0,0,0,0,0,0,0
330,91413150.0,这里是展示一些珍宝藏品，值得一观。,/Date(1499485263000+0800)/,0,4.254,0,0,0,0,0,0,0,0,0
331,20600575.0,最值得去的地方，奇珍异宝全都有！,/Date(1500032305000+0800)/,0,-1.676,0,0,0,0,0,0,0,0,0
332,6873117.0,到故宫博物院游览，必看的地方。,/Date(1561386009000+0800)/,0,2.881,0,0,0,0,0,0,0,0,0
333,17185937.0,古香古色，华丽无比，夺人眼目。,/Date(1504511758000+0800)/,0,4.139,0,0,0,0,0,0,0,0,0
334,13720120.0,门票不贵，里面有不少清朝的宝贝,/Date(1497226921000+0800)/,0,3.976,0,0,0,0,1,0,0,0,0
335,6510510.0,很好！来北京值得一去的地方！,/Date(1500600352000+0800)/,0,2.755,0,0,0,0,0,0,0,0,0
336,21119218.0,胡导很出色，声情并茂的讲述了紫禁城的故事。详细介绍了各种典故以及历史渊源，获益匪浅！,/Date(1564208750000+0800)/,0,4.286,0,0,0,0,0,0,0,0,0
337,347714.0,需另外购票，就在故宫正门旁边，门口有著名的九龙壁。里面专门看故宫中的文物的。,/Date(1456326077000+0800)/,0,4.258,0,0,0,0,0,0,0,0,0
338,89746640.0,金如意、金盆、各种大宝石、凤冠等各种宝贝，都是故宫博物院珍藏的，大开眼界。,/Date(1493987919000+0800)/,0,4.258,0,0,0,0,0,0,0,0,0
339,36825588.0,很多景区都还没有开放 不过挺值得一看 里面人也没有那么多,/Date(1498583868000+0800)/,1,4.049,0,0,0,0,0,0,0,0,0
340,40180879.0,没有隔壁的钟表馆好，联票价格不贵,/Date(1497337398000+0800)/,2,-8.648,0,0,0,0,1,0,0,0,0
341,160364910.0,九龙壁和珍妃井都在珍宝馆里。门票10元不贵，进去走走看看也不错,/Date(1523498957000+0800)/,0,3.135,0,0,0,0,1,0,0,0,0
342,4095102.0,走进珍宝馆，一件件文物让人眼花缭乱，难怪古代人人都想做皇帝,/Date(1502272795000+0800)/,0,4.25,0,0,0,0,0,0,0,0,0
343,80583593.0,还不错，跟钟表馆一样还行，虽然很小，很破旧但也有点看头。,/Date(1528466880000+0800)/,0,2.106,0,0,0,0,0,0,0,0,0
344,6715205.0,额外收费，但来了故宫就必去的地方，都是国宝级的展品。,/Date(1458132781000+0800)/,0,-4.484,0,0,0,0,0,0,0,0,0
345,59381366.0,了解历史，倾听故事，受益匪浅！,/Date(1510327255000+0800)/,1,4.272,0,0,0,0,0,0,0,0,0
346,,最大的感受就是乾隆太奢侈了，烧了多少钱。。。,/Date(1463658569000+0800)/,0,-6.589,0,0,0,0,0,0,0,0,0
347,52172828.0,故宫里面的园中园，需要另外收费。不太划算。,/Date(1582857595000+0800)/,0,-2.996,0,0,0,0,0,0,0,0,0
348,3412461.0,地方不算大，里面的文物大多小巧，珍贵异常,/Date(1472692734000+0800)/,0,4.283,0,0,0,0,0,0,0,0,0
349,74308503.0,里面的珍宝，的确是非常精致考究。,/Date(1571834589000+0800)/,0,4.023,0,0,0,0,0,0,0,0,0
350,151891892.0,这个还需要再买票进入，太不地道了,/Date(1512264318000+0800)/,0,-8.486,0,0,0,0,0,0,0,0,0
351,53724054.0,珍宝馆说实在的不是很值！！！！！,/Date(1502439620000+0800)/,0,-9.105,0,0,0,0,0,0,0,0,0
352,30274343.0,珍宝馆真的很不错的，可以去看看,/Date(1501721683000+0800)/,0,3.773,0,0,0,0,0,0,0,0,0
353,106215071.0,不怎么值得去，好多东西都看不到了。,/Date(1504332713000+0800)/,2,-0.033,0,0,0,0,0,0,0,0,0
