,uid,comment,date,like,sorce,#服务方面#cnt,#导游方面#cnt,#人流方面#cnt,#景色方面#cnt,#价格方面#cnt,#饮食方面#cnt,#娱乐方面#cnt,#儿童方面#cnt,#设施方面#cnt
0,234580754,"去红砖，我就是冲着砖去的！置身在红砖的院子里，心里很敞亮、踏实😁

看过红砖回老家的院子都采用红砖拼凑地砖啦😄

如果带一个会照相的朋友，那真是太值得了😛

意外的惊喜是，院里有好几只可爱的猫咪！让静止的院墙灵动起来，跟它们嬉戏一会儿，心情大好😁😁😁",/Date(1666450859000+0800)/,1,4.285,0,0,0,0,0,0,0,0,0
1,422065806,展览很有特色，环境独特，值得去,/Date(1677455344000+0800)/,0,4.19,0,0,0,1,0,0,0,0,1
2,1611668,不大，人也不多，适合拍照，后面的园子挺不能的，错落有致，设计感很强。过马路就是果园西餐厅，走10分钟就是奥莱,/Date(1679182874000+0800)/,0,-0.763,0,0,0,0,0,1,0,0,0
3,30579796,如果特意准备几身衣服去拍照的话，这里是不允许换装再进入的，匪夷所思的规定。,/Date(1676178829000+0800)/,0,-7.157,0,0,0,0,0,0,0,0,0
4,304794434,"【景色】建筑美如画
【趣味】美术欣赏好去处",/Date(1662855099000+0800)/,1,4.283,0,0,0,1,0,0,1,0,1
5,176077671,拍照还可以，但如果只为拍照，略显不值，地方不算大，春天去可能拍照效果会好一点。,/Date(1665121550000+0800)/,1,4.164,0,0,0,0,0,0,0,0,0
6,47888586,各地各种各样的美术馆，北京市的红砖美术馆挺好的有特色的。,/Date(1664690623000+0800)/,0,-1.427,0,0,0,0,0,0,0,0,0
7,304794434,"【景色】不错
【趣味】展览有特色",/Date(1663200630000+0800)/,1,4.193,0,0,0,1,0,0,1,0,1
8,4999993,有意思的网红艺术馆，很多电影的取景地，结合故事来联想，不错哦！冬季白雪落红砖，雨水击打红砖，滴答滴答，仿佛时间静止，快来给自己一个大片时刻吧！,/Date(1654240383000+0800)/,3,4.273,0,0,0,0,0,0,0,0,0
9,263090383,票不便宜，拙政园票才70,/Date(1673435422000+0800)/,0,-9.575,0,0,0,0,0,0,0,0,0
10,4829184,"📍详细地址：北京市朝阳区崔各庄乡何各庄村顺白路马泉营西路路口西100米路北。

🚗交通攻略：可以自驾前往 美术馆门口的停车位不多 可以停在旁边的塞特奥莱 也可以地铁到15号线马泉营展B出口出来步行十分钟就到了。

🕙营业时间：旺季10:00-18:00（最后入场17:30）淡季提前闭门半个小时。

💰人均消费：门票130块 包括展览和庭院参观。

🌟亮点特色：美术馆的设计实在是匠心独具。建筑材料非常简单-就是红砖和灰瓦，但是通过规则的设计和对称的结构，演变出无数的纹案变化，每个角度都适合拍照。

💗推荐理由：拍照可以着重建筑的空间感和光影。比如圆形砖门 一道门套一道门的景深；还有玻璃窗透光的影子。庭院的山水和园林也很美，天气好的时候，有种小七孔的感觉。庭院面积不算大，但是通过空间的分割，曲径回廊的设计，使得整个空间有效延伸了。

📌小Tips：推荐大家尽早来，最好上午十点就到，人比较少。可以先拍室外园林 后看室内展览。基本拍照需要两个小时，美术馆里有餐厅叫红砖房子，提供简餐，价格可以接受。",/Date(1601214146000+0800)/,3,4.285,0,0,0,2,2,1,0,0,4
11,32505989,不虚此行，找回了疫情前旅行的感觉，谢谢红砖美术馆。,/Date(1662284398000+0800)/,0,0.225,0,0,0,0,0,0,0,0,0
12,5118731,北京超级小众打卡地，需要提前在公众号上提前免费预约，然后再买票。红砖美术馆刚好在展出徐冰的太空艺术展作品，非常的惊喜，下午固定时间点有专门的工作人员免费给大家浏览讲解，全程大概30到40分钟左右。看完艺术展还可以去外面的花园走走，对称的建筑楼阁加上红砖的设计，随手一拍都是大片。,/Date(1646470262000+0800)/,0,4.261,1,1,0,0,0,0,0,0,1
13,6555235,总体很安静，建筑特色浓郁，适合拍照打卡。展品都是国外艺术家的作品，需要对照海报慢慢看才能感受到作者的创作意图。园中有一家西餐厅不错，价格小贵但是菜品味道还不错的。,/Date(1626179002000+0800)/,3,4.286,0,0,0,0,1,1,0,0,1
14,44659696,红砖美术馆是一堆红砖的房子哈哈，然后有一个展，就是徐新的太空火箭展，虽然不太理解，但是觉得蛮有意思就好，照片拍出来比实际感觉要好,/Date(1648540853000+0800)/,2,-6.751,0,0,0,0,0,0,0,0,0
15,35965642,红砖美术馆美术爱好者不可错过，建筑风格独特，有特色，趣味性强，感觉非常不错，性价比超高的，位置得天独厚，挺好的，不错不错。,/Date(1639922668000+0800)/,6,4.286,0,0,0,0,0,0,1,0,1
16,72783845,"红砖灰砖错落搭配，直线弧线方圆之间形成一幅幅特别的画面。
院里不大的水面清澈平静，有两只黑天鹅自由游弋着，时近时远。
游客不多，比较清静，院内有餐厅咖啡厅，方便充电和补充能量。
初春时节，院内的色彩还不够丰富，估计夏季秋季的景色会更美一些。",/Date(1647092384000+0800)/,0,4.268,0,0,0,1,0,1,0,0,0
17,205479826,红砖美术馆与其他美术馆在建筑上的最大不同，是采用中国传统园林意象精心打造的现代园林，构成了参观体验和建筑结构上的双重延伸，一天中的不同时段会呈现出不同面貌，非常有层次感。,/Date(1648053339000+0800)/,4,4.286,0,0,0,2,0,0,0,0,2
18,8921291,位于北京东北角的红砖美术馆，用红砖砌成的小院，中间有湖，是个打卡拍照的好地方，各种角度都可以拍照，就是门票有些贵，因为含有艺术展。,/Date(1633419119000+0800)/,2,2.831,0,0,0,0,1,0,0,0,0
19,9176317,适合拍照，风景宜人，简直不要太美好,/Date(1621389601000+0800)/,2,-1.225,0,0,0,1,0,0,0,0,0
20,32379437,"真•又红又专的美术馆。
建筑的趣味和艺术性。
离市区有点远，还是值得一来的。",/Date(1638286421000+0800)/,0,0.332,0,0,0,0,0,0,1,0,1
21,158247890,景色很美，人很少，当天去的时候还有婚礼，环境优美，还赶上黑天鹅下蛋，孩子看的可开心了！,/Date(1631599466000+0800)/,1,4.283,0,0,0,2,0,0,0,0,0
22,41236358,第二次来红砖，美好。,/Date(1660320977000+0800)/,0,-5.366,0,0,0,0,0,0,0,0,0
23,177427390,这里值得去的，砖🧱的艺术，建筑的美学,/Date(1622437277000+0800)/,1,4.173,0,0,0,0,0,0,0,0,1
24,69331819,"只要进到院子就要展览的门票吗？我记得之前是院子不要门票的。比较讨厌这种因为是节日，为了盈利降低体验的感觉。这个展览很久了，确实没兴趣。以后看看吧，实在没好看的展，一个院子不逛也无所谓，哈哈。
交通:
离马泉营奥莱很近，顺便逛逛街",/Date(1620099650000+0800)/,2,4.178,0,0,0,1,2,0,0,0,2
25,274435136,高级，太高级了。这画展66666,/Date(1617449188000+0800)/,0,-8.447,0,0,0,0,0,0,0,0,0
26,81191715,非常一般，不要相信网上那种拍的网红照片。里面的展览非常少，算是液晶电视给你放视频，放的也是一些听不到声音，不知道什么东西的视频。红砖也并没有那么好看，都是拍了照片加的滤镜，有点失望,/Date(1633321990000+0800)/,4,-9.751,0,0,0,1,0,0,0,0,1
27,78966651,香江北路的奥莱边上，大门口非常的不起眼，进去却别有洞天，简约而不简单！值得一去啊红砖🧱复古，地面都是用瓦片立体堆砌而成中式建筑风格，里面有很多猫咪🐱！,/Date(1600268560000+0800)/,5,4.281,0,0,0,0,0,0,0,0,1
28,41188603,美术馆很漂亮，基本大多数去红砖的都是拍照的。性价比一般般，拍照很好，如果门票能半价就好了，或者买年卡也不错。聚合彩虹展不错。,/Date(1657189167000+0800)/,0,4.283,0,0,0,0,1,0,0,0,0
29,37288617,蛮好的 比较喜欢园林 可以发一天的呆,/Date(1631934835000+0800)/,2,0.258,0,0,0,1,0,0,0,0,0
30,2991166,非常值得去的美术馆，红砖的建筑设计，非常独特，光线的运用非常具有艺术感。,/Date(1620451188000+0800)/,5,4.228,0,0,0,0,0,0,0,0,1
31,25919976,美术馆的建筑设计由著名建筑师、北京大学建筑研究中心教授董豫赣担纲，与周边土地相结合、在原有环境中生长，采用红色砖块作为基本元素，辅以部分建筑上青砖的使用，打造出一座配备有当代山水庭院的园林式美术馆，并也因此成为红砖美术馆在众多美术馆建筑中脱颖而出的最大特色。观众在这里可以获得全新的审美体验，不仅能够观看到室内的作品展出，亦可游弋于户外各种景观之中。独特的建筑语言和创新的园林景观为当代艺术与文化的发生、碰撞、呈现，提供了不同于传统美术馆的多种可能性。[1],/Date(1595387541000+0800)/,0,4.286,0,0,0,3,0,0,0,0,6
32,30066010,景点有点远，场馆的建筑确实还是很漂亮的，但是和门票比起来性价比还是偏低的，周围除了一个奥特莱斯也没别的地方可以逛逛，整体评价一般吧，基本上一两小时就可以逛完了,/Date(1624437104000+0800)/,2,4.274,0,0,0,0,1,0,0,0,1
33,30066010,红砖的交通不是很便捷，周围不算热闹，建筑还是比较有看点的，但展览要看具体安排，但整体性价比感觉还是偏低的，去的话需要提前预约,/Date(1621843094000+0800)/,1,4.263,0,0,0,0,0,0,0,0,2
34,1301414,红砖美术馆，位于马泉营附近，乘坐地铁十五号可以直接抵达。交通便利，停车位有限，可以寻找附近合法停车位。艺术性观赏性比较好！,/Date(1633733582000+0800)/,1,4.204,0,0,0,0,0,0,0,0,0
35,160202728,有时间可以来静一静，放空一下自己，如果没有那个文艺的心情和主动的感悟，就不用来了，因为还是挺贵的，停车位不足，地方远，大多数人也未必看得懂…,/Date(1596869406000+0800)/,2,4.22,0,0,0,0,0,0,0,0,0
36,193002981,这次其实并不是奔着看展来的，因为对莎拉·卢卡斯的作品并没有太感冒，只是单纯因为想念这个后花园了…这个展确实像有些人说的那样太露骨了，甚至被说不适合男士去看，确实露骨，但坦然面对这些的，不是更应该值得敬仰的吗。,/Date(1590726278000+0800)/,3,4.286,0,0,0,0,0,0,0,0,0
37,39318749,红砖美术馆的建筑设计由著名建筑师、北京大学建筑研究中心教授董豫赣担纲，与周边土地相结合、在原有环境中生长，采用红色砖块作为基本元素，辅以部分建筑上青砖的使用，打造出一座配备有当代山水庭院的园林式美术馆，并也因此成为红砖美术馆在众多美术馆建筑中脱颖而出的最大特色。观众在这里可以获得全新的审美体验，不仅能够观看到室内的作品展出，亦可游弋于户外各种景观之中。,/Date(1583751999000+0800)/,3,4.286,0,0,0,2,0,0,0,0,5
38,39566069,总体超赞，有趣好玩，景色不错，,/Date(1616479928000+0800)/,1,4.285,0,0,0,1,0,0,2,0,0
39,332966696,额可能是我不懂艺术吧。以及东西太少了 还没逛几下就没了性价比低，可玩性低，有待改进，拍照是我调暗了之后拍的，去哪里拍都这样，还有我看评论里了红砖院子景色，居然不要钱！！！是免费进院子里拍照，而我拍的照片才是要钱的（…？,/Date(1624176337000+0800)/,0,-9.999,0,0,0,1,0,0,1,0,0
40,258624779,展品很艺术，建筑很独特。,/Date(1621982675000+0800)/,0,4.189,0,0,0,0,0,0,0,0,1
41,237381997,红砖美术馆有艺术感，有特色，红砖建筑，有时代的气息，趣味性强，适合拍照的好地方，值得推荐给大家，美美的心情，陶冶了情操和心灵。,/Date(1619500317000+0800)/,0,4.286,0,0,0,0,0,0,1,0,1
42,13288065,说实话，门票有点贵，但是能看到这么多的砖技术还是很过瘾的，建筑设计和施工把各种砖的可能性都用到了，冬天人很少，后边的庭院呈现出一种不同的萧瑟感。,/Date(1604422299000+0800)/,1,4.283,0,0,0,0,1,0,0,0,1
43,4859426,红砖美术馆真心值得一来，它与其他美术馆的不同在于园林与建筑的完美结合，利用红砖的独特建筑语言，是一座于生长于喧嚣之外的当代美术馆，这里还对光影有独具一格的表现，如果可以呆一天，那一定会拍出各种不同的光影照，非常有层次感,/Date(1557840649000+0800)/,11,4.282,0,0,0,1,0,0,0,0,2
44,4811460,别具一格的红砖美术馆：红砖美术馆地处朝阳区东北部的何各庄。是一家私人办的艺术馆，但很有特色，是用红砖、青砖、瓦片组成的各种几何图形。使人们看到了建筑的艺术美。美术馆每月第一周的星期四，免费向公众开放。平日门票40元一张呀，70岁老人凭证件免票。,/Date(1522836257000+0800)/,20,1.981,0,0,0,0,1,0,0,0,1
45,31036055,红砖美术馆是已红砖为主要外墙材料，利用砖块的颜色和形状塑造出各种具有艺术气息的建筑。这些建筑本身就是艺术品，建筑内部就是展厅，经常有一些小型艺术展览供游客参观！这里也有青砖，基本是传统月亮门造型，是另一种感觉！所有的建筑物上都有爬山虎，显得很有情调和生趣！这里是拍照圣地，随手一拍都很美！内有餐厅，提供西餐！,/Date(1504914816000+0800)/,36,4.286,0,0,0,0,0,1,0,0,5
46,173669254,好好好好好好好好好好好好好好好,/Date(1645584182000+0800)/,0,2.322,0,0,0,0,0,0,0,0,0
47,28427292,景色不错，适合过去拍照打卡玩。,/Date(1623764062000+0800)/,0,4.194,0,0,0,1,0,0,1,0,0
48,8046808,当时把图片发朋友圈很轰动，大家都问是哪儿求地址，还有人套图转发了。深秋去真的很美，有意境，三岁的小朋友都很喜欢,/Date(1445525302000+0800)/,36,3.972,0,0,0,0,0,0,0,0,0
49,102785630,已经在网上看到了无数次红砖美术馆被人推赞，一定要去的网红打卡地。这里的红砖绿瓦、小桥流水，还有现代化的建筑，随便一处拍照都好看。,/Date(1588547062000+0800)/,1,-7.811,0,0,0,1,0,0,0,0,1
50,21119218,这是一个黑色和透明玻璃架构起来的有趣“拼图”，身处其中，大可抛弃眼睛“看”的作用，尽情感受自然的气息,/Date(1629462438000+0800)/,0,4.286,0,0,0,0,0,0,1,0,0
51,24735174,"【景色】不能说有多好或者不好，毕竟我没进去看展览，展览价格不便宜，记得好像上百了。当时是十一期间，就在外围转了一圈，还逛逛卖展览周边的商店，商店忘了拍照。
【趣味】整体建筑造型有点趣味性，文艺男女和情侣比较适合
【性价比】坦白说个人觉得性价比不高，当然这个事每个人理解不一样，艺术无价嘛，但转念一想毕竟故宫才多少钱呀！",/Date(1608173211000+0800)/,1,4.286,0,0,0,1,1,0,2,0,4
52,15233854,带学生来参观的。交通略微偏，停车方便，门票性价比好，一定要听讲解，不同时候不同展，花园很别致，有休息的咖啡厅，周末人多。,/Date(1585440689000+0800)/,1,4.286,0,1,1,0,1,0,0,0,0
53,80624029,红砖美术馆正在举办英国艺术家萨拉·卢卡斯亚洲最大规模的艺术展，北京是首秀，如有兴趣的朋友可以前往观看。美术馆不是很大，但很有特色，喜欢摄影拍照📷的朋友必去的网红地。,/Date(1590703611000+0800)/,2,4.286,0,0,0,0,0,0,0,0,0
54,13288065,门票有点贵，但是看得也算是比较过瘾。砖材料建筑与工艺的大合集，从这里可以看到各种砖砌工艺的形式，是很好的设计教材与素材。,/Date(1604068331000+0800)/,0,4.285,0,0,0,0,1,0,0,0,1
55,60086365,"此地不用过多赘述了吧，不管哪种娱乐、旅游APP都能被他家刷屏，老这么强推谁禁得住啊，连我这样粗糙刚劲风尘仆仆的宝宝都舍下脸来游玩，你们还怕个啥，赶紧逛起来呀！

景点名称：北京红砖当代美术馆

门票：￥130

[交通]
北京地铁15号线马泉营站B口出，步行1100米即到

建议游玩时间：3小时

场馆介绍：
此馆顾名思义，使用红砖块作为基本构筑元素，部分建筑辅以青砖，基于废弃大白屋的建筑骨架，揉捏江南、华北、西欧建筑风格于一处，一座配备有当代山水庭院的园林式美术馆就这样落落大方的露面啦。也因为红砖鲜艳、复古的特点，此馆在众多美术馆建筑中显得出类拔萃、与众不同~

#大白屋#
进到屋内，大厅正中是謎之玄池，是大白屋的“玄关”，池中之物颇为吊诡，给这间屋内的展品主题定了调子。
大厅偏厅是《道隐无名》体验展厅，橘红色的房间，明镜倒悬亦非台，看似简单的背靠背视觉冲突，竟然颇有禅意。
大白屋的展品陈列空间高远、空旷，纯白色的墙体毫不喧宾夺主，更能衬托作品的艺术性。这次追的是加藤泉的《无题》，从头至尾都是精灵崇拜的主题，小精灵头大身子小，眼大无神却欲望无限，虽有生机勃勃的感染力，却也对这种不加修饰的强势感觉颇为不适，说白了，主人公群体塑造的有点“楞”。
另一侧正厅临展为“安德里亚斯&amp;#183;穆埃——摄影”展，简单粗放的线条，横平竖直的构图，直观感觉简约、工业化，追求浪漫却渐行渐远，部分风格与这红砖房子倒是比较投缘。

#江南园林#
红砖房建的端庄大气方方正正，园林的布局走的是纯江浙的路子，只格局走势东西向这一条就跟北方的坐北朝南大相径庭。

I 循环月亮门
拱门过后是拱门，环环相扣无穷无尽。这里是被大家刷的最狠的网红地，不赘述了，别漏掉就好。

#上房揭瓦#
户外部分的最西端，有这么一处老北京旧貌人工遗址。听说是最早复原“上房揭瓦”韵事的所在。此处的修建颇为刻意，景深出去也没有鳞次栉比的同类远景帮衬，所以更适合正位摆拍。大姑娘小媳妇哗啦哗啦的飞檐走壁，这场面也是挺有趣的~

注意事项：
上房、伏窗、临水时注意安全
个别临展票价会有波动，出行前请致电咨询
每周一固定闭馆
公共交通不便，建议自驾
化妆、应景穿搭必不可少，带齐拍照工具
最好国庆节前后游玩，红、黄、绿叶皆是颜色最深、生长最茂密之时，与红砖最配",/Date(1567329301000+0800)/,8,4.286,0,0,0,3,1,0,5,0,5
56,119901849,不算是太火的艺术馆，但是很适合拍照，也有展览可以看。在炎热夏季适合逛逛。,/Date(1624797620000+0800)/,0,2.916,0,0,0,0,0,0,0,0,1
57,86567392,整个美术馆的建筑风格很独特，以红砖塑造了各种让人不禁拍下的景色，很多电影都在这里取景，最近的一个电影缝纫机乐队最后就是在红砖取景的，附上几张拍的照片。,/Date(1507202123000+0800)/,13,4.286,0,0,0,1,0,0,0,0,1
58,224803664,虽然位置比较偏僻，但室内的设计非常适合拍照，去年十一去打卡了一趟，拍了美美的照片🤣,/Date(1600734409000+0800)/,1,-1.217,0,0,0,0,0,0,0,0,0
59,3274941,"红砖美术馆。景如其名，整个美术馆都是红砖建成，具有独特的艺术气息。里面还修建了清幽雅致的园林景观，设有咖啡厅和休闲雅座。我7月去的，游客较少，庭院安静闲适，非常舒服。馆内不定期举办一些主题展览，有图片展、影像展、装置艺术展等，颇具观赏价值。美术馆不远有一个街区形式建设的奥特莱斯，吃喝玩乐的店铺都有，逛完美术馆出来，可以去奥特莱斯逛逛，也可消遣半日。
PS：美术馆上午10点才开门，我早上九点过去了，结果还在门口等了半天。",/Date(1578923042000+0800)/,3,4.285,0,0,0,1,0,1,1,0,1
60,103046242,"周周转转停停，寻寻觅觅颦颦。悄到了秋好处。
正逢绿叶尚未褪尽，黄花迫不及待地堆满小径，歇三两闲情逸致，随一二共喜悲之友人，于此甚好。",/Date(1512573413000+0800)/,14,4.286,0,0,0,0,0,0,0,0,0
61,614348,北京红砖美术馆—与周边土地相结合、在原有环境中生长，采用红色砖块作为基本元素，辅以部分建筑上青砖的使用，打造出一座配备有当代山水庭院的园林式美术馆  ​​​[去年夏天],/Date(1592223614000+0800)/,0,4.286,0,0,0,2,0,0,0,0,1
62,229814268,性价比高，有趣好玩，总体超赞，景色不错，,/Date(1621824160000+0800)/,0,4.286,0,0,0,1,0,0,2,0,0
63,37629981,红砖美术馆地处北京市东北部何各庄一号地国际艺术区。美术馆的建筑设计由著名建筑师、北京大学建筑研究中心教授董豫赣担纲，与周边土地相结合、在原有环境中生长，采用红色砖块作为基本元素，辅以部分建筑上青砖的使用，打造出一座配备有当代山水庭院的园林式美术馆，并也因此成为红砖美术馆在众多美术馆建筑中脱颖而出的最大特色。出行方式建议动车+地铁,/Date(1522831424000+0800)/,11,4.286,0,0,0,2,0,0,0,0,5
64,4763344,Red Brick Art Museum - Beijing&amp;#39;&amp;#39;s most beautiful landscape garden art museum.红砖美术馆-北京最美的山水庭院美术馆。,/Date(1518069884000+0800)/,6,3.896,0,0,0,0,0,0,0,0,0
65,46398674,好看，好玩，风格很足,/Date(1626397154000+0800)/,0,4.221,0,0,0,1,0,0,1,0,0
66,209607910,不错 适合想拍照的人,/Date(1643818121000+0800)/,0,3.375,0,0,0,0,0,0,0,0,0
67,2722949,春节来这里看看。冬天室外景色不是太好，夏秋应该很美。现在想找纯粹的砖砌建筑，可能也就是这里了。原汁原味的青红砖，真的很美。室内有国外艺术家的展览，很适合文青。,/Date(1519424923000+0800)/,7,4.285,0,0,0,1,0,0,0,0,2
68,276362280,真的是很适合打卡，不过如果不是专业设备或者技术过硬还是不要轻易尝试，很多打卡点很值得一去,/Date(1635007308000+0800)/,0,1.22,0,0,0,0,0,0,0,0,1
69,3557708,40一张票 每月第一个周四免费 ，非常出片儿的地方，前提是要有灿烂的阳光，阴天我拍了黑白照也很好看！有机会晴天还要再去，强烈推荐,/Date(1476173065000+0800)/,30,3.807,0,0,0,1,0,0,0,0,0
70,2424166,北京的冬天，干冷干冷的。来这里欣赏艺术的人很少，(有自夸的嫌疑哈~)不过那天天气非常给力，红砖外观很大气的美，里面也有点看头，如果家住东边北边过来看看还行。我家南城过去一个多小时吧。我觉得春秋天暖和一些好点。,/Date(1497872379000+0800)/,15,4.275,0,0,0,0,0,0,0,0,0
71,4564499,地铁15号线崔各庄站B口出来过马路换944路，4站何各庄下车即到。或者地铁马泉营站下，溜达过去十分钟左右。门票40，我是年票。平日去人很少，室外景色很美，适合拍照，我俩溜溜达达，在里面拍拍逛逛，转了两个多小时。,/Date(1475931239000+0800)/,53,2.905,0,0,0,1,1,0,0,0,0
72,78827600,很不错的一个艺术馆，去过两次了，很适合拍照，就是门票太贵啦。而且，一直在涨价，记得16年第一次去时是40元的，前几周去时就成60了，嗷呜。,/Date(1501941530000+0800)/,11,0.58,0,0,0,0,1,0,0,0,0
73,177156288,适合拍照，没什么展览，可能是期望有点差距，总体性价比不高,/Date(1632525379000+0800)/,0,3.998,0,0,0,0,0,0,0,0,1
74,63998872,红砖美术馆地处北京市东北部何各庄一号地国际艺术区，2012年12月建成并试运营，红砖占地面积二万平米，包括8000平米的室外园林。,/Date(1597420367000+0800)/,0,-9.869,0,0,0,1,0,0,0,0,0
75,13344940,据说是网红新地标，于是到北京的第二天就慕名去了。这里门票在北京已经算是相当傲娇了，几间红砖墙和红砖房，票价130一人。庭院其实也并不是特别出彩的江南园林风格，最出色的就是像一圈圈年轮似的月亮门了。文艺青年拍拍照还行。性价比不高。,/Date(1564227748000+0800)/,16,4.286,0,0,0,1,1,0,0,0,0
76,824483,"美术馆的建筑设计由著名建筑师、北京大学建筑研究中心教授董豫赣担纲，与周边土地相结合、在原有环境中生长，采用红色砖块作为基本元素，辅以部分建筑上青砖的使用，打造出一座配备有当代山水庭院的园林式美术馆，并也因此成为红砖美术馆在众多美术馆建筑中脱颖而出的最大特色。观众在这里可以获得全新的审美体验，不仅能够观看到室内的作品展出，亦可游弋于户外各种景观之中。独特的建筑语言和创新的园林景观为当代艺术与文化的发生、碰撞、呈现，提供了不同于传统美术馆的多种可能性。[1]
建筑改造自原地的大白屋，它简陋而巨大。临街墙面阵列着的六米见方洞口，将内部墙壁侵蚀得不成样子，简易钢架棚顶上，贯穿南北的条形天窗，虽是光线充足，但直射的阳光和投影，外墙改造是最关键的问题。改造后的功能为美术馆，庭院部分涵盖餐饮、办公、北部园林则提供游憩。
　　作为对西方建筑与景观专业分离的批判，红砖美术馆的建筑与庭园设计分三部分展开：一方面，以白居易的《大巧若拙赋》对“巧”的匠心要求，将原有大棚的简陋空间，改造为意象密集的美术馆展示空间；另一方面，为改观当代景观图案式设计的乏味，本设计借鉴中国园林长达千年的城市山林的经验，并尝试经营出可行可望可居可游的密集意象；作为对封闭美术馆与北部山林间的过渡，庭院部分的设计，作为对之前设计的清水会馆的思考延伸，尝试着将生活场景更准确的表达出来，并以此庭院部分连接北部园林与南部的建筑部分。",/Date(1527472167000+0800)/,1,4.286,0,0,0,6,0,0,0,0,10
77,115423185,这里是个非常值得一去的景点，一是里面的建筑风格值得玩味，二是由艺术作品和黑天鹅可以参观，三是有很多可以拍照的别致景色。不过里面不大，2小时足够，另外就是稍微有些偏远，适合自驾或者打车去。,/Date(1533937705000+0800)/,1,4.286,0,0,0,1,0,0,1,0,1
78,6995753,说实话，红砖美术馆作为一个中国北京的象征，确实有他自己独到的地方。不过这种建筑也只是看看而已，中国有太多的历史太久的，建筑，所以。他只是沧海一粟。,/Date(1511621831000+0800)/,7,4.228,0,0,0,0,0,0,0,0,2
79,34514611,很适合人像摄影的红砖美术馆，有很多合适拍照的地方，人也不多，所以可以慢慢拍，慢慢逛，各种摆post，有开馆时间，需要门票。,/Date(1550308034000+0800)/,8,4.277,0,0,0,0,1,0,0,0,0
80,216951388,红砖美术馆采用红色砖块作为基本元素，辅以部分建筑上青砖的使用，打造出一座配备有当代山水庭院的园林式美术馆。赋予观众在这里可以获得全新的审美体验，不仅能够观看到室内的作品展出，亦可游弋于户外各种景观之中。独特的建筑语言和创新的园林景观为当代艺术与文化的发生、碰撞、呈现，提供了不同于传统美术馆的多种可能性。成为美术馆独树一帜靓点闪闪发光。,/Date(1555043164000+0800)/,4,4.286,0,0,0,2,0,0,0,0,2
81,35965642,红砖美术馆有艺术感，有特色，红砖建筑，有时代的气息，趣味性强，适合拍照的好地方，值得推荐给大家，美美的心情，陶冶了情操和心灵。,/Date(1567126839000+0800)/,3,4.286,0,0,0,0,0,0,1,0,1
82,106043774,美术馆作品展览内容不够丰富，但红砖美术馆室外采用红色砖块作为基本元素，辅以部分建筑上青砖的使用，打造出一座配备有当代山水庭院的园林式美术馆。赋予观众在这里可以获得全新的审美体验，亦可游弋于户外各种景观之中。独特的建筑语言和创新的园林景观为当代艺术与文化的发生、碰撞、呈现，提供了不同于传统美术馆的多种可能性。成为美术馆独树一帜靓点闪闪发光。,/Date(1542722772000+0800)/,3,4.286,0,0,0,2,0,0,0,0,3
83,7031705,北京又一个小资文艺媳妇拍照的去处。设计的确实比较有特色，展馆的布局导览也很明白，拍照放空自己来可以，只是周末人比较多，随时一拍基本是合影，很难拍出媳妇要的效果。,/Date(1527408648000+0800)/,3,1.701,0,0,0,0,0,0,0,0,0
84,25919976,红砖美术馆外墙的红砖非常有特色，名如其外观。各种造型也都是用红砖堆砌而成。非常有艺术气息和氛围。园里里还有桥和流水，很美。这里经常举办一些小型艺术展览。很值得去被熏陶。,/Date(1532565597000+0800)/,0,4.286,0,0,0,0,0,0,0,0,1
85,117061660,非常非常适合拍照的一个地方，很文艺，有艺术感，随手一拍能出大片，就是吃东西等配套设施不太完善，还可以再开发一下，人很少，清净,/Date(1508039803000+0800)/,6,2.799,0,0,0,0,0,0,0,0,1
86,219702174,门票很贵，地方不算大，人很多。,/Date(1622867358000+0800)/,0,-0.131,0,0,0,0,1,0,0,0,0
87,33325103,"对红砖美术馆心仪已久，这次终于来了！
室内有两层，一层现在有主题展览，进门是一个水流漩涡，音效堪比电影大片，不过就真的只是漩涡而已。这家艺术馆比较好的地方就是空间很大，有足够的留白空间，不会人挤人。
室外馆就是大家各种排出大片的地方，不过现在还是有点萧条，夏天来会比较好看。这里就要靠自己多发掘不一样的角度了。
室内有一个小小咖啡厅但是座位有限，室外有几家餐厅，现在只有一家营业，环境感觉很不错。来这大部分是拍照的，一些热门的景观位需要耐心等待一下。",/Date(1554077690000+0800)/,5,4.198,0,0,0,2,0,1,0,0,1
88,17706906,这里是一家新建设的现代美术馆，因其主体建筑和后院的园林景观多以红砖砌成而得名。这里的后院，移步易景，设计巧妙，已经成为新晋的网红打开地了，在后院里拍照的人比在馆里看展的人多。馆里展出的多是当代艺术家的作品，门口那个黑沉沉的发出巨大声响的漩涡，以及其它几个体量颇大的影像类作品，都给我留下了深刻的印象。,/Date(1546311721000+0800)/,1,4.286,0,0,1,1,0,0,0,0,1
89,1917243,里面有去的时候有加藤泉的展览，成人要100元的门票，还是有点贵，不过里面挺大的，真的是适合拍照，好多文艺青年们在里面凹造型，展览也比较明快有趣，孩子们很喜欢，后面有个小小的园林，湖里有只黑天鹅，青砖上爬满了红色的爬山虎，漂亮。,/Date(1539055990000+0800)/,1,4.283,0,0,0,1,1,0,1,0,2
90,44625577,停车位不多 开过去的时候容易开过了 里面的展览老少咸宜 外面的花园很大 还有一个味道不错的西餐厅 值得全家一起过去玩,/Date(1567314812000+0800)/,1,0.768,0,0,0,0,0,1,1,0,1
91,15104351,北京的红砖美术馆是近年非常网红的一个展馆，人们除了观看这里的展览，更多的是来此欣赏这里的庭园设计，来此取景拍摄。美术馆的外墙及入口已经显露出了红砖的独特设计风格。整个园区占地2万平方米，展馆约有1万平方米，展馆及园林将红砖美术馆打造成了一座生长于喧嚣之外、拥有别样园林的当代美术馆。,/Date(1544165461000+0800)/,0,4.28,0,0,0,2,0,0,0,0,1
92,218178504,红砖美术馆与其他美术馆在建筑构成上的最大不同，采用中国传统园林意象精心打造的现代园林，构成了参观体验和建筑结构上的双重延伸，一天中的不同时段会呈现出不同面貌，非常有层次感。,/Date(1579928435000+0800)/,1,4.286,0,0,0,2,0,0,0,0,2
93,159939669,"景色：艺术展示区位于馆内，值得参观学习。景色在北院，景色非常好，拍照的圣地。
性价比：展馆门票100元/张，1.2米以下儿童免费。",/Date(1537766454000+0800)/,3,4.286,0,0,0,3,1,0,0,1,0
94,48949185,真的不建议去，里面的美术馆是要收钱的，挺贵的，红砖也就外面有一些，外面环境也一般，如果是想看作品可以花钱进去，如果只是想看看红砖，还是算了,/Date(1656119859000+0800)/,0,-9.996,0,0,0,1,0,0,0,0,0
95,14069480,红砖设计都有感觉 适合拍人物照片 里边挺文艺  本人喜欢拍照才去了 门票160真是不便宜 进去溜达一圈 就说半个小时 出来感觉只有一个字 坑,/Date(1522499606000+0800)/,6,-9.956,0,0,0,0,1,0,0,0,0
96,119150201,非常好玩，室内的展览很有创意，室外的园子也特别好玩,/Date(1536123280000+0800)/,1,4.069,0,0,0,0,0,0,2,0,1
97,95126763,拍照非常棒，很有趣的一个地方。附近还有奥特莱斯哦,/Date(1561798017000+0800)/,0,4.165,0,0,0,0,0,0,1,0,0
98,174842507,没有想象中的好。还160门票，而且还是10开门,/Date(1529210180000+0800)/,0,-8.587,0,0,0,0,1,0,0,0,0
99,22151107,"拍照的好地方,美术馆也不错，冬天夏天都别有一番情趣！记得去的时候带一些吃的 美术馆里的零食有些贵，有餐厅但是是吃正餐的地方",/Date(1565056792000+0800)/,0,4.223,0,0,0,0,0,1,0,0,0
100,7031705,一个网红的地方，家里女人拖着去看的，都是拍照片的，我是俗人，并没有感觉有多好，但是算是拔草了。周边停车困难，不开车又没什么其他方式，所以还是开吧，早点占地。,/Date(1542256868000+0800)/,2,-9.12,0,0,0,0,0,0,0,0,0
101,74529136,艺术氛围浓厚，在朝阳区，交通便利。性价比很高，适合拍照。,/Date(1496131047000+0800)/,3,4.285,0,0,0,0,0,0,0,0,0
102,58208662,前年夏，带娃参观，红砖设计简单独特，每一个地方拍照都是大片的感觉！所谓美育，不就是一处处真实触摸这些有特色的美好嘛,/Date(1566178265000+0800)/,0,4.273,0,0,0,0,0,0,0,0,0
103,6367829,还可以吧，陪同学去的，外观很有特色，毕竟是搞艺术的,/Date(1451229173000+0800)/,4,4.265,0,0,0,0,0,0,0,0,0
104,4379320,红砖，红红火火的，特色的艺术展。。。。,/Date(1488645088000+0800)/,6,-2.216,0,0,0,0,0,0,0,0,0
105,34648924,很有艺术特色，去过几次里边建筑风格很有意思，后边还有不错的露天景色，建筑内经常有不同的艺术展览,/Date(1492436308000+0800)/,5,4.286,0,0,0,1,0,0,0,0,3
106,3167965,这个地方这么漂亮啊，一定要去看看，离家不远，居然有这么有艺术的地方，值得周末去走一走看一看的。北京周边貌似有不少这样的美术馆，有时间多走走,/Date(1557973406000+0800)/,2,4.165,0,0,0,0,0,0,0,0,0
107,34040952,谁想到这一次去美术馆，居然是因为我的飞机被取消了，那几天广东下大雨，然后闲着无聊的话，把行李一寄存就跑到这等等，等等来玩一下感觉还是比较有情调的吧或者不能说情调应该叫人文的气息,/Date(1561817213000+0800)/,0,-1.252,0,0,0,0,0,0,1,0,0
108,116709270,这地方真不错好有艺术照片拍的美美滴！爱拍照的可以值得一去,/Date(1503755874000+0800)/,2,4.284,0,0,0,0,0,0,0,0,0
109,152265346,就是闭关太早了，价格有点小贵，其他都还不错，准备下次买个相机再过来，。。。。。。。。。。。。。。。。。。。。。。。。。。。,/Date(1554632127000+0800)/,2,3.028,0,0,0,0,1,0,0,0,0
110,225253315,"对红砖美术馆心仪已久，这次终于来了！
室内有两层，一层现在有主题展览，进门是一个水流漩涡，音效堪比电影大片，不过就真的只是漩涡而已。这家艺术馆比较好的地方就是空间很大，有足够的留白空间，不会人挤人。
室外馆就是大家各种排出大片的地方，孩子可以畅快淋漓的玩，虽然没什么他感兴趣的，但我们一起也逛了一遍，感觉还好",/Date(1557113393000+0800)/,2,4.252,0,0,0,0,0,0,1,0,1
111,59018431,夏天景色不错，有艺术气息，推荐,/Date(1482451436000+0800)/,7,4.279,0,0,0,1,0,0,0,0,0
112,99195758,价格适中。里边的展品也定期更换。建筑设计很有特色,/Date(1497675701000+0800)/,8,1.525,0,0,0,0,1,0,0,0,1
113,150936017,非常满意的一次旅行。导游小彭热情周到，历史知识丰富，讲解细腻风趣不枯燥。时间安排紧凑合理，真的感受到了这座历史名城的文化底蕴。,/Date(1557706229000+0800)/,0,4.286,0,2,0,0,0,0,0,0,0
114,24923885,景色美，有一步一景的妙趣在。服务配套略差，特别是餐饮。,/Date(1500704647000+0800)/,1,4.26,1,0,0,1,0,0,0,0,0
115,73643807,强迫症患者，太棒了，看着很舒服,/Date(1576685882000+0800)/,0,4.025,0,0,0,0,0,0,0,0,0
116,404639,位于马泉营地铁附近，人不是很多，去的时候没有展览，感觉人气一般般的。,/Date(1458950097000+0800)/,6,2.952,0,0,0,0,0,0,0,0,1
117,20970275,受798等先锋艺术的影响，这些在798边上的地方也在做一些小型的艺术馆，这就是其中的一个代表。,/Date(1488853205000+0800)/,0,3.827,0,0,0,0,0,0,0,0,0
118,63200990,漂亮是蛮漂亮的，人也不多，只是比较小。1-2个小时就可以看完，拍完照。说实话跟真正的园林巧思差一些。室内的展览比较一般。150的门票性价比低些。真的市内都玩遍了在考虑来吧,/Date(1590303359000+0800)/,0,4.21,0,0,0,1,1,0,1,0,1
119,2664503,免费去的，感觉博物馆没建好或者展览的不充实、,/Date(1454667780000+0800)/,6,3.503,0,0,0,0,0,0,0,0,1
120,31953433,适合文艺青年走走拍拍照的地方，票价相对高了些，不是很值这个价！仅代表我自己的看法！,/Date(1565406361000+0800)/,0,4.213,0,0,0,0,0,0,0,0,0
121,3073982,年卡人士飘过，如果没意义这么多的摆拍人士的话，倒也是一个很适合下午静心的地方,/Date(1570245656000+0800)/,0,3.186,0,0,0,0,0,0,0,0,0
122,149264730,从天安门怎么过来，请问门票多少钱,/Date(1552086255000+0800)/,2,-8.359,0,0,0,0,1,0,0,0,0
123,524095,室外景色优美细腻、馆内质朴优雅,/Date(1501730771000+0800)/,2,4.284,0,0,0,1,0,0,0,0,0
124,56318158,性价比不高，遇到了一个基本没有展览的（我认为称不上展（）的时候，非常失望，基本都是来网红打卡拍照的。只是拍照，那还挺好的。但是花100块拍照呵呵。,/Date(1624034468000+0800)/,0,3.409,0,0,0,0,0,0,0,0,1
125,981966,建筑很风格，环境与建筑相得益彰，但门票太贵,/Date(1496279747000+0800)/,1,2.305,0,0,0,1,1,0,0,0,2
126,816366,美术馆不是很大，但是很精致，展览也很有特点，很适合拍照，不过人有点多，停车要等待。不过因为地方比较偏僻，和城里比应该算是方便的了。值得一去。,/Date(1571845989000+0800)/,0,3.627,0,0,0,0,0,0,0,0,1
127,31953433,非常有特色，很艺术感，太适合文艺青年拍照了，内景太美了！,/Date(1567837009000+0800)/,0,4.277,0,0,0,0,0,0,0,0,0
128,15794801,特别好看，非常值得一看，非常漂亮。,/Date(1565648301000+0800)/,1,4.14,0,0,0,1,0,0,0,0,0
129,172102802,这里风格很特别的感觉，好看的地方啊,/Date(1558421621000+0800)/,1,2.989,0,0,0,1,0,0,0,0,0
130,46822902,拍照好地方！适合秋天去！很美的！,/Date(1565058620000+0800)/,1,3.649,0,0,0,0,0,0,0,0,0
131,59801346,值得一去，大开眼界了。推荐大家来看看哦。,/Date(1562157799000+0800)/,0,2.534,0,0,0,0,0,0,0,0,0
132,224545394,个人观点，反正我是很怨念了，觉得价格太贵，不匹配观感。门票130，但是里面的景色和可拍的场景都比较少，也因为是自己一个人去的，不怎么好拍，但确实各处风景都很一般。然后有几个厅是放的一些艺术家的创作相关视频，总得来说，看不懂然后展览的创作也比较少，反正觉得130我亏了 ，待了最多两个小时就出来了。。。拍的图片都超少的,/Date(1556879875000+0800)/,27,4.281,0,0,0,2,2,0,0,0,1
133,107313178,红砖美术馆还是不错的，可看性和艺术性强,/Date(1566658268000+0800)/,0,0.299,0,0,0,0,0,0,0,0,0
134,668041,"非常漂亮 惬意 修身养性好去处
【性价比】",/Date(1562339678000+0800)/,0,4.285,0,0,0,0,0,0,0,0,0
135,159545909,真心很有特色，既有怀旧的，也有现代的，既有复古的，也有脑洞大开的，总体来说，这是一个文化的焦点,/Date(1516865655000+0800)/,1,4.266,0,0,0,0,0,0,0,0,0
136,171944622,特别的风格，有艺术气息，心情好！,/Date(1558407471000+0800)/,0,4.187,0,0,0,0,0,0,0,0,0
137,46822902,适合大人照相，小孩子没啥玩的！,/Date(1567393768000+0800)/,0,0.267,0,0,0,0,0,0,1,1,0
138,171942693,很特别的感觉，有艺术气质的地方,/Date(1558393143000+0800)/,0,3.795,0,0,0,0,0,0,0,0,0
139,60714336,非常美 值得大家去体验 下一次还去,/Date(1481297639000+0800)/,4,3.666,0,0,0,0,0,0,0,0,0
140,60014248,这个季节去景色是不错，红砖青瓦建筑很适合拍照，就是门票太贵了，节假日去160元一张！,/Date(1524988047000+0800)/,1,2.343,0,0,0,1,1,0,0,0,1
141,252992744,不知道这个***门票为什么值160，欣赏不来！,/Date(1659488701000+0800)/,0,-8.681,0,0,0,0,1,0,0,0,0
142,58416078,看评论说40一张票，昨天去了160一张，5个人800，还是得去官网查啊,/Date(1531612874000+0800)/,0,-9.988,0,0,0,0,0,0,0,0,0
143,209243977,找寻平凡中的乐趣，红砖博物馆是你不错的选择，仿佛人在画中游。,/Date(1566827198000+0800)/,0,4.286,0,0,0,0,0,0,0,0,0
144,78594329,喜欢摄影的人一定喜欢这里！等我有啦好的模特就来~,/Date(1555371483000+0800)/,0,4.136,0,0,0,0,0,0,0,0,0
145,114179888,刚刚出来，啥馆藏品都没有，就只有砖头房子,/Date(1621574273000+0800)/,0,4.019,0,0,0,0,0,0,0,0,0
146,102066937,有艺术展就很值得一去，很适合拍照,/Date(1571478861000+0800)/,0,4.003,0,0,0,0,0,0,0,0,0
147,193768158,可玩性低，不会再来了😂,/Date(1619951071000+0800)/,0,-7.58,0,0,0,0,0,0,1,0,0
148,312189927,莫名其妙的艺术作品，无聊,/Date(1619857270000+0800)/,0,-0.379,0,0,0,0,0,0,0,0,0
149,149226512,自己没有多少艺术细胞，所以感觉一般，但是行为艺术还是可以的。,/Date(1518439826000+0800)/,0,4.015,0,0,0,0,0,0,0,0,0
150,33704659,票价太贵、开门太晚、创意不错、停车方便,/Date(1556689134000+0800)/,1,-5.01,0,0,0,0,0,0,0,0,0
151,74210933,临时有事没去成，也不让改签或退票，无语,/Date(1614760772000+0800)/,0,-9.963,0,0,0,0,0,0,0,0,0
152,108890614,赶上有人结婚包场关闭了2个厅，门票80元展厅里也就一个半圆灯，进去看着眼晕不太值。人是超级多，景色一般吧。大概率是炒起来的，服务人员安全意识与服务意识很次的，就在拍照景点边放了一个警示牌。湖边就没看到了，水不太干净。要拍照最好还是下午16点到最好拍个晚霞什么的很美。二楼窗户那里在背阴处，只有晚上快闭馆才能拍出好的照片，水边也是同理。毕竟开馆要上午10点呢，晨光无缘了。,/Date(1571706444000+0800)/,1,-9.998,2,0,0,1,1,0,0,0,0
153,200954948,说实话就一般，没有特别突出的景观。,/Date(1590210380000+0800)/,0,-4.585,0,0,0,0,0,0,0,0,0
154,29818314,别去！尤其是买门票进去的话就不要去了。60一张门票进去不过30分钟，里头就一个展览不值得？其他人去都是网红照相。最可笑的是里头多功能厅都是空的。,/Date(1534587494000+0800)/,5,-9.985,0,0,0,0,2,0,0,0,1
155,45007876,它的老板邢台人闫世杰开发的阳光巴厘岛二期逾期6年多不交房，业主投诉无门啊，还有脸办艺术馆？,/Date(1460538675000+0800)/,35,-8.064,0,0,0,0,0,0,0,0,0
156,80008881,门票60元！非常不值！就是红砖做的各种造型而己 看看图片就可以了！故宫是古代工匠智慧的结晶 才60元啊！这也太不值了！,/Date(1534830139000+0800)/,2,-2.058,0,0,0,0,1,0,0,0,0
