,uid,comment,date,like,sorce,#服务方面#cnt,#导游方面#cnt,#人流方面#cnt,#景色方面#cnt,#价格方面#cnt,#饮食方面#cnt,#娱乐方面#cnt,#儿童方面#cnt,#设施方面#cnt
0,161905643.0,带娃游玩，里面布置很多房间，美轮美奂的灯光，眼花缭乱，特别适合拍照，印象最深的就是万花筒了。里面还有一个小海洋球池，孩子玩了很久！,/Date(1680509595000+0800)/,0,4.246,0,0,0,0,0,0,2,0,0
1,47042678.0,说是说10多个场景，感觉10个不到。只有2.3个感觉惊艳点，进出场景的通道门帘太出戏了，拍照视频都很抢镜。一会会就走完了，小贵。,/Date(1675779825000+0800)/,0,-5.119,0,0,0,0,0,0,0,0,0
2,53700473.0,艺术馆在王府井银泰in88的二层，不太好找，找不到可以问下那里的工作人员。总的来说面积不大，跟失恋博物馆等挨着，里面挺漂亮的，适合拍照打卡,/Date(1679301332000+0800)/,0,3.924,1,0,0,0,0,0,0,0,0
3,96148030.0,我都不知道这地方，孩子可能在*音看到的，就带她去了，不是很大。但做的挺好。就是卫生感觉好长时间没做了，我背着包往地上放了几次，出去后发现好多头发，比较恶心。属于网红地。,/Date(1675014481000+0800)/,0,-9.966,0,0,0,0,0,0,0,0,0
4,255811988.0,开心的一次游玩活动，期待下次有好的活动再次光临,/Date(1679907064000+0800)/,1,3.626,0,0,0,0,0,0,1,0,0
5,353789164.0,很喜欢 推荐大家过来看 交通也很方便,/Date(1676348883000+0800)/,0,3.958,0,0,0,0,0,0,0,0,0
6,203229618.0,很有意思的地方孩子很喜欢,/Date(1676344679000+0800)/,0,4.125,0,0,0,0,0,0,0,0,0
7,173175895.0,拍照很好看，但性价比不高，适合喜欢拍照的人来,/Date(1674637046000+0800)/,0,4.283,0,0,0,1,0,0,0,0,0
8,161613627.0,带孩子去的，空间太小了，人还特多，显得拥挤透不过气，给趣味性和观赏性减了分。,/Date(1677983650000+0800)/,0,2.47,0,0,0,0,0,0,1,0,0
9,277752061.0,超级可爱的拍照圣地，遛娃情侣打卡地,/Date(1676181090000+0800)/,0,1.427,0,0,0,0,0,0,0,0,0
10,56883643.0,整体同比价格贵了一些，或者就是说灯光秀可以更多一些看头,/Date(1674979849000+0800)/,0,2.241,0,0,0,0,1,0,0,0,0
11,6317715.0,主要是感受不同房间的氛围感，人太多了，就是为了遛个娃，总体感觉一般般。,/Date(1678965161000+0800)/,0,4.081,0,0,1,0,0,0,0,0,0
12,249933405.0,环境很好 设施不错 值得一去 性价比很高,/Date(1675929053000+0800)/,0,4.28,0,0,0,1,0,0,0,0,1
13,193138125.0,可能我没有这种艺术天赋吧。,/Date(1665137521000+0800)/,0,3.963,0,0,0,0,0,0,0,0,0
14,150426840.0,一个不大的房间，用灯光和镜面反射出了完美的空间灯光秀。带孩子玩玩还是有意义的，个人感觉门票稍高。出去后。还可以逛逛商场。王府井大街遛遛娃，也算个不错的选择。,/Date(1660226515000+0800)/,1,4.278,0,0,0,0,1,0,2,0,0
15,36254733.0,这个星光艺术馆真是太炫太迷人了，在里面一直玩到迷失自我，这灯光也不知道是怎么弄的这么带劲呢。前面还有一个梵高艺术馆，参观完了艺术馆之后再参观灯光展更有意思。,/Date(1639204058000+0800)/,3,4.286,0,0,0,0,0,0,1,0,0
16,99573730.0,拍照的好地方！有一二十个小房间，每个都不一样，独角兽星空艺术馆建议不用犹豫直接去，解压，和失恋的，对于结婚的朋友们，没必要！（个人建议）   拿走观摩  不谢😉😉😉,/Date(1644749866000+0800)/,2,4.241,0,0,0,0,0,0,0,0,0
17,85673781.0,进入独角兽星空艺术馆仿佛来到了梦幻世界，星光璀璨，六岁宝宝很有乐趣，超级喜欢，拍照无限，第一次欣赏很有艺术感，会给身边好友推荐此地，网红打卡的好地方。,/Date(1620194551000+0800)/,2,4.286,0,0,0,0,0,0,0,0,0
18,5813748.0,在银泰百货2层，离王府井百货很近，携程买票兑换很方便，灯光很震撼，孩子很喜欢，推荐大家北京疫情过后去看看，拍照很漂亮哦。,/Date(1652499296000+0800)/,1,4.279,0,0,0,0,0,0,0,0,0
19,239468681.0,超级棒，很有意思的一趟旅行，星空馆真的很漂亮，星光效果拉满，随便拍拍都很出片！有些星空还会变颜色，按住拍或者拍小视频咔咔咔就有多张不一样的照片，场景数量还多，太美了，值得来。,/Date(1622974895000+0800)/,4,4.286,0,0,0,0,0,0,0,0,0
20,273256099.0,不值得推荐去，没意思，也就几个十几平方的小地方，转2分钟就转完了，没意思，大老远的跑去，玩不到两分钟就转完了，虽然说北京消费水平高，但是也不至于要这么高的门票费，完全不值得去。,/Date(1645974391000+0800)/,1,-9.991,0,0,0,0,1,0,1,0,0
21,172396051.0,特别棒，和闺蜜去的，两人很开心，能拍出很多大片，值得再次打卡，小情侣们可以一起在里面拍照，灯光效果太棒了👏下次打算领着父母光顾一次,/Date(1622974757000+0800)/,3,4.286,0,0,0,0,0,0,0,0,0
22,330985889.0,看完美丽的星空，进入慢慢丧气的失恋空间，最后一顿发泄，真的挺爽的，不过，还是不要一个人来，还是带上闺蜜一起吧，拍照绝美啊。针八戳！总体超赞，景色不错，有趣好玩，性价比高，,/Date(1623833623000+0800)/,4,4.286,0,0,0,1,0,0,2,0,0
23,173393831.0,"人在画中游
适合周末带娃或者闺友同行打卡
最后一个月球倒影需要排队，不过出大片率极高👍",/Date(1627434642000+0800)/,1,0.131,0,0,1,0,0,0,0,0,0
24,900069.0,"第一次去这样的博物馆，还是惊艳到了！
【景色】
【趣味】",/Date(1646726512000+0800)/,0,4.272,0,0,0,1,0,0,1,0,0
25,189823936.0,在月亮🌜那个点拍照 排队的人太多了，吵起来了。,/Date(1662852703000+0800)/,0,-8.353,0,0,2,0,0,0,0,0,0
26,314784187.0,挺好看的，美美哒，带孩子可以来玩玩，里面的灯光非常漂亮,/Date(1619171610000+0800)/,1,4.284,0,0,0,1,0,0,2,0,0
27,269708781.0,真的好适合去拍照啊啊啊布置的很美很精致适合两个及两个以上uu一起去～,/Date(1633321323000+0800)/,4,4.27,0,0,0,0,0,0,0,0,0
28,356808980.0,一个人的话最好还是不要去（男生和男生建议不要去，男和女或者女和女都还行），我以为效果会在是那种很大的空间下呈现，没想到是一个很小的屋，一个屋一个效果。（满分100，综合评分给到70吧）,/Date(1646066028000+0800)/,0,3.612,0,0,0,0,0,0,0,0,0
29,5813748.0,在银泰2层，扶梯上来就是，不用取票，直接报预约的名字就可以入唱，里面灯光很好看，比想象的要好，照片拍出来都是大片，会推荐朋友也过来游玩。,/Date(1618151553000+0800)/,0,3.419,0,0,0,1,0,0,1,0,0
30,284013108.0,梦幻很好女朋友很喜欢这是在北京第一次有时间带她来玩，我这个男朋友有一点失职。现在能陪她很好。,/Date(1625212670000+0800)/,2,4.276,0,0,0,0,0,0,1,0,0
31,11351287.0,没多大，挺有创意，哄哄孩子还行。买的联票，看了三个馆，三个馆是挨着的，半个多小时就逛完了。人不算多，里面拍拍照还可以，可以当时买票现场兑换。,/Date(1621157210000+0800)/,2,-8.266,0,0,0,0,0,0,0,0,0
32,235101729.0,适合带着孩子玩一会，还挺好看的，拍照出片，okokok,/Date(1658546147000+0800)/,0,3.853,0,0,0,1,0,0,1,0,0
33,105842685.0,都被骗了，都被骗了，只不过就是有几个小房子有几个玻璃再加点装饰，就啥也没了。评论区都说很好，其实你们我要怎么全都被骗了，自己开个小号，在评论区说：太好玩了！太好玩了！相信我，我们是体验者。,/Date(1677040896000+0800)/,1,-9.965,0,0,0,0,0,0,2,0,0
34,415979834.0,就是一些装饰的房间可以拍照，喜欢拍照的可以去,/Date(1661034043000+0800)/,0,0.231,0,0,0,0,0,0,0,0,0
35,1461023.0,适合年轻人拍照打卡的地方 拍出来的照片很美,/Date(1659103277000+0800)/,0,4.005,0,0,0,0,0,0,0,0,0
36,323912551.0,里面空间很大，有几个不同的隔间不同的场景，很适合拍照。很棒！,/Date(1620018130000+0800)/,0,3.47,0,0,0,0,0,0,0,0,0
37,250405582.0,景色不错，总体超赞，有趣好玩，性价比高，,/Date(1616142416000+0800)/,1,4.286,0,0,0,1,0,0,2,0,0
38,6668414.0,"让你童心大爆棚的地方。

好梦幻。来到这里你也忍不住拍拍拍。
🎢【娱乐体验攻略】
📍详细地址： 北京独角兽星空艺术馆 

🚗交通攻略：打车坐地铁都很方便。

🌟必玩项目：每个项目都要看一遍。去之前可以研究一下怎么拍照。我们定了全部的票，星空博物馆+失恋博物馆+减压。 都很有意思。不过个人建议要是只喜欢星空的话，可以略过减压和失恋。😜",/Date(1591184620000+0800)/,1,4.286,0,0,0,0,0,0,2,0,2
39,81221819.0,拍照📸打卡的好地方。无意间在携程上看到推荐，买了票去打了个卡，独立房间，拍照出来效果还是不错。,/Date(1659497329000+0800)/,0,3.935,0,0,0,0,0,0,0,0,0
40,33841764.0,太赞啦！！！好多漂亮的灯光，爱照相的姐妹快来玩儿呀啊呀！,/Date(1616309548000+0800)/,0,2.9,0,0,0,0,0,0,1,0,0
41,900069.0,五彩斑斓，充满幻想，还是不错的。,/Date(1616026707000+0800)/,1,4.276,0,0,0,0,0,0,0,0,0
42,323911880.0,和孩子一起来玩的，灯光很美，孩子开心😁还会再来的,/Date(1620018040000+0800)/,0,3.914,0,0,0,0,0,0,1,0,0
43,323885169.0,跟朋友一起来玩的，很开心，拍了很多照片，是快乐啊,/Date(1620014110000+0800)/,0,3.943,0,0,0,0,0,0,1,0,0
44,312844675.0,星空梦幻，光影趣味，新奇独特，带孩子休闲好去处,/Date(1620018425000+0800)/,0,4.286,0,0,0,0,0,0,1,0,0
45,274854979.0,还不错，很适合拍照，拍出来的照片很好看，适合和姐妹一起去拍照打卡,/Date(1660032728000+0800)/,1,4.154,0,0,0,1,0,0,0,0,0
46,324715521.0,环境非常漂亮特别适合拍照片快带男女朋友来吧。,/Date(1620195526000+0800)/,0,4.176,0,0,0,1,0,0,0,0,0
47,37269493.0,一定要在工作日时去，周末人太多了，拍照要等,/Date(1650113621000+0800)/,0,-9.594,0,0,1,0,0,0,0,0,0
48,28427292.0,拍照打卡好地方，找好角度拍出来还是很漂亮的,/Date(1645841170000+0800)/,0,3.908,0,0,0,0,0,0,0,0,0
49,308240052.0,有趣好玩，景色不错，性价比高，总体超赞，,/Date(1622008750000+0800)/,0,4.286,0,0,0,1,0,0,2,0,0
50,322177430.0,性价比高，总体超赞，景色不错，有趣好玩，,/Date(1619841179000+0800)/,0,4.286,0,0,0,1,0,0,2,0,0
51,5813748.0,在银泰里面，灯光效果很震撼，值得一去。,/Date(1641011722000+0800)/,0,3.915,0,0,0,0,0,0,0,0,0
52,324715266.0,独角兽星空艺术馆。。。。。。。。。。,/Date(1620195474000+0800)/,0,4.046,0,0,0,0,0,0,0,0,0
53,321261694.0,独角兽是我的忠爱，闻名北京独角兽艺术馆而来，特别梦幻。,/Date(1620013617000+0800)/,1,4.282,0,0,0,0,0,0,0,0,0
54,306771472.0,有趣好玩，性价比高，景色不错，,/Date(1624099052000+0800)/,0,4.284,0,0,0,1,0,0,2,0,0
55,161595836.0,"不错子！拍照好看！！！！！
真的不错子！！！！！！！！！！！！！
不错子！拍照好看！！！！！
真的不错子！！！！！！！！！！！！！
不错子！拍照好看！！！！！
真的不错子！！！！！！！！！！！！！",/Date(1619858757000+0800)/,0,2.356,0,0,0,3,0,0,0,0,0
56,323882269.0,和孩子一起来玩，灯光秀很炫，孩子开心拍照好看,/Date(1620013694000+0800)/,1,4.283,0,0,0,1,0,0,1,0,0
57,235311681.0,这是一个白天就能看见星星✨的地方，璀璨夺目。特别适合年轻人打卡拍照。进去从头逛到尾大概需要1个小时。,/Date(1647393658000+0800)/,0,-3.86,0,0,0,0,0,0,0,0,0
58,199082337.0,有趣好玩，总体超赞，景色不错，是个浪漫的打卡地！性价比高，,/Date(1624422448000+0800)/,0,4.286,0,0,0,1,0,0,2,0,0
59,232823349.0,陪家人一起，物超所值，超值超赞！！！,/Date(1625225546000+0800)/,1,4.281,0,0,0,0,0,0,0,0,0
60,265339619.0,灯光挺绚烂，适合情侣、网红打卡拍照，门口也有专门给小孩准备的活动区，很人性。,/Date(1615019684000+0800)/,1,4.234,0,0,0,0,0,0,0,1,0
61,80511982.0,票价高，服务差，内容坑人，不建议去,/Date(1680684142000+0800)/,1,-9.964,1,0,0,0,0,0,0,0,0
62,323881960.0,超级梦幻的地方，想来打卡的赶紧行动哦！！！,/Date(1620013896000+0800)/,0,-3.515,0,0,0,0,0,0,0,0,0
63,358254746.0,很好玩，拍照好看，适合哦  来了不会后悔系列,/Date(1632463880000+0800)/,2,3.501,0,0,0,1,0,0,1,0,0
64,338302477.0,"觉得单独去这一个，时间非常充足，走一下就走完了,建议再去去其它的.话不多说，看图吧!但是视觉效果真的很棒，其实总体还是不错，就感觉有点小.",/Date(1625882288000+0800)/,1,4.285,0,0,0,0,0,0,0,0,0
65,46254357.0,适合喜欢拍照并且会拍照的朋友来，需要带上帮忙拍照的工具人，建议人少的时候来。,/Date(1620014350000+0800)/,0,2.44,0,0,0,0,0,0,0,0,0
66,323896479.0,分分钟拍出ins大片，妥妥的打卡圣地！而且不限时，很适合和小伙伴们一起玩！,/Date(1620017416000+0800)/,0,-2.059,0,0,0,0,0,0,1,0,0
67,335425235.0,特别美，值得大家前来观看游玩，,/Date(1625457958000+0800)/,0,4.071,0,0,0,0,0,0,1,0,0
68,325643045.0,很棒的体验，王府井大街里。二层,/Date(1620805581000+0800)/,0,0.555,0,0,0,0,0,0,0,0,0
69,124537432.0,非常梦幻，减压，值得推荐有趣好玩，总体超赞，景色不错，性价比高，,/Date(1616137114000+0800)/,0,4.286,0,0,0,1,0,0,2,0,0
70,43983417.0,星空这边的挺好的！拍照打卡圣地，很容易让人想臭美一把！后面的那个失恋的就没啥感觉，毕竟我已过了那个年纪了，感受不到，哈哈(ಡωಡ)hiahiahia拍大头照好玩，儿时的回忆啊，道具多，嘿嘿😁景色不错，有趣好玩，值得推荐，体验很好，,/Date(1601701766000+0800)/,1,4.286,0,0,0,1,0,0,3,0,0
71,11873106.0,还不错 拍照好玩儿哦,/Date(1619358879000+0800)/,0,1.229,0,0,0,0,0,0,1,0,0
72,264924892.0,场景布置特别漂亮，可以带孩子来玩,/Date(1619844306000+0800)/,1,4.253,0,0,0,0,0,0,1,0,0
73,195375535.0,农历腊月二十九，辛丑年辛丑月甲申日，一个人的旅行中,/Date(1643616634000+0800)/,0,3.542,0,0,0,0,0,0,0,0,0
74,291151685.0,和孩子一起来这个独角兽星空艺术馆玩的，孩子玩的很开心，里面拍照也很好看,/Date(1625303768000+0800)/,1,4.285,0,0,0,1,0,0,2,0,0
75,153740916.0,好美的地方，带孩子一起出游。照出的每张照片都很美,/Date(1625375090000+0800)/,0,3.981,0,0,0,0,0,0,0,0,0
76,329291521.0,灯光效果很好，找个会拍照的朋友一起，能带好长时间,/Date(1624174827000+0800)/,0,2.714,0,0,0,0,0,0,0,0,0
77,206039663.0,拍照超美，最好不要一个人去，没人拍照就很遗憾了,/Date(1622293939000+0800)/,0,3.538,0,0,0,0,0,0,0,0,0
78,316014418.0,场景特别棒，工作人员服务态度好！！！景色不错，,/Date(1621568347000+0800)/,0,4.258,3,0,0,1,0,0,0,0,0
79,276588589.0,如果喜欢拍照的朋友值得一去，不然也还好，一般。我建议可以搞一些略微黑暗主题恐怖色彩的那样会比较吸引我😄,/Date(1632482022000+0800)/,1,3.738,0,0,0,0,0,0,0,0,0
80,64330314.0,【景色】很好哦，非常美妙的经历！点赞👍🏻,/Date(1619428678000+0800)/,0,4.283,0,0,0,1,0,0,0,0,0
81,206006666.0,很棒的体验，拍照首选有趣好玩，总体超赞，,/Date(1620376276000+0800)/,0,4.286,0,0,0,0,0,0,2,0,0
82,328907904.0,第一次来星空馆，感觉超好，拍照超好看！,/Date(1621856137000+0800)/,0,3.166,0,0,0,1,0,0,0,0,0
83,323884321.0,感觉很不错，拍照很好哦，我跟喜欢，值得,/Date(1620014060000+0800)/,0,4.237,0,0,0,0,0,0,0,0,0
84,275620115.0,总体感觉非常棒，很梦幻，下次还会来哦,/Date(1616309573000+0800)/,0,4.281,0,0,0,0,0,0,0,0,0
85,323884977.0,拍照很漂亮，拍照很漂亮，拍照很漂亮,/Date(1620014081000+0800)/,0,4.284,0,0,0,0,0,0,0,0,0
86,4026227.0,就这几个小房间，搞一堆镜子就能卖50的门票了？既没有艺术感也没有沉浸感。,/Date(1680661303000+0800)/,0,4.014,0,0,0,0,1,0,0,0,0
87,180875136.0,孩子们比较喜欢，出片比较好，其实很小，不过疫情能在这里玩玩已经很不错了,/Date(1658037396000+0800)/,0,4.263,0,0,0,0,0,0,2,0,0
88,92882888.0,景色不错，有趣好玩，性价比高，,/Date(1617432287000+0800)/,0,4.284,0,0,0,1,0,0,2,0,0
89,6668414.0,疫情期间可以去这里看看。有趣的很，看完心情就好哦。,/Date(1585971683000+0800)/,3,2.73,0,0,0,0,0,0,1,0,0
90,271413163.0,"里面很好看
【景色】

值得打卡！",/Date(1623305559000+0800)/,0,4.134,0,0,0,2,0,0,0,0,0
91,237822147.0,拍照蛮好看，就是感觉几分钟就拍完了，带孩子去的，孩子蛮喜欢，如果有想拍照的朋友或者学摄影的可以来拍照，我拍照没啥技术，就是感觉有点浪费,/Date(1624695362000+0800)/,0,4.275,0,0,0,1,0,0,0,0,0
92,33363098.0,【景色】挺好看的艺术馆。值得一去,/Date(1625120991000+0800)/,1,4.25,0,0,0,2,0,0,0,0,0
93,21598958.0,星空博物馆就是为了拍照，观赏性吗，就是镜子和灯。失恋博物馆和减压博物馆等于凑数，五分钟就能出来。当然，如果是失恋去找共情，那可以费劲在一堆乱七八糟的字里找共鸣了。减压那里，除了拳击，感觉不到有什么用的，设施卫生已经堪忧了。,/Date(1627887722000+0800)/,0,3.252,0,0,0,0,0,0,0,0,1
94,253335139.0,很不错哒，有好多不一样的房间，很不错哦～,/Date(1623555530000+0800)/,0,1.906,0,0,0,0,0,0,0,0,0
95,288952490.0,非常适合情侣，有趣又甜蜜，出片效果也好！,/Date(1619767523000+0800)/,0,4.249,0,0,0,0,0,0,1,0,0
96,336874268.0,值得去拍照的地方，出片效果不错👍,/Date(1626930873000+0800)/,0,3.884,0,0,0,0,0,0,0,0,0
97,208963445.0,特别好下次还回去，更会推荐朋友,/Date(1627214761000+0800)/,0,3.105,0,0,0,0,0,0,0,0,0
98,207603224.0,带着孩子一起玩挺好的，超级赞！,/Date(1622869905000+0800)/,0,4.228,0,0,0,0,0,0,1,0,0
99,306916476.0,很漂亮的地方，值得来看看，哈哈,/Date(1615881363000+0800)/,0,3.901,0,0,0,0,0,0,0,0,0
100,275780308.0,十分钟不到一百六没了真牛皮。,/Date(1677220121000+0800)/,0,-1.865,0,0,0,0,0,0,0,0,0
101,71036529.0,非常美 很适合拍照 很多镜面效应,/Date(1620184829000+0800)/,0,3.845,0,0,0,0,0,0,0,0,0
102,322058857.0,超级奈斯，超级适合拍照！！,/Date(1619767496000+0800)/,0,2.018,0,0,0,0,0,0,0,0,0
103,328303735.0,拍照确实好看，就有点小，不过也不贵，喜欢拍照的值得一来总体超赞，,/Date(1623569812000+0800)/,0,4.192,0,0,0,1,0,0,0,0,0
104,249798599.0,有趣好玩，总体超赞，景色不错，性价比高，很好看的景推荐给朋友们了,/Date(1615462323000+0800)/,0,4.286,0,0,0,2,0,0,2,0,0
105,244845600.0,一般体验感，只适合小朋友，但是位置比较好找，容易找到，适合拍照,/Date(1647852968000+0800)/,0,3.738,0,0,0,0,0,0,0,0,0
106,310732918.0,灯光很漂亮，值得一看,/Date(1619847921000+0800)/,0,3.903,0,0,0,0,0,0,0,0,0
107,170526281.0,性价比高，总体超赞，,/Date(1619840054000+0800)/,0,4.267,0,0,0,0,0,0,0,0,0
108,248519137.0,非常非常非常满意！景色不错，总体超赞，性价比高，有趣好玩，好,/Date(1619170537000+0800)/,0,4.286,0,0,0,1,0,0,2,0,0
109,210536232.0,去的时候人挺多的，以为是挺大的那种博物馆，小小的，不过内容很全，有一个释放压力的那个，里面的设施什么的都弄的不太干净了，希望可以收拾一下,/Date(1597625058000+0800)/,0,4.25,0,0,0,0,0,0,0,0,1
110,189424727.0,有趣好玩，值得推荐，体验很好，景色不错，和宝宝一次很愉快的出行，感觉一天过得开开心心，充满了无限乐趣。推荐情侣去参观，真的很不错的。,/Date(1601611108000+0800)/,0,4.286,0,0,0,1,0,0,2,0,0
111,251535827.0,挺不错的，虽然地方不大但是精致，设计的灯光喜欢拍照和喜欢灯光秀的朋友大力推荐，会有惊喜的,/Date(1633000245000+0800)/,0,4.285,0,0,0,0,0,0,0,0,0
112,45051005.0,性价比一般，在商场里的一处人造景观房，图个新鲜,/Date(1659343440000+0800)/,0,3.762,0,0,0,0,0,0,0,0,0
113,26134886.0,非常富有创意的一家艺术馆，给我们带来了很多惊喜和欢乐，星空象征着梦想，博物馆里晶莹璀璨，很适合拍照，充满了神奇的梦幻色彩。,/Date(1605279557000+0800)/,0,4.286,0,0,0,0,0,0,0,0,0
114,99253873.0,没有想象中那么好玩，挺快就逛完了,/Date(1658999718000+0800)/,0,4.205,0,0,0,0,0,0,1,0,0
115,331231663.0,总体超赞，有趣好玩，景色不错，,/Date(1622871677000+0800)/,0,4.285,0,0,0,1,0,0,2,0,0
116,223433871.0,非常漂亮，适合拍照，美美哒。,/Date(1619928957000+0800)/,0,4.253,0,0,0,0,0,0,0,0,0
117,29333748.0,很漂亮，很震撼，值得一来。,/Date(1625380408000+0800)/,0,4.149,0,0,0,0,0,0,0,0,0
118,155454936.0,挺好，就是人多点景色不错，,/Date(1623559453000+0800)/,0,4.209,0,0,1,1,0,0,0,0,0
119,42080231.0,挺漂亮的，孩子很喜欢,/Date(1620616187000+0800)/,0,4.232,0,0,0,0,0,0,0,0,0
120,267683332.0,灯光装饰都很好看，适合拍照，是一个非常不错鹅蛋网红打卡地，，,/Date(1617802722000+0800)/,0,3.416,0,0,0,1,0,0,0,0,0
121,,清洁工作有待加强，总是一股脚臭味！尤其是在球球的池子里！,/Date(1618803673000+0800)/,0,-9.865,0,0,0,0,0,0,0,0,0
122,41014710.0,三个馆都不大，是挨着的，最好一次性看三个馆，比较划算。星空馆的灯光效果确实不错。减压馆就一般般了。失恋馆怎么说呢，有情绪的就去吧。,/Date(1615865986000+0800)/,0,3.263,0,0,0,0,0,0,0,0,0
123,11849061.0,带老妈去的，反正妈妈玩的很开心，还挺适合拍照📸,/Date(1625833317000+0800)/,0,4.151,0,0,0,0,0,0,1,0,0
124,275679035.0,值得一游景色不错，有趣好玩，总体超赞，性价比高，,/Date(1617689794000+0800)/,0,4.286,0,0,0,1,0,0,2,0,0
125,322039536.0,总体超赞，有趣好玩，景色不错，性价比高，,/Date(1619849146000+0800)/,0,4.286,0,0,0,1,0,0,2,0,0
126,191480942.0,值得推荐，有趣好玩，体验很好，景色不错，,/Date(1598712036000+0800)/,2,4.285,0,0,0,1,0,0,2,0,0
127,81830208.0,很有意思，虽然地方不大，但商家很用心,/Date(1641105449000+0800)/,0,0.967,0,0,0,0,0,0,0,0,0
128,92102042.0,非常漂亮，就是太短了，看着不过瘾,/Date(1625881845000+0800)/,0,3.565,0,0,0,0,0,0,0,0,0
129,307522675.0,蛮好的，适合带着朋友一起去拍照,/Date(1641449031000+0800)/,0,3.285,0,0,0,0,0,0,0,0,0
130,225484696.0,很梦幻，适合闺蜜，情侣拍照打卡,/Date(1620013691000+0800)/,0,4.255,0,0,0,0,0,0,0,0,0
131,64357272.0,小孩子玩的开心，灯光很漂亮。,/Date(1620805715000+0800)/,0,4.028,0,0,0,0,0,0,1,1,0
132,32453243.0,灯光效果不错，值得推荐。,/Date(1622971831000+0800)/,0,3.736,0,0,0,0,0,0,0,0,0
133,23924351.0,还不错，就是五一人有些多,/Date(1620110147000+0800)/,0,3.016,0,0,0,0,0,0,0,0,0
134,236913337.0,这地方忒不错有趣好玩，,/Date(1623553898000+0800)/,0,3.794,0,0,0,0,0,0,2,0,0
135,312278060.0,其他很多东西都坏了，星空馆主要是依靠镜子灯光还可以，**价格39.9四馆联票 **携程79 体验感也一般,/Date(1661703966000+0800)/,0,-6.805,0,0,0,0,1,0,0,0,0
136,68789039.0,还不错就是太热了里面,/Date(1637083143000+0800)/,0,-1.476,0,0,0,0,0,0,0,0,0
137,331850085.0,有趣好玩，总体超赞，,/Date(1623636540000+0800)/,0,4.256,0,0,0,0,0,0,2,0,0
138,316435097.0,性价比高，有趣好玩，,/Date(1619863124000+0800)/,0,4.222,0,0,0,0,0,0,2,0,0
139,224729233.0,很不错的地方很好玩！,/Date(1619862516000+0800)/,0,4.04,0,0,0,0,0,0,1,0,0
140,70473848.0,景色不错，有趣好玩，,/Date(1619013873000+0800)/,0,4.261,0,0,0,1,0,0,2,0,0
141,8685310.0,有趣好玩，总体超赞，,/Date(1616807619000+0800)/,0,4.256,0,0,0,0,0,0,2,0,0
142,47691883.0,很一般般的地方，周末人多，不出片，建议周内去,/Date(1661150511000+0800)/,0,-4.697,0,0,1,0,0,0,0,0,0
143,11577562.0,不值去看，几分钟看完,/Date(1659906377000+0800)/,1,-5.69,0,0,0,0,0,0,0,0,0
144,271019567.0,非常好看，很适合拍照，体验超好，爱了爱了,/Date(1608362996000+0800)/,0,4.213,0,0,0,1,0,0,0,0,0
145,256173985.0,"跟我小姐妹一起过来的，本来是去银泰三楼吃饭的，没想到吃完饭就走到他们家了，看着门口的电视介绍果断的买了两张票
进去里边，天花板和地板都是镜子，上边吊着水晶灯，每个房间的灯形状都不一样，大小也不一样，有水母的，星球的等等，还有海洋球池，锡纸房屋，万花筒，不过我最喜欢的还是最后一个单独的房间——夕阳剪影，超级喜欢，大家看我下边发的照片就知道了
环境也很好，服务更是好的没话说，热情周到
最后提醒一下，过来时一定带个会拍照的朋友或者男朋友，不然就白来了(反正我小姐妹的拍照技术杠杠的，大片感，不当摄影师可惜了)",/Date(1577096676000+0800)/,4,-0.372,1,0,0,1,0,1,0,0,0
146,154778073.0,"1⃣️在朋友圈 被安利来的 
2⃣️位置：这个减压博物馆在王府井银泰二楼 苹果店对面那个门进右手边电梯上去就能看见 位置特别容易找
3⃣️准备买票的时候店员说现在有优惠 花一个馆的钱可以去两个馆 我确实有点意外 哈哈哈 
4⃣️这个场馆不止能解压 拍照还特别好看 尤其是哪个翅膀回去被我当头像用了哈哈哈哈哈哈 还有一个擂台 哈哈哈哈哈哈我跟我男朋友对打 还有假人停爽的
5⃣️店员非常耐心 这个我必须夸一下 出来的时候还送了我一个钥匙链 
6⃣️因为我是周四来的人比较少 店员说周六日人多 所以我觉得我还是会卡时间的 哈哈哈哈哈哈
总结：场馆设施少了一点 其他的都蛮不错的 骑动感单车骑了半小时 前面有个灯还能亮 服务态度 场馆大小 还有优惠我都给9.5分 值得来体验 隔壁还有一个星空艺术馆 哪里拍照更好看 推荐 联票 3个场馆都能去 比较值 好啦！有什么别的问题可以问我 底下留言",/Date(1577086789000+0800)/,4,4.281,2,0,1,2,2,0,0,0,1
147,231350797.0,灯光还不错就是太短了没跑几下就出去了就是几块玻璃和灯管的结合体，孩子感觉还不错,/Date(1620191273000+0800)/,0,3.34,0,0,0,0,0,0,0,0,0
148,159386901.0,骗人的 不知道合作了什么就商场里弄几个劣质房间装修只能拍几个劣质照片 还能排笫一,/Date(1662701357000+0800)/,0,-9.998,0,0,0,0,0,0,0,0,0
149,900069.0,很新奇，很妙曼。有趣好玩，我也是第一次去。美丽多彩的光影通过镜子得意以延伸。,/Date(1616634042000+0800)/,0,4.283,0,0,0,0,0,0,2,0,0
150,278590994.0,很好玩，就很nice景色不错，！,/Date(1604756025000+0800)/,0,4.276,0,0,0,1,0,0,1,0,0
151,17993056.0,拍照很漂亮，带爸妈看看年轻人的日常，她们玩的很开心，很不错的体验,/Date(1621263296000+0800)/,0,4.286,0,0,0,0,0,0,1,0,0
152,206008873.0,比较小，很快就转完了,/Date(1658023196000+0800)/,0,3.092,0,0,0,0,0,0,0,0,0
153,35581306.0,唯一缺点就是小了点，胜在人少，拍照比较爽，可以随心所欲的拍,/Date(1632278627000+0800)/,0,3.228,0,0,0,0,0,0,0,0,0
154,280733973.0,星空馆景色太炫酷了！！超棒！重点票价很亲民，nice！,/Date(1613407574000+0800)/,0,4.249,0,0,0,1,0,0,0,0,0
155,214234522.0,值得来玩，适合拍照，趣味性很强,/Date(1598692337000+0800)/,1,3.855,0,0,0,0,0,0,2,0,0
156,148516095.0,说实话就是灯光秀，拍拍照还可以，孩子倒是挺喜欢，但是看时间长了太刺眼，也就二十分钟差不多就逛出来了，个人感觉没啥意思,/Date(1627276470000+0800)/,0,2.165,0,0,0,0,0,0,0,0,0
157,257510259.0,不值得，里面太小了，反正感觉不喜欢,/Date(1663743615000+0800)/,0,-6.607,0,0,0,0,0,0,0,0,0
158,41014710.0,还是很不错的，就是性价比有点低。,/Date(1616198668000+0800)/,0,4.132,0,0,0,0,0,0,0,0,0
159,120209086.0,除了有几个灯光场景，其他什么都没有。3D效果的场景一个都没有。不值得，没梵高星空艺术馆值。可玩性低，有待改进，,/Date(1620198891000+0800)/,0,4.265,0,0,0,0,0,0,1,0,0
160,275045693.0,灯光效果很炫 值得打卡～,/Date(1641311615000+0800)/,0,3.894,0,0,0,0,0,0,0,0,0
161,74731484.0,还行，带小孩玩不错。,/Date(1620037050000+0800)/,0,3.858,0,0,0,0,0,0,1,1,0
162,29748505.0,有点意思。在商场二楼，吃完饭过来看看。,/Date(1600766541000+0800)/,1,0.798,0,0,0,0,0,0,0,0,0
163,293360477.0,很好，值得游玩，和家人一起来的，女生比较多。,/Date(1608359084000+0800)/,0,3.514,0,0,0,0,0,0,1,0,0
164,4452335.0,位于北京市东城区。王府井北侧银泰inn二层，电梯上去就能看见。如果单逛没什么意思。主要就是拍照的地方。里面有几个小房间。,/Date(1594879638000+0800)/,0,-6.42,0,0,0,0,0,0,0,0,0
165,242695214.0,大家别上当，我们去了这个场馆是冲着北京十大博物馆的名头去的，结果让人很失望，很小很垃圾，几个房间随便搞些灯饰就成博物馆了，只能说比较坑，绝对没有人去第二次的。,/Date(1647085025000+0800)/,0,-9.991,0,0,0,0,0,0,0,0,0
166,272224370.0,离很多景点很近，服务很周到，跟大学宿舍差不多，而且里面空间蛮大的，还很干净。下次再来玩还会再订这个旅舍的。体验很好，,/Date(1597385947000+0800)/,0,4.273,1,0,0,0,0,0,1,0,0
167,360915988.0,还是有点坑，但估计会拍照的能算是个可以的背景环境，不会拍照就算了吧,/Date(1633163803000+0800)/,0,-8.425,0,0,0,1,0,0,0,0,0
168,21787817.0,很不错的拍照打卡地，体验很好，景色不错，值得推荐，有趣好玩，,/Date(1600350704000+0800)/,0,4.286,0,0,0,1,0,0,2,0,0
169,213231452.0,值得推荐，景色不错，,/Date(1591256884000+0800)/,0,4.22,0,0,0,1,0,0,0,0,0
170,285887837.0,进去空间太小啦  没超十分钟就出来了有待改进，性价比低，,/Date(1619335856000+0800)/,0,-9.914,0,0,0,0,0,0,0,0,0
171,259715196.0,空间小，不拍照情况，五分钟就逛完了,/Date(1626655135000+0800)/,0,-2.885,0,0,0,0,0,0,0,0,0
172,270934711.0,感觉一般。除了灯没什么可看的了,/Date(1621955766000+0800)/,0,-6.701,0,0,0,0,0,0,0,0,0
173,266477146.0,值得去，很好看就是地方太小了,/Date(1591333158000+0800)/,0,2.658,0,0,0,1,0,0,0,0,0
174,412360022.0,极差不推荐，墙都是脏的,/Date(1663946801000+0800)/,0,-7.549,0,0,0,0,0,0,0,0,0
175,228028760.0,有趣好玩，景色不错，,/Date(1609391830000+0800)/,0,4.261,0,0,0,1,0,0,2,0,0
176,91585297.0,地点很好找，上来以后就是，进去以后还挺好看的，开始有点晕，习惯就好了，适合情侣，亲子，好看,/Date(1596118307000+0800)/,0,3.064,0,0,0,2,0,0,0,0,0
177,34498347.0,就是那个剪影照片最受待见，其他一般般吧,/Date(1613469702000+0800)/,0,-2.07,0,0,0,0,0,0,0,0,0
178,206256710.0,很好玩哦，很适合拍有趣的照片，美美哒有趣好玩，总体超赞，,/Date(1606834560000+0800)/,1,4.286,0,0,0,0,0,0,4,0,0
179,217675458.0,环境不错，服务也好，以后可以考虑灯光亮一些。里面灯光可以再多几种样式。,/Date(1609593920000+0800)/,0,2.16,1,0,0,1,0,0,0,0,0
180,109947988.0,景色不错，总体超赞，有趣好玩，,/Date(1603533275000+0800)/,0,4.285,0,0,0,1,0,0,2,0,0
181,275370704.0,非常好看体验很好，值得推荐，景色不错，有趣好玩，爱了爱了！！,/Date(1602398440000+0800)/,0,4.286,0,0,0,2,0,0,2,0,0
182,39021465.0,体验很好，有趣好玩，,/Date(1596526082000+0800)/,0,4.068,0,0,0,0,0,0,2,0,0
183,168967963.0,非常有意思的地方，梦幻的感觉，孩子们很习惯拍照片,/Date(1611980610000+0800)/,0,3.955,0,0,0,0,0,0,0,0,0
184,274494032.0,星空馆感觉值得一去，解压馆失恋馆就算了。,/Date(1598487669000+0800)/,0,3.279,0,0,0,0,0,0,0,0,0
185,2121881.0,门票邮电贵，20分钟能看完包括拍照。,/Date(1597210377000+0800)/,0,-4.04,0,0,0,0,1,0,0,0,0
186,44801192.0,适合拍照的地方，要在人少的时候去,/Date(1603675518000+0800)/,0,-1.592,0,0,0,0,0,0,0,0,0
187,284202746.0,值得推荐，超级棒尤其是那个月亮,/Date(1603182810000+0800)/,0,4.056,0,0,0,0,0,0,0,0,0
188,83239393.0,体验很好，景色不错，有趣好玩，,/Date(1602927298000+0800)/,0,4.281,0,0,0,1,0,0,2,0,0
189,121003844.0,朋友推荐的，感觉很梦幻的地点。,/Date(1595001509000+0800)/,0,4.169,0,0,0,0,0,0,0,0,0
190,206382407.0,景色不错，体验很好，值得推荐，,/Date(1589986102000+0800)/,0,4.273,0,0,0,1,0,0,0,0,0
191,17694322.0,非常漂亮，有一种梦幻的感觉，美极了！！太高兴了，不虚此行啦！玩得开心！,/Date(1579148755000+0800)/,0,4.277,0,0,0,0,0,0,1,0,0
192,274642221.0,棒棒的，就是有点少场景,/Date(1607437084000+0800)/,0,4.26,0,0,0,0,0,0,0,0,0
193,274645647.0,特点挺完美，很符合条件,/Date(1598664768000+0800)/,0,3.402,0,0,0,0,0,0,0,0,0
194,30812007.0,有趣好玩，体验很好，,/Date(1598791961000+0800)/,0,4.068,0,0,0,0,0,0,2,0,0
195,5303380.0,是个拍照的好地方，也还挺好玩，不会太长时间，有半小时就转完了。其他两个馆没什么意思,/Date(1597843491000+0800)/,0,-1.343,0,0,0,0,0,0,1,0,0
196,51045762.0,买的是3个馆全套票，除了独角兽创意灯光馆值得看下，另外2个馆凑数都算不上，实在是磕碜，建议将另外2馆下线，影响体验。,/Date(1614578267000+0800)/,0,-9.978,0,0,0,0,0,0,0,0,0
197,72306893.0,挺好玩的，门口小姐姐很好，里面内容丰富，拍照可以来看看，值得一观,/Date(1574499881000+0800)/,2,4.257,0,0,0,0,0,0,1,0,0
198,3714166.0,骗纸80块钱逛十分钟一堆破镜子破塑料这排名第一的艺术还在北京城太特么没有底线了第一次对携程失望,/Date(1659777332000+0800)/,2,-9.993,0,0,0,0,0,0,0,0,0
199,209607910.0,"总体规模偏小，趣味性不够强
但没有去过类似景点的人，可以去看看，毕竟是三个博物馆连在一起看",/Date(1613230436000+0800)/,0,4.205,0,0,0,0,0,0,1,0,0
200,92651491.0,特别坑那种！其他几个馆更是破破烂烂十块都不值。屋子特别小就俩游戏还被人占着。只能看看。其他都是坏的。,/Date(1645935396000+0800)/,0,-9.99,0,0,0,0,0,0,0,0,0
201,238997398.0,一次非常有意义的旅行,/Date(1578581837000+0800)/,0,0.208,0,0,0,0,0,0,0,0,0
202,5811460.0,不太建议来，5分钟就完事，就是过来看灯，和艺术没什么关系，这个价格实在说不出来有什么性价比,/Date(1655436830000+0800)/,0,-8.924,0,0,0,0,1,0,0,0,0
203,235365523.0,差评，啥也没有，啥也不是，隔壁梵高要好一点，我不是托，因为俩地我都去了，不要上当,/Date(1658649611000+0800)/,0,-9.965,0,0,0,0,0,0,0,0,0
204,8629063.0,景色一般，可玩性低，性价比低，体验不佳，,/Date(1601623452000+0800)/,0,-0.747,0,0,0,1,0,0,1,0,0
205,195946380.0,孩子比较喜欢，小情侣居多，通风不是很好,/Date(1598443051000+0800)/,0,0.29,0,0,0,0,0,0,0,0,0
206,203514532.0,适合喜欢拍照的去可玩性低，性价比低，,/Date(1606029655000+0800)/,0,-5.287,0,0,0,0,0,0,1,0,0
207,34241662.0,超级小，根本没人去。体验太差了。不知道那些博主，收了多钱写的那么好！啊呸！,/Date(1658995698000+0800)/,0,-9.806,0,0,0,0,0,0,0,0,0
208,46899169.0,这是在银泰百货商场的2楼、室内玻璃设计，性价比较低，大家可以不考虑游玩,/Date(1660911389000+0800)/,0,3.73,0,0,0,0,0,0,1,0,0
209,5899362.0,骗人的地方 很差 别浪费时间 浪费钱,/Date(1646447501000+0800)/,0,-9.994,0,0,0,0,0,0,0,0,0
210,33088651.0,可玩性低，性价比低，体验不佳，,/Date(1596895556000+0800)/,0,-7.391,0,0,0,0,0,0,1,0,0
211,85652594.0,非常好看！冬天在室内暖暖和和。,/Date(1578126044000+0800)/,0,-0.97,0,0,0,1,0,0,0,0,0
212,287999333.0,一般般，没有想象的那么好。,/Date(1605506270000+0800)/,0,-0.375,0,0,0,0,0,0,0,0,0
213,301656626.0,展馆很小，总体来说不太值,/Date(1613366993000+0800)/,0,1.75,0,0,0,0,0,0,0,0,0
214,265623537.0,没啥意思，适合女孩去摆拍,/Date(1607326720000+0800)/,0,-2.535,0,0,0,0,0,0,0,0,0
215,291602286.0,就墙上的几段话比较感人,/Date(1609063422000+0800)/,0,3.422,0,0,0,0,0,0,0,0,0
216,50654040.0,是个工作室，可以拍照,/Date(1599652802000+0800)/,0,-2.034,0,0,0,0,0,0,0,0,0
217,278666858.0,哎呀妈呀，太坑了。大老远看了个寂寞。一点也不好😇,/Date(1650971596000+0800)/,0,-3.773,0,0,0,0,0,0,0,0,0
218,186262825.0,好玩，偶然间发现的。这里年青人比较多，是照相的好地方。有空就来吧,/Date(1577580881000+0800)/,1,3.139,0,0,0,0,0,0,1,0,0
219,346278749.0,谁去谁后悔，看着天花乱坠的，全都是镜子照出来的的三五分钟就转完了，还那么贵，太不值了，早知道这样，找我钱我都不去，千万别去,/Date(1627460997000+0800)/,2,-9.999,0,0,0,0,0,0,0,0,0
220,55787763.0,独角兽星空艺术馆虽然很差劲，最起码还可以拍拍照，失恋博物馆和减压博物馆真的是要多差劲有多差劲，设备陈旧，并且还很脏，那些道具像垃圾一样堆在地上，千万别来，浪费钱。景色一般，可玩性低，性价比低，有待改进，。,/Date(1621413310000+0800)/,0,-9.991,0,0,0,1,0,0,1,0,1
221,364932672.0,場地非常小。。。跟預期的差別太大,/Date(1660574534000+0800)/,0,-9.33,0,0,0,0,0,0,0,0,0
222,186050544.0,此景只应天上有，人间能有几回闻，仿佛置身无限的宇宙，肆意遨游,/Date(1574599428000+0800)/,0,4.285,0,0,0,0,0,0,0,0,0
223,326273217.0,基本没有好玩的，除景色还行,/Date(1632533929000+0800)/,0,4.088,0,0,0,1,0,0,1,0,0
224,252440790.0,超好看，是个不错的拍照地方,/Date(1574738909000+0800)/,0,3.432,0,0,0,1,0,0,0,0,0
225,237255600.0,就几个小房间还破破烂烂的，5块钱我都不稀得来一回，劝退，除了能找到几个角度拍点新奇的照片，别的啥都不行,/Date(1625486377000+0800)/,0,-10.0,0,0,0,0,0,0,0,0,0
226,88286726.0,就几间小隔断，利用镜子和灯光搞得很炫，其实不咋地。喜欢拍照的可以考虑，这名字和现场完全不配。,/Date(1633312760000+0800)/,0,-3.744,0,0,0,0,0,0,0,0,0
227,159173489.0,这地方还可以，就是现在过年人多，拍照的话人比较多,/Date(1578063661000+0800)/,0,-1.057,0,0,1,0,0,0,0,0,0
228,335140897.0,穿裙子去会让你体验一次全身无底线走光的感觉，除了镜子只有镜子，想拍照哪都能拍，何必呢,/Date(1625968867000+0800)/,0,2.865,0,0,0,0,0,0,0,0,0
229,42222203.0,两分钟逛完全场，不知道是我不懂欣赏还是太老土，镜子圈出来的方寸之地里面挂点彩灯，门票值10块钱,/Date(1618198089000+0800)/,2,-9.854,0,0,0,0,1,0,0,0,0
230,338982177.0,太小了，不推荐。就是私人开的一个小店，算不上景点，带孩子去，也没有什么趣味，就是为了拍照而已。性价比太低。不知道那么多好评怎么来的。,/Date(1627129896000+0800)/,0,-3.086,0,0,0,0,0,0,1,0,0
231,247632578.0,没什么可看的，而且空间特别小性价比低，景色一般，,/Date(1620800443000+0800)/,0,-4.992,0,0,0,1,0,0,0,0,0
232,19791515.0,很小的馆，适合拍照，小朋友不感兴趣，性价比不高,/Date(1626151187000+0800)/,0,4.255,0,0,0,0,0,0,0,0,0
233,42307329.0,效果可以，人太多，不限定人数，人挤人，体验差。,/Date(1619934428000+0800)/,0,-9.645,0,0,1,0,0,0,0,0,0
234,243155929.0,实在是太拉胯了，就是几个连接在一起的四壁都是平面镜的屋子，再加上一些简单的灯具，十分钟逛完都是走得慢的，怎么好意思卖这个价,/Date(1617553720000+0800)/,0,-7.496,0,0,0,0,0,0,0,0,0
235,53070578.0,坑坑坑坑坑坑坑坑坑坑坑坑坑坑坑坑坑坑,/Date(1624604747000+0800)/,0,-5.693,0,0,0,0,0,0,0,0,0
236,14679882.0,性价比低，可玩性低，景色一般，来北京玩的人如果搜到这个地方不要被图片骗了，进去就一般，除了拍几张照片之外啥也不是,/Date(1618304574000+0800)/,0,-9.706,0,0,0,1,0,0,2,0,0
237,151624730.0,很失望，十分钟转完了性价比低，,/Date(1617442902000+0800)/,0,-9.703,0,0,0,0,0,0,0,0,0
238,167610218.0,不值这个价，地方太小,/Date(1626567635000+0800)/,0,-6.865,0,0,0,0,0,0,0,0,0
239,295136235.0,啥都不是，纯属骗人的，地方小的可怜，就几块玻璃，服务态度差，空间是密封的，空气臭死，没有人打扫。,/Date(1620032163000+0800)/,0,-10.0,2,0,0,0,0,0,0,0,0
240,43590945.0,这什么携程平台，简直太坑人了，买了这票花这钱一点不值，3分钟就出来，跑这远过来看，太不值了,/Date(1624952417000+0800)/,0,-9.996,0,0,0,0,0,0,0,0,0
241,305611995.0,Waste of money性价比低，,/Date(1615037125000+0800)/,1,-7.628,0,0,0,0,0,0,0,0,0
242,300066025.0,简直太low了，觉得侮辱了自己的智商,/Date(1641029985000+0800)/,0,-9.671,0,0,0,0,0,0,0,0,0
243,58315573.0,太坑了，low到爆，两分钟逛完！！！,/Date(1639220090000+0800)/,0,-9.952,0,0,0,0,0,0,0,0,0
244,74386579.0,一点都不好玩！！和图片都不一样。,/Date(1623672184000+0800)/,0,-5.224,0,0,0,0,0,0,1,0,0
245,301796265.0,不值得 特别单一不好玩 不值这个价钱,/Date(1619194042000+0800)/,0,-6.229,0,0,0,0,0,0,1,0,0
246,56433001.0,超级无聊的地方，就是去拍照的地方,/Date(1617674818000+0800)/,0,-8.285,0,0,0,0,0,0,0,0,0
247,106399981.0,还可以吧，挺小的一个网红展览,/Date(1576670216000+0800)/,0,-1.956,0,0,0,0,0,0,0,0,1
248,287613015.0,不值得 也就值10元的样子,/Date(1638013060000+0800)/,0,-3.469,0,0,0,0,0,0,0,0,0
249,16692378.0,没意思，慎来，就别来了,/Date(1621061437000+0800)/,0,-7.064,0,0,0,0,0,0,0,0,0
250,16247678.0,巨小巨没劲！！！！！！纯属骗钱！！！！！后悔死了。就一间屋子隔成3-4个3平米的小屋，里面弄上玻璃和小灯，5分钟都没用了就转完了！,/Date(1612447180000+0800)/,0,-10.0,0,0,0,0,0,0,0,0,0
251,215055417.0,排队两小时，拍照5分钟。就几个房间，很小，人挤人除了拍照好像也没有什么了，总体体验很一般，,/Date(1613313804000+0800)/,0,-3.9,0,0,1,0,0,0,0,0,0
252,163293622.0,要是知道里面内容，十块钱都不去，里面就有点灯光，什么都没有，两分钟就能逛完。建议大家别去！,/Date(1594802974000+0800)/,0,-9.537,0,0,0,0,0,0,0,0,0
