230921536,20230128    中国国家图书馆少儿馆   没有想到过年期间那么多人啊。下午两点去的，基本没有空座，一些靠边的位置也都做满了，好在工作人员后来安排了去典籍博物馆参观的活动，人群分散了一些。也有疑问❓都安排提前预约了，怎么还这么多人啊？不限制数量吗？还是大家太求知如渴……,/Date(1675903746000+0800)/,0
195787870,"国家图书馆馆藏“四大专藏之一”的《永乐大典》特展：
“珠还合浦 历劫重光—《永乐大典》的回归和再造”正在持续进行中……

🚠｜展名｜【珠还合浦 历劫重光】—《永乐大典》的回归和再造
📍｜位置｜国家典籍博物馆（国家图书馆）二展厅
🎫｜门票｜免费
🚇｜交通｜
▪️地铁4、16号线“国家图书馆”站A口出步行86米
▪️公交86、92等路“国家图书馆”下步行160米

—【关于预约】 —
微信“国家图书馆”公众号预约，不预约不让进，可以提前预约，也可以当天早点预约，亲测上午9:10预约成功。
预约时间：9:00-21:00

此展览共分为五个单元，
集中展出9件《永乐大典》嘉靖副本原件，其他相关珍贵古籍善本、舆图拓片、手稿档案，
不同时期出版的《永乐大典 》影印本等，全面讲述《永乐大典》编纂经过、版式外观、聚散流变、辑佚影印，特别梳理其通过多种途径入藏国家图书馆的历程。",/Date(1662870400000+0800)/,11
195787870,"📍｜位置｜国家典籍博物馆（国家图书馆）
🎫｜门票｜免费
🚇｜交通｜
▪️地铁4、16号线“国家图书馆”站A口出步行86米
▪️公交86、92等路“国家图书馆”下步行160米

—【关于预约】 —
微信“国家图书馆”公众号预约，不预约不让进，可以提前预约，也可以当天早点预约，亲测上午9:10预约成功。预约时间：9:00-21:00",/Date(1676875393000+0800)/,3
4852894,国家图书馆内典籍博物馆新展  值得去看看 上下午滚动有讲解。就是讲太快了,/Date(1677081411000+0800)/,0
195787870,"🚠｜展名｜《天工开物》
📍｜位置｜国家图书馆一展厅“中华传统文化典籍陈列展”内
🎫｜门票｜免费
🚇｜交通｜
▪️地铁4、16号线“国家图书馆”站A口出步行86米
▪️公交86、92等路“国家图书馆”下步行160米

成书于明代末期的《天工开物》，
是影响全球科技革新运动的一部奇书。
彼时欧洲正处在科学技术迅速发展期，
它一出现就被外国学者称之为“中国17世纪的工艺百科全书”，
宋应星也被英国科技史学家李约瑟称为“中国的狄德罗”。
-
《天工开物》详细记载了，
中国明代及以前古代农业、手工业的生产技术和经验，
是中国古代一部集大成的科技著作。
也是世界上第一部关于农业、手工业生产的综合性著作。",/Date(1664017983000+0800)/,7
95339337,中国国家图书馆位于北京市中关村南大街33号，与海淀区白石桥高粱河、紫竹院公园相邻。是国家总书库，国家书目中心，国家古籍保护中心；是世界最大、最先进的国家图书馆之一。入选第三批中国20世纪建筑遗产项目。2018年10月11日，入选“全国中小学生研学实践教育基地”名单。,/Date(1666452888000+0800)/,0
20702384,位于紫竹院公园北侧，国家总书库，国家书目中心，国家古籍保护中心；是世界最大、最先进的国家图书馆之一。每天都有不少读者来此查询资料、借阅图书。,/Date(1665753805000+0800)/,2
106506918,在这里可以静下心来好好学习，还可以相互交流。,/Date(1679060933000+0800)/,0
49625531,第一次来国家图书馆本来想看看书发现了里面还有一个那么大的古籍博物馆于是就逛了大半天里面有趣的东西还真的不少呢，值得为了这个博物馆专门来一趟,/Date(1661350722000+0800)/,1
22869588,图书的海洋。推荐办张卡。在哪里能找到各种书籍，很震撼。,/Date(1669120771000+0800)/,0
4562100,国家图书馆占地面积比较大，周边环境优美。,/Date(1672228088000+0800)/,0
1010141,"这里到处都是各种典籍，到处是书，书香也飘散在这周边的地方。
这里经常也会有各种展览，本次我就是看邂逅·美索不达米亚·叙利亚古代文物精品展，一个非常值得看的展览，机会也比较难得。
国家典籍博物馆，看到了非常多的善本古籍，古人对书的态度近乎于圣物，所以我们可以看到宋代善本……等到存如此完好的书籍，真是令人难以置信，太棒了，想想我和当初的古人看到同一本书，这感觉真好。",/Date(1661001670000+0800)/,6
4613789,国家图书馆藏书丰富，环境卫生干净整洁。,/Date(1672227919000+0800)/,0
106506918,这里的环境不错，在这看书是一种享受。,/Date(1670371323000+0800)/,0
276849413,。牛，超好的地方。非常不错值得点赞。,/Date(1669899891000+0800)/,0
4999993,国家图书馆，国家级重点图书馆！内设国家典藏馆，是国内首家典藏博物馆，也是世界同类博物馆中面积较大，藏品丰富，代表性展品的博物馆，图书馆常年接受民众阅读,/Date(1661270212000+0800)/,4
324320607,感受两河流域文明，孩子更感受到和平的重要性，非常好的展览！！,/Date(1664937527000+0800)/,0
1649913,十年前办的图书卡现在还能用呢。先去南区，不能外借，进入阅读室必须在门口预约。南馆超级安静。北馆在整修，外面有点吵，内部很安静。工作人员都很热情。很多家长带孩子来，没有成功进入儿童观，得提前三天预约。名额特火，九点抢，秒没。老年人开放了电话预约，特别贴心,/Date(1618717262000+0800)/,3
41563780,"“如果有天堂，天堂应该是图书馆的样子。”图书馆是爱书人的文化殿堂。
  中国国家图书馆是国家书总库，国家数目中心，是世界最大、最先进的国际图书馆之一。国家图书馆原名北平图书馆，成立于宣统元年（1909年）前身为京师图书馆……",/Date(1622982921000+0800)/,2
39295756,北京国家图书馆是非常值得一看的地方，我是因为一本买不到的书去的。每天9:00一17:00开馆，免费，分南北两个馆。南北相距约60米远，两馆之间有一个国图书店，里面全是打4到7折的正品书。我先去的是北馆，馆内不让带吃的和违禁物品。过完安检，左边有免费的提供的热水和温水，往右走20米有自动办卡的机子，评本人身份证就可免费办理（首次）。南馆是典籍图书，是闭架的，想看的书要在综合咨询处约，由工作人员给你取出看，大约要40分钟。外借要一个月归还。两个馆都有存包处，南馆外还有24小时自动还书处。卡办好了，外地的可以不用退，下次去还能用。好像每3年检验一次即可。因为时间紧，还有许多没能了解到的地方。但是图书馆安静凉爽大气，是非常值得一去的。,/Date(1471006294000+0800)/,313
245161773,去博物馆参观一下历史展览感觉不错！,/Date(1663824274000+0800)/,0
230921536,20210725    娃娃放暑假了，发现最近图书馆好难约啊！好在“国图文创”开着，可以进去看看书，喝喝茶，娃娃可以买个明信片，敲敲章，小的明信片才3元，良心价格了！不过貌似没人管，自己带着本本敲章也可以，还有很多有意思的文创礼物，很不错哦！店内价格和京东旗舰店一样，不方便也可以网购的！,/Date(1627263000000+0800)/,1
20405548,中国国家图书馆，更确切地说是国家图书馆的分馆——国家典籍博物馆，无意间发现的好去处，也是这次北京之行收获最大的地方。展厅很丰富，每个展厅可以足足待上大半天，可惜时间有限，意犹未尽。,/Date(1486114079000+0800)/,41
450749,国家图书馆是北京最大的图书馆，是从北海公园旁的老北京图书馆搬迁而来的，国家图书馆里藏书众多，吸引读者前来寻觅。北京还有一个首都图书馆也不小。国家图书馆的剧场还经常组织活动和演出。,/Date(1621687981000+0800)/,3
4597745,周末带孩子到国家图书馆熏陶一下，这个季节过来的市民挺多的，总馆正在举办的古籍展览挺不错，可以看一看，南北馆的专题阅览室也很好，顺便买了两本儿童读物。,/Date(1489826457000+0800)/,21
4791856,非常安静的地方，适合学习，环境好！,/Date(1622189022000+0800)/,16
2991166,中国国家图书馆位于北京市中关村南大街33号。是国家总书库，国家书目中心，国家古籍保护中心；入选第三批中国20世纪建筑遗产项目，入选“全国中小学生研学实践教育基地”名单。,/Date(1651935628000+0800)/,2
205479826,国家图书馆是中国最大的图书馆，曾被评为“八十年代北京十大建筑”榜首，包括日报、古籍、音视频和儿童读物等多种多样的类别，此外推出的数字图书馆移动阅读平台可以提供随时随地随身的阅读体验。,/Date(1647926928000+0800)/,1
32564041,中国国家图书馆位于北京市海淀区中关村南大街33号。这里藏书丰富，饮水机和热水器一应俱全，大门入口处需要进行安检，在阅览室门口需要用身份证或者是读者卡扫码方可进入，座无虚席，许多人席地而坐，还有不少站着看书，读书的氛围很好。今天有幸在学津堂听到中国科学院武向平院士所作的题为《宇宙的结构和命运》的讲座，生动的讲述了宇宙的起源以及最终结局，讲述了人类在历史长河中出现的阶段，地球在银河系以及宇宙中的位置，以及人类对科技发展所做出的贡献。每一个人都需要感恩生活在这个最好的时代，人的一生在宇宙的历史长河中不过是沧海一粟，鼓励人们保重身体，活得更长，看到世界日新月异的发展。整场讲座深入浅出、风趣幽默，真正感受到大师就是不一样，语言形象生动，过程中听众的掌声不断、笑声不断。生活在首都，真的很幸福，能免费听到大师级的讲座，学到最前沿的知识，沉浸在浓厚的知识氛围中，珍惜每一天吧！ 北京，我爱你！,/Date(1555250143000+0800)/,45
116713105,中国国家图书馆位于北京市中关村南大街33号，是国家总书库，国家古籍保护中心，中国国家图书馆还是世界最大、最先进的国家图书馆之一。,/Date(1621688432000+0800)/,0
116713105,中国国家图书馆位于北京市中关村南大街33号，是国家总书库，国家书目中心，国家古籍保护中心。里面藏书丰富，特别适合带孩子一起来。,/Date(1621211688000+0800)/,0
9302125,上学的时候喜欢去是地方，后来上班以后基本没去过了，现在疫情要在微信公众号上面预约，主馆可以自习，古籍馆可以约善本。,/Date(1659608633000+0800)/,0
26370255,当代中国的国家图书馆，馆藏卷帙浩繁，不少是极其珍贵的古籍，非常有价值的所在。,/Date(1646066838000+0800)/,1
697130,冬日阳光，紫竹院，国图，美不胜收,/Date(1645744754000+0800)/,0
392704182,这里环境景色宜人是人们旅游度假娱乐度假娱乐度假娱乐度假娱乐好地方,/Date(1653622302000+0800)/,0
24862153,是世界最大最先进的国家图书馆之一。前身京师图书馆筹建于1909年，后移至文津街新建的场馆，解放后更名为北京图书馆，1975年周总理亲自审批筹建新馆，87年新馆落成，98年更名为国家图书馆。2001年又筹建了二期工程和数字图书馆。,/Date(1583545496000+0800)/,3
253194335,上次去是听一个音乐会，挺不错的,/Date(1659059966000+0800)/,1
1117346,图书馆规模比较大，读者非常多，这里的环境不错。,/Date(1658712701000+0800)/,0
1117346,图书馆规模比较大，内部环境不错，清净安静。,/Date(1655535133000+0800)/,0
23686389,在海淀区首都体育馆旁边，人很多，书也很多,/Date(1646047999000+0800)/,0
262356103,去北京办签证，有半天时间，便去国家图书馆新馆看看。旁边是旧馆，成了典籍博物馆。正是周末，图书馆看书借书的人，还真不少。可以休息，有水。刷身份证免费入内，设计大气，图书📖种类多，收藏全。干净安静🤫。是个读书学习的好地方。,/Date(1599703332000+0800)/,0
83710901,书的种类齐全，趣味十足，性价比不错！,/Date(1649776404000+0800)/,0
1117346,国家图书馆规模比较大，藏书比较多。,/Date(1658365135000+0800)/,0
37129310,原来有个食堂，现在不对读者开放了。,/Date(1647402438000+0800)/,0
230652317,"【景色】
【趣味】
【性价比】不错",/Date(1651936637000+0800)/,0
108397959,建筑本身就是非常大气磅礴，而且里面的内容非常丰富，适合不同的人群吸取知识和营养。交通也是非常的便利，是不错的选择，值得推荐。,/Date(1636264505000+0800)/,1
37269493,国图很适合夏天带娃去，非常凉快,/Date(1659409936000+0800)/,3
86328205,"想要找个安静的地方思考人生，学习研究的朋友，国图是你不二之选。只是疫情期间，需要提前预约，上午9:00-12:00，中午会闭馆一个小时，下午13:00-16:00。需要在公众号  国家图书馆服务号 提前至少一天预约，一定带好身份证！！！
可以带电脑哈，可以充电的，是免费的哦😊",/Date(1604559711000+0800)/,2
262356103,中国国家图书馆位于北京市中关村南大街33号，是国家总书库，国家书目中心，国家古籍保护中心；是世界最大、最先进的国家图书馆之一。图书馆分为总馆南区、总馆北区和古籍馆，总馆南区主楼为双塔形高楼，采用双重檐形式，孔雀蓝琉璃瓦大屋顶，淡乳灰色的瓷砖外墙，花岗岩基座的石阶，再配以汉白玉栏杆，通体以蓝色为基调，取其用水慎火之意；馆藏文献3768.62万册，其中古籍文献近200万册，数字资源总量超过1000TB，是亚洲规模最大的图书馆，居世界国家图书馆第三位。年费参观，很棒。,/Date(1595683129000+0800)/,0
64358332,来北京很多次，但是还是第一次来国家图书馆，这里面的藏品很丰富，可以学到很多东西。,/Date(1625588388000+0800)/,1
2166710,全国所有正规出版物版本的收藏地，也是收藏最多图书的图书馆。,/Date(1656660311000+0800)/,0
17693442,我第一次去位于北京市的国家图书馆被震撼到了，这也太大了，据说藏书上千万册，非常值得去的地方。,/Date(1634247873000+0800)/,0
2166710,收藏国内正规出版社出版书籍最全的国家图书馆。,/Date(1652605198000+0800)/,0
235653029,国家图书馆非常大，大气磅礴，适合打卡,/Date(1655968698000+0800)/,0
24797139,国家图书馆在北京海淀区，长书非常多,/Date(1650462786000+0800)/,0
3925493,非常好，但疫情很少去看书J。习惜。,/Date(1647473386000+0800)/,0
235653029,国家图书馆在北京海淀区，值得一看,/Date(1651478257000+0800)/,0
235653029,国家图书馆在北京海淀区，非常大,/Date(1650369981000+0800)/,0
264657173,学习知识的好地方，有空去看看。,/Date(1620168135000+0800)/,2
22869588,超级大的图书馆，去了推荐办一张读者卡。好几个馆，很多藏书，各类都有。,/Date(1641914071000+0800)/,0
35664406,非常美丽的地方，静静地坐在那里看看书，享受每一字每一句带给你的快乐,/Date(1642162925000+0800)/,0
219445022,国家图书馆，这里的藏书丰富，品种齐全，种类众多，这里是知识的海洋。,/Date(1622435106000+0800)/,0
106642779,时内凉爽，展品介绍全面,/Date(1660447715000+0800)/,0
111175509,疫情基本结束，但这里还没完全恢复对外服务，期待中…,/Date(1617016507000+0800)/,0
44250136,值得一去，国家级图书馆，高大上，种类全，环境好,/Date(1630159627000+0800)/,0
176256721,超乎自己的想象，太棒了，一定要去，很值得啊！,/Date(1639737219000+0800)/,0
15607116,当年的北京图书馆，北图，升级改名为国家图书馆,/Date(1614737174000+0800)/,0
1307304,国家图书馆果然名不虚传！我喜欢这里的环境！,/Date(1626780685000+0800)/,0
15190772,这里非常好！图书种类应有尽有，值得前来学习,/Date(1621559193000+0800)/,0
111175509,环境太棒了，整体氛围给人留下美好的感觉。,/Date(1639649253000+0800)/,0
80044372,国家图书馆是亚洲最大、世界第三大图书馆。从上往下看，通透的窗户把阳光请进了室内，图书馆内像一个“回”字，书架立在四周，桌子整整齐齐围成一圈，人们在静静地看着书，而在一旁看着他们的我此时似乎读懂了博尔赫斯的那句诗：如果有天堂，它应该是图书馆的模样！,/Date(1560906458000+0800)/,10
49016084,"1.国家图书馆里的典籍博物馆是这条点评的重点；
2.典籍博物馆里有古典文学的收藏版本、近代名人的手稿、开国功勋的文件等各种珍贵资料；
3.博物馆是免费的，但是不能带双肩包和饮料入场，要寄存的；
4.有时会有一些特展，最近是甲骨文的展，值得一看。",/Date(1503841620000+0800)/,10
51657386,每天5:00闭馆，所以尽量早点来，可以多学习一会儿！现在可以自助办理读书啦，进自习区需要刷卡。里面特别安静，找一个自己喜欢的位子，位子上都有电源，可以带电脑来学习。这里环境这么超好，又能看到外面的阳光，又清凉舒爽！推荐大家来这里来学习，氛围特别好！还有安静看书的小朋友和老人，在学习面前，真的不分年龄。,/Date(1500209813000+0800)/,30
64913532,面积非常大，藏书丰富，阅读环境宽敞明亮,/Date(1640586819000+0800)/,0
192376924,中国最大的图书馆，世界著名的知识殿堂。,/Date(1634700891000+0800)/,0
28913310,刚来北京时就办了借阅证，这么多年过去了,/Date(1622676927000+0800)/,0
484813,馆藏非常丰富，查阅资料非常方便，不错。,/Date(1615025247000+0800)/,0
50828627,阳光下，安安静静多看书，是一种享受。,/Date(1640312476000+0800)/,0
5176977,不愧是国家图书馆、收藏强大、应有尽有,/Date(1639951086000+0800)/,0
229891093,魅力的国家图书馆！！！学习环境不错哦,/Date(1627893843000+0800)/,0
227311995,徐汇区上海图书馆。遨游在知识的海洋。,/Date(1622859097000+0800)/,0
217452377,很棒的图书馆，非常大，喜欢在里面看书,/Date(1621936884000+0800)/,0
264657173,在知识的海洋里荡漾，，学习使人进步！,/Date(1621905620000+0800)/,0
206068983,每天抽时间来这里坐坐，静心读一本书。,/Date(1616989605000+0800)/,0
3160497,现代化，大气，藏书非常全，赞赞赞！,/Date(1635746051000+0800)/,0
257709,国家图书馆挺大的，地铁9号线直达。,/Date(1618872911000+0800)/,0
24941383,国家图书馆是知识的海洋，很多精彩,/Date(1638583539000+0800)/,0
6006052,国家图书馆，必须要办的好啊，书多,/Date(1624754981000+0800)/,0
264657173,天天荡漾在知识的海洋，学无止境，,/Date(1623192176000+0800)/,0
716975,每天都会有很多热爱读书的人去这里,/Date(1621891455000+0800)/,0
209484925,暑假带孩子来这里感受读书的魅力,/Date(1639022800000+0800)/,0
1918239,地方很大，带着孩子好好逛一逛。,/Date(1630233518000+0800)/,0
1524233,很值得去的地方，储书量非常大！,/Date(1623997125000+0800)/,0
73633699,不愧是国家图书馆，大的没话说。,/Date(1622808493000+0800)/,0
18265087,很好，很满意，望再接再厉。很好,/Date(1616397461000+0800)/,0
30532551,图书馆离地铁站不远地很大，然后晚上也开放，可以上自习，图书馆的环境非常好，人也不是很多，建议大家可以来看一看，同时可以住在对面的美居酒店，也是不错的。,/Date(1602635210000+0800)/,0
4282945,建筑宏伟，大气壮观，内部也很宽阔、舒适。分成人馆和儿童馆，很多人在里面看书。儿童不能进入成人馆，成人可陪同儿童进入儿童图书馆（限一名成人）。凭身份证免费进入看书，如果想用wifi，就需要办理成人读书卡。很好的学习场所。,/Date(1517224326000+0800)/,9
76267099,国字号的图书馆，当然值得去了。交通便利，门口就有公交，地铁。环境舒适，是个静心的好去处。平时在这里可以看看书，查查资料。大厅内不定期有临时展览，值得一看。节假日期间，与其在各景点人挤人，不如睡足觉后，在这里静静的看看书。又长知识，又能好好休息，一举两得！附近还有国家典籍博物馆，有时间也可以看看。,/Date(1485596858000+0800)/,9
3305214,一个适合带孩子来学习的地方，不过成人馆不让孩子进，可以出来到一个儿童馆，允许一个家长进入，都是免费的。在图书馆一进门上电梯，直到四楼，可以俯视整个图书馆，非常壮观的景色。,/Date(1461223544000+0800)/,42
540484,免费免费免费。凭二代身份证自助办个读者卡，非常方便。不用自己带水，热水、凉水自己挑。藏书很多看不过来，看到了毛主席家的族谱，“宏中肆外国尔忘家”。可以经常去的地方。,/Date(1485021198000+0800)/,10
41120269,免费参观，可以用身份证在自动办卡机上办理读书证，然后进去图书馆。这里不能带水跟吃的，所以尽量不要带，不然过安检东西全得留下来。或者您可以搁置存包处。国家图书馆很大很气派，个人很喜欢。,/Date(1483022068000+0800)/,9
4282945,有时间的话，这里是非常好的地方，可以看各种书籍，名著、小说、杂文、科学等等，也有学习书籍，还能上网，有电脑室。环境氛围安静有序。院内有咖啡厅、食堂，可以休闲小饮。总之，能充实地在学习中或文学世界中度过一天。,/Date(1520384202000+0800)/,8
340437616,书中自有黄金屋，书中自有颜如玉。。。。,/Date(1650817636000+0800)/,0
28898040,好多年没去了，当时的证还在，可能退不了了吧。里面是真大，现在应该更好吧。,/Date(1627908601000+0800)/,0
897521,"在北海公园的西侧就是著名的北京图书馆，这里可以看到北京最美丽的图书馆建筑，在过去的图书馆建筑里也可以看到大屋顶建筑，院子里也是古木参天，还有石刻的华表。
筹建的京师图书馆，一九一二年正式开放，1928年改名为国立北平图书馆，建国后改称北京图书馆。其藏书历史可追溯到七百多年前。原面积8000平方米，现已增为近40000平方米。1949年是藏书1400000册至1979年第已达1000万册，其中有国内20多个民族的古今典籍和数十万册善本图书，还重点收藏国外115个文种的出版物，其中英、俄、日、法、德文为最多。1997年，国家图书馆决定对历经风雨近七十年的分馆原有建筑进行全面维修和改造。同年7月1日，分馆全面闭馆。于2000年12月18日投入试运行，2001年1月1日正式重新开馆。
看外观，就是一座中国典型的大屋顶结构，与故宫的一些建筑如出一辙，太庙、孔庙以及其他一些建筑都是这一类建筑形式。所以，这个图书馆是世界上少有的古代图书馆，距离现在已经有百年历史了。
到这里看书，与位于紫竹院方向的新的国家图书馆是一样的手续，所以，住在城里的人到这里借书或者阅读都是一样的。
但是，在这里看书的环境还是要更加舒适、惬意一些，美丽的北海白塔辉映在湖水中，小船在湖中荡漾，对面中南海与北海两池春水包围其中，这个图书馆应该说是一座“宠儿建筑”。",/Date(1611159788000+0800)/,1
1638440,国家图书馆位于北京市中关村南大街33号，与紫竹院公园、动物园、石刻艺术博物馆相邻。乘坐地铁4号线／9号线国家图书馆站下车A口出来即是，门口也有多条公交线路。国家图书馆是国家总书库、国家书目中心、国家古籍保护中心，周一闭馆，周二～周日免费开放，开放时间9:00～17:00，入口处安检，严禁携带食物，馆内有饮水处，馆外有免费寄存处。国家图书馆有四大专藏，分别是《永乐大典》、《四库全书》、“敦煌遗书”、“赵城金藏”，不定期对外展出。国家典籍博物馆上午10:00和下午14:00分别有两场免费讲解。本阶段上午10:00讲解的是从诗经到红楼梦看中国古代文学、甲骨文探索，下午14:00讲解的是永乐大典和党史。笔者在游览时，看到很多市民前往借阅图书，图书馆安静、整洁、博大、肃穆，是一个有历史、有内涵的好地方。,/Date(1542952024000+0800)/,7
112680557,带着身份证就可以进，很有气氛，很喜欢，书很多，有机会在那多待会，看书能看进去，挺好的，人挺多，借书应该得办借书卡。周六周日闭馆早，要早点去。,/Date(1508344113000+0800)/,11
3272780,喜欢周末去那里读书，环境十分幽静。,/Date(1624524003000+0800)/,1
101008141,外观设计非常好看，有气势，图书种类繁多，知识的宝库。,/Date(1625568338000+0800)/,0
186247143,书籍的海洋，文化气息十分浓郁，十足的体验感。,/Date(1645584103000+0800)/,0
62421688,图书馆面积很大，书也很全，自习室也很好，,/Date(1625577436000+0800)/,0
19997422,感受知识的力量！书很全，多带孩子们看书去,/Date(1614660941000+0800)/,0
32564041,"今天下午在国家图书馆综合楼进行了《心连广宇&amp;#183;志在苍穹—人类太空探索与中国航天之路》课程最后一讲“人类太空探索前景—勾画宏伟蓝图”的公开课的讲授，庞之浩老师为我们介绍了运载火箭和航天器的发展前景，以及由此带来的各种深空探测的可能性，包括载人登火星、建造月球基地、实现太空旅游等，同时介绍我国航天事业未来发展的重点和方向。庞之浩老师是中国空间技术研究院研究员，神州传媒公司首席科学传播顾问，还有其他头衔，此处不做一一陈述。
       讲课图文并茂，深入浅出。在最后的观众提问环节，我问了第一个问题：“关于太空旅游，对于普通工薪阶层来说，此生是否有实现的可能？”庞老师回答；“目前到太空旅游的费用是一亿美元左右，如果太空电梯在本世纪末研制成功，每个游客的费用可以降低到二百美元。”我一听，本世纪末，我已经120多岁了，据说人类的寿命理论上最长可以活到150岁，看来要好好保养身体，争取有生之年到太空去旅游。
       随着电影《流浪地球》的热映，引起了太空热，使人们看到了一个广袤无际的宇宙，让我们意识到不要再纠结于日常琐事，可以把目光放的长远一点，想一想如果哪天地球毁灭了，人类该何去何从？要未雨绸缪，提前考虑开发其他星球，也要珍惜当下的幸福生活。
      感谢国图给读者提供了这么好的与专家面对面交流的机会，希望以后多多举办类似活动。",/Date(1558105225000+0800)/,6
26208996,国家图书馆在宽阔明亮的大街上，进入参观需要走一定的程序。国家图书馆新馆宏伟大气，装修里渗透出一股浓浓的书香气息。沿街是中央民族大学、北京理工大学、北京外国语大学、中国人民大学，建在高等学府区域，不仅能物尽其用，也方便高校学子查阅资料学习知识。,/Date(1527589894000+0800)/,6
28421403,值得去，很大，设施齐全，安静，适合学习,/Date(1626479832000+0800)/,0
428140,国图少儿馆。书不少，环境也还好，然而真的有点吵…一时感慨，界限感和公德心的培养真不是一朝一夕一代人可以养成。所幸现在学校已经开始重视礼仪和行为教育，相信孩子们长大了有机会见到一个更为有礼有节的社会。,/Date(1475214349000+0800)/,25
2166710,国内图书品种最多的图书馆，书的海洋。,/Date(1632106705000+0800)/,0
264600734,特别有知识的地方，要提前预约的。,/Date(1633733571000+0800)/,0
19997422,读书夏令营，进行中了，放娃看书,/Date(1627314164000+0800)/,0
67076989,凭二代身份证免费办理图书证，三年激活一次，可以在全国范围享受电子数据库。国家图书馆活动很多，有很多主题展览，相当不错。有饮水器和纸杯，很贴心。,/Date(1493634891000+0800)/,12
240536865,疫情期间需要预约才能进入，前身是清宣统元年七月二十五日（1909年9月9日），清政府批准军机大臣、学部尚书张之洞的奏请，筹建京师图书馆（国家图书馆前身），调内阁大库、翰林院、国子监南学书，以及文津阁《四库全书》、敦煌劫余遗书作为基本馆藏。京师图书馆成立后，缪荃荪首任监督。,/Date(1609816477000+0800)/,1
11619827,其实我觉得就是一个普通的图书馆也没什么可参观的，而且疫情期间更是各种麻烦还需要预约,/Date(1620357092000+0800)/,0
1529681,"有同学前两年去北京，发了一组朋友圈的照片，说是国家图书馆，当时印象非常深刻的就是这个超大的的阅览室，从二楼往下看，那个气势可以称得上是非常宏伟、壮观，不过，这么大场地，倒是非常安静的。

实际上这个是在国家博物馆的北区，是单独的一栋房子，和少儿图书馆在一起的。",/Date(1565965935000+0800)/,4
32564041,"今天在国图影院举行了《纪念梅兰芳、周信芳诞辰125周年系列讲座》，主讲人：萧润增，对话嘉宾：林瑞康。
         萧润增作为周信芳亲传弟子，讲述了在中国戏曲学校的经历，以及与周信芳学戏的感受，以及教授麒派艺术的体会。
         不要刻意学习老师，究竟怎么学？要摸索，不要在外形上着力模仿，要了解老师的精神。不局限于坐念唱打，要做到随心所欲，那是厚
积薄发的结果。周信芳创造出自己独特的声腔，嗓音不足，但是让观众忘记了嗓音的不足之处，而是把观众吸引进戏里，做到寓教于乐，让观众在戏里学到东西，没有怪声叫好，让观众的心平静下来，只是在出场和演到精彩时，观众潮水般的掌声由强到弱，修炼到了一定的境界，从身法、手法、眼法口传心授，就像电影《姿三四郎》那句老师对弟子所说的话：“悟性，就在你的脚下。”
         周信芳一生演了600多个角色，720多部戏，演了2万多个场次，负荷已达到生命极限。
      讲座过程中放了一场周信芳在1961年拍摄的电影《跑城》片段，看似随意，实则难度很大，一个演员有三重身份，一个是自己本人，一个是角色，一个是演完后对角色的反思。所有动作不离一个圆，和中国的易经文化相吻合，萧老对周老的动作进行现场表演解读。
         最让我感动的是萧老说的“我经常问自己，我真的学到了吗？”谦虚的美德在萧老身上体现的淋漓尽致。
       今年是国家图书馆建馆110周年，也是梅兰芳、周信芳诞辰125周年，感谢国家图书馆举办的非遗系列活动，让我们学到了许多国粹，更好的传承了中华文化。",/Date(1559881586000+0800)/,4
6759576,"长与阅读相伴，润泽精彩人生 
        ---恰逢花开，最是书香能致远


世上无人人必读的书，只有在某时某地，某种环境，和生命中的某一个时期必读的书。

读书没有合宜的时间和地点。一个人读书必须出其自然，才能够彻底享受读书的乐趣。",/Date(1554863642000+0800)/,4
21826893,这里是全亚洲最大的图书馆，里面环境非常好，各种图书方面的服务也都有。可以带着孩子周末来看看绘本和其他书籍，儿童馆还有小人书可以看。,/Date(1518489079000+0800)/,7
4282945,很大气宏伟的建筑群，与国家典籍博物馆相连与同一大院，分成人馆和少年儿童馆，可以凭身体证或读者证免费进入。藏书板其丰富，读书的人也很多。有配套的图书馆食堂，及品诺咖啡厅，都在院内，很方便。,/Date(1521255862000+0800)/,6
32564041,国家图书馆电影厅，目前正在举办经典电影展映，观众可以在官网上免费领票。今天看的是电影《人生》，该片根据著名作家路遥的同名小说改编而成，导演吴天明，由西安电影制片厂进行拍摄。描写了高中毕业生高加林与农村大字不识的姑娘刘巧珍的爱情悲剧。高加林为了追求理想的生活，而与巧珍分手，与有共同语言的白富美黄亚萍欲共结连理，却被亚萍的男朋友的母亲告发工作手续不合法而丢了工作重新回到农村。不愧是经典，在影片首映后45年再次看到这部老电影，仍然为剧中人物精彩的表演而惊叹，我几乎是留着眼泪看完了全片。巧珍就是真善美的化身，德顺爷爷说高加林丢了像金子一样珍贵的巧珍。当高加林重新回到农村，巧珍的大姐想要羞辱高加林时，巧珍加以阻拦，她说她心疼高加林，如果大姐羞辱高加林，那就是往她自己的心上划了一刀。爱的最高境界是什么？那就是心疼，从最初加林的教师工作被大队书记的儿子顶替，巧珍就心疼加林，到支持加林到城里工作，她也是心疼加林在村里不得志，到她去城里看工作的加林，给他钱，还是心疼他生活的不易，到最后加林丢了工作，回到农村，他还是心疼加林的失落。加林尽管和亚萍有共同语言，尽管亚萍能给他带来更好的发展空间，他在感情上还是更喜欢巧珍，尽管她没文化。我想这就是真善美的魅力吧！当巧珍告诉加林他家里的老母猪下了12个猪仔，第二天死了1个，再过一天又死了1个，加林不说话，只顾去看书。其实从这时起巧珍已经意识到她和加林有巨大的鸿沟，尽管她后来让妹妹教她认字，她还是赶不上加林的脚步，她在加林面前爱的卑微，爱的没有自我，后来出嫁时她告诉她妹妹她就是喜欢读书人。我想这就是爱情的魅力吧！人总是喜欢自己没有的东西，西葫芦配南瓜总是让人不甘心。不同年龄段看同样的故事会有不同的感悟。我当年看路遥的小说时还在上初中二年级，当时只觉得高加林是个陈世美。现在已经46岁了，经历了恋爱、婚姻，角色也是由单纯的女儿变成妻子、母亲、儿媳，对这部作品有了更深的感悟。感谢国图给了人们这个免费重温经典的机会。希望以后多多举办这样弘扬文学经典的活动。,/Date(1555998812000+0800)/,3
49765674,目前是亚洲最大图书馆，交通便利，出门即是公交站和地铁站口。位置也很好，在海淀区的中关村南大街。图书馆分南北两个馆，中间有个书店，里面全是折扣正品书。北面是国家典籍博物馆，进入时超过A4纸的大包是不能进入的，有免费寄存处！里面装修气派，感觉空间空旷浪费！南面是阅读借阅区，找一些文献资料、阅读书籍必去的地方！,/Date(1496710793000+0800)/,9
3305214,北京国家图书馆非常棒的一个地方。是一个学习知识，开拓视野的好去处。免费进入，场地很大，图书很全，不少人花上一整天在里面学习，从电梯上俯视阅览室，气势非常的壮观，堪称“网红照片”。,/Date(1564801221000+0800)/,4
418444,环境优美，树木、草地挺多。有收费的停车场。图书非常全，现在都是自助借还书机，特别方便。室内外都非常干净，草地总有人浇水，维护的很好。,/Date(1445429093000+0800)/,18
6183249,"适合来熏陶一下气息,地铁可到,方便, 免费寄包

回字形的阅览室太有气势了. 不办图书卡,在公共区域也可免费参观. 

配套的餐饮挺便宜,但是质量有待提高. 

带孩子来特比适合",/Date(1494333951000+0800)/,21
219059253,位于北京海淀区中国国家图书馆，建筑面积28万平方米，分南区、北区及古藉保护中心。与紫竹院公园相邻，环境优美，具有5000多个座位，相当舒适，居世界图书馆第三位。重要的是为人们免费书房。,/Date(1555636224000+0800)/,3
76314063,"《牺牲》：“绝美的风景，多在奇险的山川；绝壮的音乐，多是悲凉的韵调；高尚的生活，常在壮烈的牺牲中。”
中国最大的图书馆吧，建筑本身就是艺术，设计感超强。好像有人说过，如果天堂有具体的样子 那应该是图书馆的模样吧。谢谢国图，让我遇见天堂的样子～～",/Date(1580040091000+0800)/,2
2427590,进门需要存包，免费存包，存包地点5点关门。现在正在展览的安徒生插画作品展，门市价90，团购价70，这个展览不算太大，共两个展厅，里面有7个盖章的地方，可以盖7个不同的印章，这一点对小朋友比较有吸引力。,/Date(1508662253000+0800)/,16
3349672,今天晚上从国家图书馆路过，猛然发现已经有几年没进去了，回味前些年，几乎每天都来，还记得在图书馆正门口，旗杆下，有个小小的石碑，上刻着&amp;quot;老山焦土埋藏地，&amp;quot;几个字，现在早已没有了，看着在里面读书的人，我在想我们不仅要用知识武装自己，更重要的是不要忘记当年浴血奋战的烈士，忘了历史读在多的书还有何意义，国图原名北京图书馆，是亚洲最大的图书馆，藏书列全世界前几名，里面很人性化，饮水机咖啡厅，快餐店应用尽有，书桌和座椅非常舒适，坐一天都不觉得累，在走廊中还有沙发，许多人坐在上面往往是没多久就呼呼大睡，可想而知沙发太舒服了，国图二期从外观看像一本书，里面是下沉式阅览室，像国外某大学的图书馆，采光效果很好，设计完美，读者不用走太远，就可以去别的阅览室，整个图书馆特别安静，连人们说话都小声说，生怕打扰了别人，不管什么时间里面都坐的满满的，找一个位子都难，而且进阅览室只用刷身份证，没有其他的条件，唯一限制是不能带水和食品进入，如果有时间在这里看看书，也是不错的选择。,/Date(1490877523000+0800)/,16
58698855,图书馆老馆去的多，建了新馆之后去的就少了，新馆确实大气不少，不过老馆更有那种文化氛围。曲径通幽中去找一本上了年代的书来看，别有一番风味,/Date(1490838551000+0800)/,9
3797320,国家图书馆的儿童馆。这里非常好。对小朋友来说非常好，对成人来说也很有意义。到这里来一趟成书，受受教育非常的不错。特别是对小孩培养读书的习惯非常的好。,/Date(1496473964000+0800)/,17
21826893,这里非常值得大家去，里面可以借阅图书也可以在里面呆上一天看书，氛围特别好，办张卡需要你交100块钱，不多的钱可以办到很多事情，带孩子去看绘本也很不错，不过，如果是大人自己去就不能进去啦！,/Date(1516855447000+0800)/,6
23434541,国家图书馆很漂亮，可借书，可在里面阅读，旁边是紫竹院公园东门，,/Date(1610241452000+0800)/,2
23340368,国家图书馆坐落在海淀，可谓是全国文化氛围最浓厚的宝地。 附近还有很多知名大学，以及科研院所。国图是个非常不错的自习场所，无论白天黑夜，都比较容易给人带来灵感，特别是在下沉式的阅览大厅！,/Date(1461553378000+0800)/,12
167953434,"中国国家图书馆号称中国最气派的书房，也是中国最上档次的图书馆了。国家图书馆作为本人来北京的第一个国子号目的地感觉还是很棒的。
国图由北区、南区、艺术中心、典藏博物馆组织，还经常有讲座活动。
其中开放时间：北馆周一至周五9:00-21:00，周六至周日9:00-17:00（周末开放时间相对短点），南馆和其他馆都是下午5点就会闭馆了。进馆的话背包需要寄存，给个取包条码出来时可取回。
进馆的话需要安检，然后要出示身份证或者读者卡。
入北馆就可以感受国家图书馆的气派了，这里还可以免费办理读者卡，很方便。",/Date(1559332139000+0800)/,1
86126683,国家图书馆！传说中的古籍馆位于北海西岸，中南海北门正对面，原是民国时的北平图书馆，并非真正的古建筑，但气场强大到无以复加，确能当得起中国的国图范儿。听说此地收藏了大量古籍旧书，慕名前来一看，好吧这本书也实在太旧了…,/Date(1509888754000+0800)/,5
203236889,国家图书馆从4楼看很震撼，读书的好去处，很安静书香气息很浓，推荐大家去看看，来体会一下傲游书海的感觉，周围交通方便，一个人静心的好地方,/Date(1557133429000+0800)/,4
28297455,这里非常值得去，是一个知识的殿堂，是人类灵魂的集散地，宏伟大气，不但卓越,/Date(1602551364000+0800)/,1
67652856,国图很大，分为南区和北区。南区主要为外文书籍，敦煌文献等，北区为中文书籍。中国典籍博物馆也在国土范围内，环境很不错，偶尔还有讲座可以听听。入门记得寄包不然安检会拒绝你进去。,/Date(1533391170000+0800)/,2
16398021,颇有美国大学图书馆的感觉，现在高层往下望，每层都有很多人坐在那里看书，或穿行于书架中，更有人坐在地上看书。来这里人变得纯粹了,/Date(1446047771000+0800)/,10
1438501,"心心念了有一个月的地方，想看看它的下挖
式设计，感受一下大家一起读书学习的氛围。
&amp;#160;
新馆在北面一些，一摞台阶走上去才可以进。拾级而上，旁边就有服务员站着，态度很好地指路。
&amp;#160;
进去先自助办了一张卡，很便捷，自助机上二代身份证一刷就得，输入一电话，卡片就出来了。如果要外借图书，那就中文图书100押金，外文图书1000押金。这里有不足：只能现金支付，搁平时出门不带钱包，我今天就办不成这个借书卡了。而且，就在我后来查找图书的时候，有人过来找我要钱，给她现金，然后微信付钱给我。
&amp;#160;
借书的系统也不是太好用，下次我找个时间宽绰的机会再研究一下，如果还是解决不了今天遇到的问题，我再写出来。
&amp;#160;
停车也是一大难事。路边收费第一小时10块，之后15每小时。地铁倒是很方便，出来就是。",/Date(1540942229000+0800)/,0
36067788,回酒店的路上去了趟国家图书馆。国家图书馆那叫一个高大上！逛了半天连一楼一半都没参观完。没看见想象中的书架林立，也没看见如饥似渴读书的学者，只看见一间间办公室里埋头整理各种图书的工作人员。想到他们的工作承载了国家与民族的文化传承，不由得肃然起敬。一个多小时后才终于看见一个大厅，一排排书架整齐地排列，有人或专心阅读或反复找寻。馆外的国图书店又深又长，各种书籍3-6折，孩子去的旁边的少儿图书馆，也许是暑假的缘故吧，管理员都是小孩子。,/Date(1530221949000+0800)/,2
21826893,这里值得大家去，里面的环境非常好，主要是氛围特别好，带上孩子来这里看看书，是大多数这边的家长的选择，要么去自习室。也很好！这里有个借书的地方，每次一张卡最多可以借三张，门口有个自助还书的机器，过节的时候或者周末，这个机器就不开了。,/Date(1517951624000+0800)/,4
4597745,以前写论文常去的场所，国家图书馆旁边目前正在施工，应该是城市快轨项目，市政工程，古银杏树也被工地包围了不知道还在不在，反正在门口就觉得电钻声音吵人，建议借书，馆内阅读复习功课什么的如非必要暂时不要考虑了。,/Date(1479544851000+0800)/,13
96543375,这个周末我去看了一下，在典藏馆有好几个展览正在进行，就在南边，大家可以去看看。如果要借书的话，那么就押100块钱借中文，1000块钱借英文版，中文图书可以借三本书，英文图书一月可以借8本书。,/Date(1520165194000+0800)/,4
22869588,里面的书真的是巨量，各种各类的书都有。办一张图书卡后，进出都很方便。,/Date(1588136898000+0800)/,0
47528298,国家博物馆里面的藏书齐全，特别是少儿阅览室，很适合带孩子一起阅读。,/Date(1587702399000+0800)/,0
20970275,中国最好的图书馆，是中国善本最全的图书馆，我有幸进去看过书很舒服的，很安静适合去静静心，也适合去安安心，人总是要有点追求。太浮躁了，不好。,/Date(1490431633000+0800)/,6
24280509,国家图书馆很棒的设施场馆点赞，很多演出都在这里演出,/Date(1603537534000+0800)/,0
3272780,新馆很气派，设施齐全且现代，体现我华夏文明传承,/Date(1593680938000+0800)/,0
6387417,文化气息浓厚，在这里一下就能踏下心来好好看书～,/Date(1591934588000+0800)/,0
1853736,图书的海洋，知识的宝库，能踏实看书的地方。,/Date(1587735479000+0800)/,0
23754951,国图四号线出口就是，非常大藏书非常全面.以前家就住在附近。办的年卡周末经常去看书.现在比以前现代化多了.条件也好的多.有时间也是会去看看书.,/Date(1560315802000+0800)/,5
177077196,不亏是国家级的图书馆。藏书特别多啊。,/Date(1603252303000+0800)/,0
66276410,很棒的图书馆，馆藏很丰富，值得一去。,/Date(1600819282000+0800)/,0
157926583,书非常多，环境好，现在需要预约。,/Date(1605747757000+0800)/,0
235461,非常好非常棒！！应该多来这里！！,/Date(1593554263000+0800)/,0
28913310,在紫竹院公园旁，非常不错的大楼,/Date(1614591209000+0800)/,0
4655720,面积很大的图书馆，交通很方便呢,/Date(1604934229000+0800)/,0
4655720,占地面积很大，里面藏书也很多！,/Date(1585230410000+0800)/,0
942148,景色不错 藏书超多 性价比超高,/Date(1596681530000+0800)/,0
4282945,中国国家图书馆古籍馆，在景山公园和北海公园附近，大门古香古色，不对外作参观开放，仅做为查找特定资料使用。门口的守卫很友善，会让你进去拍照再出来。,/Date(1506484496000+0800)/,4
,中国国家图书馆是世界十大最美图书馆之一，馆藏书籍3119万册，建筑面积为28万平方米，是亚洲规模最大的图书馆，居世界国家图书馆第三位。值得一游。,/Date(1501766060000+0800)/,4
13502727,分为几个馆，南馆北馆和典籍藏书馆是最大的，还有少儿馆和艺术馆等在南北馆之间，后面还有咖啡食品。典籍藏书馆有展览，可以在门口看看再确定去哪个展厅参观。北馆最大，很多人看书，分了很多层，书都是国家级的，很多在普通图书馆都看不到，对研究古籍和中文的同学很有用。,/Date(1527130578000+0800)/,1
116713105,中国国家图书馆位于北京市中关村南大街，总建筑面积28万平方米，图书馆分为总馆南区、总馆北区和古籍馆，是世界最大、最先进的国家图书馆之一！,/Date(1578474334000+0800)/,0
214640,去五塔寺路过这里，非常不错，这里据说图书资料极多，有些文物我们是无法看到的，但普通阅读还是很不错的，对大众开放的学习场所。,/Date(1513726906000+0800)/,4
36218441,图书馆已经有上百年的历史了，不仅可以看书，里面还有博物馆可以参观，交通方便，凭身份证进入，里面很安静，素质还真的很高，周末要不早点，否则找个空位也不容易，里面藏书很多，有不少古典书籍，，设施齐全，也很人性化，里面不允许带食物，不定期有各种讲过，借阅方便，氛围很好，可以去感受一下那种遨游书海的氛围，心无旁骛的那种。,/Date(1573567445000+0800)/,2
107705551,"南馆在南边超级偏僻的拐角里，按顺序往北依次是典籍博物馆，国图艺术馆，少年儿童馆，最后是北馆
整个面积非常大
南馆17点就闭馆了，北馆可以21点
但是还要看是否周一，是否遇上国家法定节假日等，出行前一定要网上查一下或者打个电话问一下
超过A4纸的包需要寄存，门口很方便，进入带身份证，可以免费办读者卡",/Date(1538991090000+0800)/,2
50415533,国家图书馆在维也纳国际酒店后门，与海淀区白石桥高粱河、紫竹院公园相邻。是国家总书库，国家书目中心，国家古籍保护中心；是世界最大、最先进的国家图书馆之一。,/Date(1539612548000+0800)/,2
218178504,国家图书馆是中国的最大的图书馆，曾被评为“八十年代北京十大建筑”榜首，包括日报、古籍、音视频和儿童读物等多种多样的类别，此外推出的数字图书馆移动阅读平台可以提供随时随地随身的阅读体验。,/Date(1579995353000+0800)/,0
36640221,不愧称为国家图书馆。设施的建设无可挑剔，书籍的收藏汗牛充栋。再加上极度的寂静，那就成为了爱好学习与向往书海的人们的乌托邦吧！,/Date(1474640733000+0800)/,7
80569141,管理的很到位，可以随意进出，有免费水，冬暖夏凉，藏书看上去很多，词典工具书还有类似年鉴的行业书籍很多，读者不算多，好多人占着软椅在睡觉。说实在话，在网络信息时代，图书馆盖的这么奢侈没有必要了，维护费也很昂贵。,/Date(1527547240000+0800)/,3
1821349,带孩子去国家图书馆，多少年没去了，发现有了少儿馆，挺不错。初八之前17:00关门，之后是21:00。少儿馆是上下两层，下层针对年纪较小的儿童，比较吵闹一点，上层适合稍大的孩子。,/Date(1485996632000+0800)/,4
38954937,如果你是在北京常住，一定要去，这里面的书很全，方方面面，可以研究写论文的好地方，你可以借阅，借还书都非常方便。我看到了我最爱的暮光之城,/Date(1525224956000+0800)/,0
39620557,北京最大的图书馆，馆藏全，阅读感舒适，是很好的去处,/Date(1610638523000+0800)/,0
,书目种类繁多，地理位置优越，是个读书休闲好去处,/Date(1599646655000+0800)/,0
1438501,"第二次来，还书，借书。 

借书的这边安检很严，食物不许带进去，糖也不行，我看着有位女士掏出了兜里的费列罗巧克力。不知道如果是低血糖的人需要随身备糖是不是会被特许带进去。 

对于查询系统还是不太熟悉，哪位大神比较熟悉的话欢迎指点。
比如这本《虚无的十字架》，显示中文图书借阅区有，但是没有位置，也没法儿找。
比如这本丰子恺先生的书，我查到了，有人借走了，想预约，但是却不知道要点哪里。
整体上，还没有找到查询系统的筛选功能，如果找一本书，会出来很多结果，但我只想看，当时可以借阅的，然而并没有找到，所以只能一页一页地去翻。",/Date(1543974496000+0800)/,0
282916233,文化人的天堂，去国图要预约，氛围很好,/Date(1613282543000+0800)/,0
3272780,世界最好的图书馆之一，馆藏图书丰富。,/Date(1611670910000+0800)/,0
238706009,国家图书馆位于北京，很大也很好。,/Date(1611532698000+0800)/,0
14368479,必须承认国家图书馆真的太大了，而且里面不定期讲座对所有人开放，讲座类型丰富，有时间可以过来听！而且有存包的地方，文创产品也很多！,/Date(1575387148000+0800)/,1
2038425,这里到底是国家级的图书馆了，到处都是各种的高大上，这是任何其它的图书馆所不能比拟的。这样子的地方当然来打卡的人也是超多的。不过还是一定要来一次的,/Date(1561194554000+0800)/,2
48100066,"一个国家希望起于教育、文学、艺术、科学。
今日被震撼、全是过来提升自己……
只有自己变得优秀才能吸引更优秀的人……
太想学习了",/Date(1572628970000+0800)/,1
4282945,经常来这里看书，每次都背一个迪卡侬小背包，放件衣服、伞、纸巾什么的，安检没出过问题。可是今天突然拿起我的包看了看，说超过A4纸大小的包都不让带进去。看了周围没有A4纸，无法测量，虽然我自己目测包的上半部比A4纸窄，但无法证明，只好下楼去存了包，手上拿着衣服（里面冷气太足需备件长袖）和伞重新回来安检进入。以前来了多次也没拦过，这次进来后注意了下其他人带进来的包，发现很多都比我的包大，怎么安检的？怎么进来的？安检居然也有歧视行为！,/Date(1527655134000+0800)/,5
616685,知识的海洋，环境优雅，非常干净，也有很多植被，让人感觉很在这里赏书很舒服。这里藏书很丰富，足足带上一天完全可以。,/Date(1450933174000+0800)/,7
96543375,要说性价比高非国家图书馆莫数，图书馆正门上去都是看书的地方，正门往北再往西有一栋楼，是借书的中文馆。想要借中文书的话就去正门上去二楼右手边先充100块钱押金，然后才能去北边儿楼借书一次可借三本，每次一个月可续借一个月。,/Date(1527646203000+0800)/,2
258573419,在知识的海洋里畅游，时间过得有意义,/Date(1578648114000+0800)/,0
41955490,为了一本书来，却爱上了整个图书馆。,/Date(1527484727000+0800)/,0
39105257,和紫竹院隔着一条河，里面藏书很多很多，空间很大很大，可随时办卡借书，很方便快捷。在图书馆下面南北两侧经常办展览，还有音乐厅和电影院，电影院的电影票很便宜，只有一大一小两个厅，设备稍显陈旧,/Date(1499432239000+0800)/,2
59130118,是北京最大的银杏林，一眼望不到底的83万余棵银杏树，绝对让你震撼。漫步在银杏林，百米银杏林所折射出的大美之感跃然心头，这是一个人物摄影的绝佳之处。,/Date(1480525756000+0800)/,4
25063734,国家图书馆分为一期和二期，二期的建筑仿佛一本书一样，里面有很大的阅览室挑空，环境优美,/Date(1447846861000+0800)/,1
1489999,交通方便，四号线和九号线都能到。有存包的地方，这个很方便。看介绍，这藏书真不是一般的多！侧楼是儿童图书馆，需要一名大人陪同进去。一楼是低龄儿童用书，二楼是大童用书。正馆13岁以下的孩子不能进去。不过里面的气氛特别好，绝对让你沉浸在书的海洋中。,/Date(1486137858000+0800)/,1
1532332,唯一的缺点是不能带自己的书进去 不过里面资源真的太多了 环境也好,/Date(1449420253000+0800)/,2
194043646,真的很不错，去过多次，环境很好，很安静，也很干净，是一个真正能够静下心来看书的地方，图书藏量也是相当的大，有好几个馆，满足你各种看书的需求,/Date(1555768961000+0800)/,2
48368171,有时间应该一去的地方，既有自然景色，更多的是文化氛围浓厚,/Date(1509886395000+0800)/,0
34164222,交通便利，地铁就走国图这一站，非常方便。可以免费看书，登记身份证就可以了,/Date(1475596237000+0800)/,7
101947377,值得一去！淡淡的书卷味，下沉式的阅览室，在这里，所有人都会自觉降低自己说话的声音或不做声，生怕打扰了那一片因专注看书的宁静。,/Date(1501303290000+0800)/,0
101332016,虽然不在北京生活，但还是逗的办了张馆卡，很多很多人安静的在看书做自己的事，很舒服，喝水也很方便，还有沙发可以休息，来北京旅游印象最深刻的一个地方,/Date(1499734429000+0800)/,3
102785630,中国国家图书馆位于北京市中关村南大街33号，与海淀区白石桥高粱河、紫竹院公园相邻。是国家总书库，国家书目中心，国家古籍保护中心；是世界最大、最先进的国家图书馆之一。国家图书馆面积大，书籍多，环境好。,/Date(1554346359000+0800)/,0
4968885,藏书丰富，服务态度好。还有专门的儿童区。可是感觉儿童区的书还是偏少，偏幼儿。可惜全国其他地区人民享受不到这种服务。什么时候各个城市图书馆差距小点就好了。,/Date(1472286239000+0800)/,2
3797320,是亚洲规模最大的图书馆，居世界国家图书馆第三位。开放时间周一至周五9:00-21:00、周六至周日9:00-17:00。这里有很多古籍，如著名的《永乐大典》、《四库全书》等举不胜举。,/Date(1490487607000+0800)/,0
47428474,北京出差，专门抽了点时间来，简直太值得来了！呆了一下午没够呀！,/Date(1474470704000+0800)/,0
24145879,国家图书馆，是书海，是智力集中营，分门别类一应俱全。很多人都说，现在都看电子书了，谁还看那个书。个人认为，图书馆的作用是鼓励人们养成阅读的习惯。电子书很多时候，都不是在认真读书,/Date(1484842758000+0800)/,0
116961042,办会员卡，进去之后书很多，可以借书，很方便，而且还经常举办活动，非常有趣，自习室也很安静。,/Date(1582899201000+0800)/,0
87258570,中国国家图书馆总馆位于中关村南大街33号，古籍馆西城区文津街7号，现有南区、北区、少年儿童馆、古籍馆、国图音乐厅等，截至2012年底馆藏文献已达3119万册（件）。,/Date(1501069727000+0800)/,0
37316095,号称亚洲第一的图书馆，整体大气宽博，只要你想找的书基本都有库藏，真是很强大，环境也很不错，大家都能安静看书，唯一不方便是许多分馆不允许带包进入。,/Date(1496063100000+0800)/,1
54433533,具有浓厚的历史文化气息，可观光可学习，不错的人文景观,/Date(1462536231000+0800)/,1
168187879,国图建筑恢宏霸气，馆藏图书丰富。每天从此经过，但好久没有进去了，记得毕业前，为了写论文经常在这里查资料。昨天带孩子感受国图书海墨香，求知若渴的氛围。,/Date(1528580467000+0800)/,0
24714090,北京国家图书馆，位于北京海淀区中关村大街上，地铁，公交320.运通105.运通106，332特4等有国家图馆站。这里还有个博物馆。值得来读书参观。,/Date(1566867077000+0800)/,0
47528298,国家图书馆，特别是少儿阅览室，里面的书籍特别齐全，孩子很喜欢看。,/Date(1579770784000+0800)/,0
251820979,很不错 书籍很多 挺漂亮的 另外环净优美 适合广大学生和青年读者阅读浏览,/Date(1573914412000+0800)/,0
35446243,书的海洋，知识的宝库，交通方便，方便读者大众，坐着地铁四号线直达。也实现了网上借阅，只不过还没有试过。,/Date(1455524391000+0800)/,2
7437625,这个社会需要读书，图书馆是读书最好的去处，给自己点时间，去看看书吧。有钱的买书，没钱的借书，国图看书靠谱，交通还算便利，推介大伙看书去。,/Date(1499959124000+0800)/,0
62573136,周一闭馆！！！信息更新太慢啦！！！,/Date(1468809901000+0800)/,5
9456948,带孩子来看牙的等待时间太漫长了，不如先带孩子来国家图书馆看看，这里有专门的儿童阅览区，非常干净，安静。不过孩子有点小，不是很有耐心。,/Date(1484351584000+0800)/,0
31193234,这里的书最全，很多找不到的书，外地人千里之外来寻书。这几年国图修建的很大很新，看书的桌椅和空间非常多，基本都有座，还可以带电脑去。,/Date(1472503083000+0800)/,0
4398101,第一次去的时候被震撼到了，是一个学习查资料的好地方，但是座位不太好找,/Date(1520550359000+0800)/,3
5990745,国家图书馆是亚洲规模最大、世界第三大的图书馆，足足有28万平方米！图书馆的各个区域都是用玻璃来分隔的，书柜集中在中间，场面很震撼,/Date(1512958775000+0800)/,0
103318417,国家图书馆，值得带孩子去看一看，很壮观，很大很大,/Date(1501760432000+0800)/,2
80272203,到底是首都，图书馆大气，气氛很好，是学习的好地方，能去这里的知识海洋遨游一番，绝对值，书籍很齐全，环境安静幽雅，图书管理也很好。,/Date(1486716755000+0800)/,0
3070944,办卡免费，借书不知道要不要钱，还没借过，环境很好，很安静，有很多座位,/Date(1482830753000+0800)/,5
82467875,中国国家图书馆，更确切地说是国家图书馆的分馆——国家典籍博物馆，无意间发现的好去处，也是这次北京之行收获最大的地方。展厅很丰富,/Date(1505437574000+0800)/,0
69647446,国家级图书馆，现在还开设了国家典籍博物馆，不仅可以看书还可以参观博物馆，很适合爱看书的人，只是需要存包。,/Date(1572957731000+0800)/,1
16560507,以前是北京图书馆，后来改成国家图书馆！非常棒！进去参观过一次！里面安静，高级，很多藏书都有。而且还有很多座位提供给我们看书。,/Date(1566951862000+0800)/,0
69647446,国家级的图书馆～馆藏丰富～还有一个国家典籍博物馆可参观～还有不定期的各种讲座～很值得参观～看书也很好～,/Date(1562028055000+0800)/,1
20970275,中国最全的善本苦，在这个纸质书越来越少的时代，去去可以静心凝神,/Date(1483600499000+0800)/,3
50079156,值得一去，就是空间小，人多了得做到地上看,/Date(1578432287000+0800)/,0
82467875,国字号的图书馆，当然值得去了。交通便利，门口就有公交，地铁。环境舒适，是个静心的好去处。平时在这里可以看看书，查查资料。,/Date(1513732458000+0800)/,0
2624052,时间充裕时可以到这里体验下，阅读、学习、发呆、写作和思考人生等等，只要不影响到别人即可！环境很好，安静无扰，免费，喜欢！,/Date(1512959618000+0800)/,0
8280636,书香门弟，外表庄严肃静其实里面很大很壮观，读者很多，本应该安静学习的地方怎么能成为景点呢？真的需要静下心来好好看看书吧。,/Date(1508027636000+0800)/,0
38320854,去国图很方便，国图是地铁4号线和9号线的换乘站，名字就叫国家图书馆。这里的馆藏书多到数不清，当然，进国图是不可以带包的。,/Date(1486517560000+0800)/,0
4582490,到这里查阅资料能够查阅到很全面，非常安静,/Date(1449645821000+0800)/,0
6072486,暑假开始了，有孩子的家长可以带孩子来之里即看书了，还可以避暑，有孩子的活动区，真是个不错的选择。,/Date(1563411943000+0800)/,1
599550,去看看建筑，去看看书吧，很不错。,/Date(1575934158000+0800)/,0
28297455,非常好的经历，我下次还会再来的,/Date(1577322711000+0800)/,0
20970275,中国最大最全的图书馆，也是最多单本的存储地之一。,/Date(1498917928000+0800)/,3
119100598,到书的海洋，充满书香的味道，感觉特好，非常喜欢,/Date(1504955023000+0800)/,3
82467875,中国国家图书馆，更确切地说是国家图书馆的分馆——国家典籍博物馆，建筑宏伟，大气壮观，内部也很宽阔、舒适。,/Date(1526173104000+0800)/,0
154839392,免费开放的，四层，里面藏书特别的多，周末不知道去哪玩了，又不想宅在家，来这里安静的看会书真是不错的选择！,/Date(1512880200000+0800)/,0
498971,很久没去了  藏书真是太多,/Date(1583276217000+0800)/,0
1086992,图书种类繁多，环境优美，区域划分清晰，应有尽有，楼宇造型也美。,/Date(1456627449000+0800)/,0
38030833,里面很大，有各种学科各个方面的书，好多珍贵资料可以查阅拷贝影印版，环境很好，周围吃饭饮水也很方便,/Date(1527321187000+0800)/,0
66870644,被藏书量所震撼，更是被一位70多岁的老人在翻阅大词典而敬佩他们，敬佩知识。,/Date(1507301718000+0800)/,1
771362,国家图书馆是在中关村南大街，可以免费看书。还有一个小的电影院，价格实惠。,/Date(1569889153000+0800)/,1
8046725,国家级的图书馆，整体钢结构。真正的高大上，凭二代身份证免费进阅览室，参观一下是极好的！！！,/Date(1504158037000+0800)/,0
26282159,国家图书馆位于海淀，这里书的种类太多，喜欢看书的小朋友，趁着放假，来这里也是学习的好地方。,/Date(1471048746000+0800)/,0
50359082,图书馆的规模很大，里面人很多，有点闷，里面的藏书很多，还有wifi信号，非常方便大家读书。,/Date(1465364517000+0800)/,0
39144197,不愧为国字头的，非常气魄，关键是里面的书的数量，面全，两个字浩瀚！,/Date(1561793011000+0800)/,1
6067839,国图阅览室可以办卡或凭身份证入内，只是不能带书包和水。里面有饮水处。可以来自习或者看书，氛围还是很好的。从前也有自习室，不知道现在是否还开放了，也是要早去才能有座位。,/Date(1492316412000+0800)/,0
29747210,国家图书馆位于海淀区，这里的书特别多，科技的，医学的，太多了，喜欢看书的一定要来这里。,/Date(1471823382000+0800)/,0
15532342,非常赞的图书馆，新馆的设计很有特色，在里面看书真的是一种享受，完全沉浸在书的海洋。,/Date(1568284379000+0800)/,0
44116483,有个少儿馆，图书量很大，可以一位家长带个孩子，免票，带证件就可以。宝宝很喜欢这里,/Date(1511877759000+0800)/,0
65071825,这个地方非常好，内容非常的丰富，建议你去,/Date(1504151106000+0800)/,2
65652026,就感觉是好大好大的图书馆。里面藏书无数，既伎不看书，就参观参观，也需要很久。,/Date(1507268211000+0800)/,0
6995753,作为高手的国家图书馆。非常有名来北京，其实真的所有的旅游者都应该来国图看看。,/Date(1499096165000+0800)/,0
43790891,这是春天海棠花开，馆内各处花开灿烂。,/Date(1462769994000+0800)/,0
36276463,干净整洁，氛围好，书真的是太多了,/Date(1517975919000+0800)/,2
29659718,位于中关村，地铁有一站。地理位置优越，环境很好，关键是外观设计非常漂亮！,/Date(1513402578000+0800)/,0
,非常好，书很多，内容很足粑粑麻麻,/Date(1459840277000+0800)/,0
111512431,国家图书馆建筑气派，装备现代，是读万本书的好地方！,/Date(1526978798000+0800)/,1
112462802,现代化图书馆，有南北两个馆，书籍收藏丰富，数字化管理，非常值得来看看！,/Date(1514214117000+0800)/,0
15308905,不错的，篮球场地还是挺好的。,/Date(1459822640000+0800)/,0
84651483,琴棋书画诗酒茶花，在这里都有，或者欣赏或者学习,/Date(1562050011000+0800)/,1
49702924,国字号，不是盖的，特点是大而全，缺点是专业性弱，当然这是不可避免的,/Date(1489545153000+0800)/,0
101001103,亚洲最大的图书馆和网上数字图书馆，环境好，藏书和各种文献比较全。,/Date(1556770306000+0800)/,0
47528298,安静的地方，适合静心看书。假期亲子好去处！,/Date(1563682887000+0800)/,1
21826893,这里值得大家去，带上孩子可以去他的博物馆里面可以玩古代的游戏。,/Date(1517633261000+0800)/,0
152707998,内部真的特别好看！！有一个像香港TVB演的那种法庭的座位 很喜欢,/Date(1510360403000+0800)/,0
79408604,超级大，不能带行李进去，可以寄存，进去前要安检，好幸福，好多书,/Date(1487491474000+0800)/,0
168187879,四通八达的交通，丰富的藏书，整洁的环境，周末经常有各类展览。,/Date(1522838595000+0800)/,0
83770724,很高大上。里面的书太多了。进去要保持安静。里面很多人在看书。,/Date(1501592154000+0800)/,0
25035034,很赞，超级赞。如果，可借图书的每册，如果更多一些就更好了。,/Date(1456312473000+0800)/,0
1552616,学生时代很多作业和论文都是在这里完成的，大阅览室非常有氛围,/Date(1449310394000+0800)/,0
58063001,感觉太好了，1973的超长5层图书馆，南馆外文文献阅览室,/Date(1572105293000+0800)/,0
197777054,图书馆很多，附近还有人民大学和其他几个大学。学习氛围浓厚,/Date(1567737633000+0800)/,0
2671333,知识的天堂，周末的好去处，累了也可以逛逛旁边的紫竹院公园,/Date(1558692166000+0800)/,0
67531329,里面安静，宽敞明亮，环境特别好，。，,/Date(1505207635000+0800)/,1
59559857,国家图书馆还不错的，有时间绝对可以去看看书，充点电，呵呵,/Date(1503730609000+0800)/,0
83770724,里面太壮观了。里面看书的人也很多。很安静。打车去也方便。,/Date(1498966201000+0800)/,0
86796503,是一个很适合学习的地方 安静 书籍很多,/Date(1502583484000+0800)/,1
101001103,国家图书馆是国内最大最全面资料和藏书最多的图书馆。,/Date(1566539340000+0800)/,0
111512431,很现代化，很气派，是闲暇时间，博览群书的好地方！,/Date(1557964615000+0800)/,0
168295976,是亚洲规模最大的图书馆，居世界国家图书馆第三位。,/Date(1523529045000+0800)/,0
104806569,有非常丰富的馆藏，交通便利，来这里看书非常有氛围,/Date(1513843989000+0800)/,0
7362778,图书精美，收藏品众多，想要增长见识的朋友值得一逛,/Date(1506039899000+0800)/,0
85390477,很漂亮，建筑设计也很有特点，不愧是国家图书馆啊！,/Date(1496019292000+0800)/,0
25265453,书籍的汇总，知识的海洋，安静的氛围，安心的学习。,/Date(1456673873000+0800)/,0
17524332,国家图书馆在魏公村附近，建筑非常大，藏书非常多,/Date(1572263349000+0800)/,0
34022235,高端大气的图书馆，藏书很多，人很多，很有秩序！,/Date(1570508096000+0800)/,0
6112680,安静，各种资料应有尽有，非常适合自习，写作业。,/Date(1570321297000+0800)/,0
5490788,国图新馆很棒，不看书去逛逛感受下氛围都是极好的,/Date(1518742019000+0800)/,0
7491854,可以去办看上这些嗯现在这个社会嗯爱读书的人很少,/Date(1497108768000+0800)/,0
474354,知识的海洋！各种资料都能查到，实在是学习圣地！,/Date(1477024982000+0800)/,0
26672732,景色很好，安静读书的好地方，有时间可以再来。,/Date(1571429612000+0800)/,0
55528222,学习读书的好地方  这里的人都在汲取营养 无论大小,/Date(1565321372000+0800)/,0
4638623,图书馆的建筑挺醒目，里面环境不错，比较安静。,/Date(1555410304000+0800)/,0
21829562,很棒的地方，知识的海洋，希望自己学到更多知识,/Date(1514067756000+0800)/,0
73672599,中关村最的的图书馆，分为好几层，可以办借书证,/Date(1483598511000+0800)/,0
47528298,国家图书馆藏书非常丰富，静心阅读的好地方。,/Date(1571793397000+0800)/,0
63679835,学习，看书，静心，的好地方，有时间可以去！,/Date(1565742716000+0800)/,0
4638623,环境很好，就是停车不方便 ，坐地铁还算可以。,/Date(1545634199000+0800)/,0
175337477,你想找的，你想读的书本，每个行业尽在其中。,/Date(1534458645000+0800)/,0
110170815,非常壮观，带孩子一呆就是一天，舍不得离开！,/Date(1520726221000+0800)/,0
1126396,以前都是在网上看看，这次国庆见到实体了哈哈,/Date(1510975447000+0800)/,0
16560507,人很多，办了个借书卡，一次可以借3本书。,/Date(1575611433000+0800)/,0
197777054,国家图书馆藏书多的不行。看书的人也不少，,/Date(1570171003000+0800)/,0
4638623,建的非常好，很气派，但是没有进去的冲动。,/Date(1530683973000+0800)/,0
111403479,如果说中南海是心脏，那国家图书馆就是思想,/Date(1521043154000+0800)/,0
20381142,国家图书馆值得读书人去，那里什么书都有。,/Date(1483681896000+0800)/,0
1517435,很大，里边又很多馆，经常有文化交流活动。,/Date(1475927535000+0800)/,0
4253503,不错，中国最大的图书馆，书籍文物收藏全。,/Date(1466128674000+0800)/,0
3086274,这里面有好多好多的书哇！太多的书了啊！,/Date(1574381903000+0800)/,0
8110635,环境优雅，文化气息浓厚，实是学习好去处,/Date(1574120127000+0800)/,0
42929436,亚洲最大的图书馆     110岁的国家图书馆。,/Date(1566307926000+0800)/,0
78030243,中国最大的图书馆，同时也是世界最大的。,/Date(1564636751000+0800)/,0
1524233,很大很全藏书的图书馆，不愧是国家图书馆,/Date(1518454565000+0800)/,0
320690,学习知识的好地方，安静，舒适适宜学习。,/Date(1510192879000+0800)/,0
12128091,图书馆很庞大，去过几次，就事太麻烦了。,/Date(1498016134000+0800)/,0
6038656,满地都是看书的人，让人积极向上！很好！,/Date(1496579145000+0800)/,0
195612074,国家图书馆在魏公村附近，图书馆非常大,/Date(1557324012000+0800)/,0
1572603,里面的空间很大，好几层，有好多藏书。,/Date(1518404518000+0800)/,0
1365472,免费办卡，图书馆分好几处，里面很大,/Date(1544918263000+0800)/,0
19054864,非常有气派，非常有格调，有中国韵味,/Date(1524411569000+0800)/,0
17185937,建筑规模壮观，干净舒适，藏书齐全。,/Date(1514552963000+0800)/,0
35844198,坐地铁非常方便，很大气，值的一去！,/Date(1511589889000+0800)/,0
1984165,北京著名的图书馆，人很多，图书很多,/Date(1510973454000+0800)/,0
524095,环境很棒、在这里看看书也是很享受的,/Date(1501375939000+0800)/,0
17807593,到北京后的第一个常点，环境不错。,/Date(1559699708000+0800)/,0
158801593,舒适人类进步的阶梯，此言不虚啊。,/Date(1522133288000+0800)/,0
,真是高大上，藏书丰富，建筑庄严。,/Date(1492727824000+0800)/,0
49702924,国字号，值得这个称号。读者很多。,/Date(1487113529000+0800)/,0
36256627,国图，非常好，以前学生时代经常去,/Date(1474107060000+0800)/,0
498971,百科全书的大书库 什么都有  很方便,/Date(1574685246000+0800)/,0
209847097,很喜欢，而且离得近，氛围非常棒,/Date(1571392655000+0800)/,0
21826893,非常好的地方，适合呆上一整天。,/Date(1526605791000+0800)/,0
5539897,建筑非常有特色，值得去看一看。,/Date(1525090070000+0800)/,0
408756,环境好，有儿童馆，咖啡厅非常好,/Date(1508204806000+0800)/,0
26443975,国内最大图书馆，馆藏极其丰富。,/Date(1498128524000+0800)/,0
49702924,国图，不负国家二个字，全免费，,/Date(1491229243000+0800)/,0
49721166,少儿馆值得一去和借阅区都可以去,/Date(1460874936000+0800)/,0
27269125,已经是第三次入住了，总体还行，走道上有图书供取阅，唯一不爽的是不含早餐,/Date(1460590713000+0800)/,0
159545909,国字号的图书馆，当然值得去了。交通便利，门口就有公交，地铁。环境舒适，是个静心的好去处。平时在这里可以看看书,/Date(1516518000000+0800)/,0
116961042,图书馆很大，环境很好，书籍也很多，里面也有很多讲座。,/Date(1524995522000+0800)/,2
7654664,值得一去，环境非常好，位置也方便，地铁直接到！,/Date(1465713500000+0800)/,0
223288249,书方向和种类都挺齐全的。不错。,/Date(1574757633000+0800)/,0
6715205,外观很现代，里面更大气，凭身份证免费，书包要存包，周末人很多。,/Date(1458133407000+0800)/,0
13283878,里面的书有好多好多啊，喜欢读书的话办了借书证就可以看个够啊,/Date(1488379849000+0800)/,0
44974149,空间好大呀，书的种类超级多，坐下来，看着书，特别有气氛。,/Date(1509668164000+0800)/,0
117942991,全国最大的图书馆！宏伟大气，布局合理！真是知识的海洋！,/Date(1572171847000+0800)/,0
3434705,这里环境很好，安静，干净整洁，藏书丰富，适合来这里看看,/Date(1501420421000+0800)/,0
16560507,特别好，去过一次。特别安静。就是想去看书没找到座位,/Date(1556246884000+0800)/,0
89746640,看过书很舒服的，很安静适合去静静心，也适合去安安心,/Date(1493893887000+0800)/,0
33330183,国土很大，大学的时候写论文在国图借阅过参考书,/Date(1519395687000+0800)/,0
33827357,挺好的，主楼的设施很先进，而且设计的也好看。,/Date(1499071339000+0800)/,0
224427064,国图里有很多地方可以拍到寂静优美的午后风景,/Date(1556629663000+0800)/,0
951244,非常值得去的地方，修身养性、陶冶情操,/Date(1466562456000+0800)/,0
35240601,规模很大，书籍齐全，文化氛围浓厚。,/Date(1492600796000+0800)/,0
67881227,很多书很是壮观。环境优雅安静。,/Date(1475503370000+0800)/,0
88180519,图书馆超级大，在这里有好多书籍，很厚很贵的书在这里做功课就行。,/Date(1505702627000+0800)/,0
13403583,特别大的图书馆，什么书都有。可惜我不爱看书。,/Date(1476402547000+0800)/,0
