3650050,周末的祥云小镇人很多，也很热闹，随便在这儿拍几张照片，都是大片的感觉。基本都是带孩子来的是遛娃的好去处，当然也有许多好吃的东西。不同的时间会有不同的主题，小镇确实有欧洲风情的感觉，天气好的时候还可以找一家西餐厅，坐在外边晒晒太阳。,/Date(1661301373000+0800)/,0
736935,经过十年时间 这里已经发展成为顺义高档区域 别墅 私立学校在周边 周末也是逛街的好去处,/Date(1676419424000+0800)/,0
415905852,"【景色】景色优美，满满的烟火气
【趣味】好玩，好吃，好欢快
【性价比】相当不错",/Date(1677596545000+0800)/,0
324031,位于北京，中粮打造，别墅、高层、商业三种物业配套，有吃有玩有住。,/Date(1680005057000+0800)/,0
23100062,"【景色】还不错，可以去看看
【趣味】还可以",/Date(1680848435000+0800)/,0
66025376,"【景色】挺好的
【趣味】不错
【性价比】不错",/Date(1679804719000+0800)/,0
418444,"中粮祥云小镇在顺义，是政府想打造的一个商业中心。
这几年人气已经有了，里面商户都出租完了。
不管是购物还是餐饮，早教都非常丰富。
天气好的时候来这里工作还真是不错的，毕竟光这里几乎相当于室外，太热或者太冷还真不行。
环境很不错，烧健康宝也比较负责任。",/Date(1662285160000+0800)/,2
37067032,中粮祥云小镇位于顺义区，集餐饮、购物、娱乐于一体的综合性街区。全家一起来这里玩玩转转，有孩子们喜欢的喷泉，各种品牌的专卖店，餐厅的选择也很多，还有影城可以去看看最新的电影。来这里转一天也挺充实呢。,/Date(1662394013000+0800)/,0
160132819,中粮祥云小镇景色很美，值得一去。,/Date(1676192849000+0800)/,0
22652659,中粮祥云小镇是个特色旅游景点！,/Date(1674868592000+0800)/,0
80573624,不用出国就可以漫步欧洲小镇，拍到欧洲城堡、教堂、钟楼、雕塑、风车的地方，而且还是不需要门票，免费对外开放。因此，顶秀美泉小镇是北京特别适合秋天过来免费参观游玩，遛娃拍照打卡的地方。,/Date(1668915336000+0800)/,0
53941908,非常不错的地方值得大家一去哦！,/Date(1678271718000+0800)/,1
80573624,北京药王谷风景区和坡峰岭景区红叶同属一座山，林木覆盖率达 85%以上。春有青草，夏有绿树，秋有红叶，冬有青松，可 谓常年青山绿水，风景优美。旅游资源及其丰富。,/Date(1666936583000+0800)/,0
48674701,云小镇是一个非常非常不错的地方。,/Date(1677252635000+0800)/,0
48674701,小镇是一个非常非常非常不错的地方,/Date(1675436189000+0800)/,0
48674701,祥云小镇是非常非常不错的地方。,/Date(1679068045000+0800)/,0
80573624,北京绿野仙踪郊野乐园是围绕创建生态区建设总体目标，结合丰台区的发展，采取多渠道、多元化市场运作方式进行生态治理和生态修复而重点引入生态游乐项目。,/Date(1665057170000+0800)/,0
52727912,"【景色】景色迷人
【性价比】非常高值得一去",/Date(1673011903000+0800)/,1
157133537,这个地方真是适合各种场景，之前跟爱人一起来，现在带小孩一起来，每一次都有新的体验，非常棒这个地方真是适合各种场景，之前跟爱人一起来，现在带小孩一起来，每一次都有新的体验，非常棒,/Date(1663518155000+0800)/,0
84754916,美丽的风景，别致的建筑，值得打卡！,/Date(1670686235000+0800)/,0
85307843,景色宜人景色优美值得一去赞一个,/Date(1671373431000+0800)/,0
157133537,虽然今天人有点多，但是服务人员配置齐全，服务很到位，态度也很不错这是我的能量补给站吧！真的是宝藏店铺，瞬间治愈了，爱了ʕ•̫͡•ʔ❤ʕ•̫͡•ʔ,/Date(1661526585000+0800)/,0
157133537,整体布置的很ins风，很多角落都可以拍照，还有店里布置的灯光也很8⃣️错一进门真的是惊艳到了，环境特别不错，是周围环境最好的了，性价比非常高,/Date(1661869618000+0800)/,0
48251958,环境不错，交通便利，值得前往。,/Date(1678303852000+0800)/,0
48251958,交通便利，环境不错，值得前往。,/Date(1678085053000+0800)/,0
16960447,你一旦到了这个中粮集团打造的小镇，你一定会被它这里游乐和餐饮所吸引。,/Date(1672579577000+0800)/,0
157133537,不愧评价这么高，可以算是实至名归了，会推荐给朋友的嘻嘻体验很好，以后又多了一个周末游玩的好地方✌️✌️,/Date(1662206940000+0800)/,0
157133537,服务员会主动打招呼，非常贴心，为服务好评真是没想到，这个价格和质量都有惊到我，真的很nice😙,/Date(1662956162000+0800)/,0
157133537,借着假期过来打卡📍，果然没有让我失望，首先很喜欢这里的环境，其次服务也很到位，总之就是很满意啦,/Date(1662513979000+0800)/,0
48674701,中粮小镇是一个非常非常不错的地方,/Date(1672413358000+0800)/,0
48674701,云小镇是一个非常非常不错的地方,/Date(1672933090000+0800)/,0
48674701,小镇是一个非常非常不错的地方。,/Date(1670082039000+0800)/,0
80573624,北京碧云寺全寺依山而建，坐西朝东，整个布局是以排列在中轴线上的六进院落为主体，南北各配一组院落，占地4万余平方米，依山层层叠起，堪称西山美丽的寺院。,/Date(1668081775000+0800)/,0
45887607,虽然今天人有点多，但是服务人员配置齐全，服务很到位，态度也很不错,/Date(1668663847000+0800)/,0
77137760,中粮祥云小镇很有兴趣的，小镇的环境优雅优雅的，看你喜欢哪个。,/Date(1662118701000+0800)/,0
5934905,这是北京一个新的旅游景点，中粮集团公司的，很多参观有意义。,/Date(1663085309000+0800)/,0
5934905,中粮集团附属建设的小镇，很是精致独特，非常值得一去看看,/Date(1668183924000+0800)/,0
4737299,古色古香环境优美装潢讲究空气新鲜吃吃喝喝逛逛挺不错哦！,/Date(1663952688000+0800)/,0
10671332,【景色】不错的地方可以兜兜【景色】不错的地方可以兜兜,/Date(1662263718000+0800)/,0
2005930,配套设施齐全的商业旅游小镇，适合作为周边游目的地。,/Date(1662013856000+0800)/,0
56115527,"【景色】好
【趣味】好
【性价比】好
好好好好哈哈哈哈",/Date(1663396764000+0800)/,0
175052693,该小镇是中粮祥云国际生活区的组成部分，是中粮置地在北京打造的一个大型综合体项目，项目涵盖了高品质的连排别墅，景观大宅及精品别墅。,/Date(1663333836000+0800)/,0
110292624,确实不错👍👍👍👍👍。我是十分喜欢,/Date(1663375273000+0800)/,0
97028142,今年刚评的文旅特色小镇，外地游客都来打卡！,/Date(1662637096000+0800)/,0
11940649,不错，值得去去看看的地方，喜欢，下次再去。,/Date(1661349512000+0800)/,0
1384512,不错性价比很高已经推荐给朋友下次还会光顾,/Date(1662682193000+0800)/,0
262409288,中粮祥云小镇依托项中央别墅区与北京临空经济核心区两大板块，希望项目的定位能适应该地区人群，进而面向全北京的中高端、对生活有追求的消费群体，确认了中粮祥云小镇“国际化、高品质、漫生活、情感圈”这样的核心定位。项目一期引进了包括COSTA、家盒子、橙天嘉禾影院、新元素、BHG超市等74家商户入驻。其中主力店橙天嘉禾影院拥有北京最大的影厅、最有特色的VIP厅。BHG精品超市、家盒子儿童教育都是北京市的旗舰店,/Date(1661004814000+0800)/,0
351555549,"【景色】好
【趣味】不错
【性价比】挺好的",/Date(1663292928000+0800)/,0
91882787,"【景色】：好
【趣味】：好
【性价比】：好",/Date(1662151707000+0800)/,0
50704913,"【景色】不错
【趣味】浓
【性价比】高",/Date(1664872457000+0800)/,0
189656408,景色不错，性价比很高，服务态度很好,/Date(1663599379000+0800)/,0
630966,不错。有逛有玩有吃。环境也非常好，,/Date(1663319818000+0800)/,0
39610562,"【景色】赞
【趣味】赞
【性价比】赞",/Date(1662982733000+0800)/,0
514009,"【性价比】
【趣味】
【景色】很棒！",/Date(1662650613000+0800)/,0
85285258,"【景色】美
【趣味】强
【性价比】高",/Date(1662631412000+0800)/,0
4613789,中粮祥云小镇干净整洁，安静祥和。,/Date(1662028371000+0800)/,0
475921,交通还方便，整体来说环境还不错。,/Date(1661651227000+0800)/,0
90332906,中粮祥云小镇很不错，大家快来吧,/Date(1667578126000+0800)/,0
14980792,中粮祥云小镇还是值得一去的，。,/Date(1666618208000+0800)/,0
365977194,"祥云小镇
【景色】好
【性价比】高",/Date(1663768968000+0800)/,0
9187810,【景色】很不错的地方，适合逛逛,/Date(1661953798000+0800)/,0
177131845,非常适合周末闲逛的地方，超市、食肆、小店、儿童乐园、喷泉、影院等以及随处看见的有趣雕塑。,/Date(1663247258000+0800)/,1
95339337,中粮祥云小镇，一个距离市区有点远的遛娃好去处。有免费的儿童乐园，还有个可以喂鸽子的小广场和篮球场地。小鸽子🕊️🕊️🕊️🕊️🕊️🕊️太可爱了。孩子很喜欢。这边专卖店餐饮都很多，大部分都是带孩子来的。除了有点远，完美,/Date(1656468408000+0800)/,2
50828627,除了远没毛病，吃喝逛都齐全了，还能遛遛娃,/Date(1662021602000+0800)/,1
219301341,北京近郊一个不错的休闲度假好去处，适合体验夜生活。,/Date(1662266582000+0800)/,0
106979720,周末约上朋友一起带上孩子去玩玩还是不错的,/Date(1665622461000+0800)/,0
90402111,这地方还是不错的，喜欢的朋友可以去看看。,/Date(1662647039000+0800)/,0
3650050,"说说我自己的经历
几年前住望京附近
去过几次祥云小镇
当时特别萧条 没几个人 店也很少
当时我还在想 这开发商是不是赔*了
只是中粮底儿厚
今年2月底搬到了后沙峪
这几次去小镇明显变得生机勃勃
无论是人气还是店铺
看对面的和光瑞府 感觉挺气派
看了眼大概房价 果然贵
选在了地铁站和小镇都不远的地方 开车十分钟
希望顺义越来越好吧",/Date(1651800681000+0800)/,0
3030595,景色不错，，趣味性较强，性价比比较高。,/Date(1662791839000+0800)/,0
25897240,崭新的景点，让人流连忘返心旷神怡。,/Date(1664001811000+0800)/,0
48674701,小镇是非常非常不错的地方啊。。,/Date(1668350145000+0800)/,0
56833139,非常不错的一个地方，下次再来。,/Date(1667881778000+0800)/,0
48674701,这个小镇是非常非常不错的地方。,/Date(1666192068000+0800)/,0
48674701,中粮小镇是非常非常不错的地方。,/Date(1665327457000+0800)/,0
48674701,中粮乡镇是非常非常不错的地方。,/Date(1664033452000+0800)/,0
233497496,随着交通的恢复，接待量逐渐增多,/Date(1662825655000+0800)/,0
17263690,祥云小镇里面的东西比较适合小孩,/Date(1661575681000+0800)/,0
34852609,北京中粮祥云国际生活区位于新国展北侧，首都机场西侧，地处临空经济带和中央别墅区核心区域，和温榆河的支流——龙道河仅一路之隔,/Date(1660216740000+0800)/,9
191798152,🌟中粮•祥云小镇：北京市首个生活性服务业示范街区，北京市“夜经济”地标，顺义区商业名片。顺义人民很幸福，这里有商业街区，配套设施齐全，还靠着罗马湖+意大利农场，一天就能很丰富的打卡到位～,/Date(1627741041000+0800)/,1
39911924,"随着平安夜的到来，2021年也接近尾声。平安夜不重要，平安才重要。愿朋友们喜欢的都拥有，失去的都释怀。愿朋友们在新的一年里，平安喜乐、一切顺遂🙏

祥云小镇，一家人在数九寒天吃着冰激凌火锅，畅享欢聚时刻。小镇夜景儿很漂亮，随手一拍都好看。",/Date(1640445169000+0800)/,0
187513386,中粮祥云小镇是中粮祥云国际生活区的组成部分，中粮祥云国际生活区是中粮置地在北京打造的一个大型综合体项目，项目涵盖了高品质的连排别墅，景观大宅及精品别墅。,/Date(1651282694000+0800)/,0
346847546,怎么说呢，作为一个从业13 年雪乡去过几百次的旅游人来讲，雪乡还是非常值得去的，真的是中国积雪期最长，雪景最美，雪质最好的地方，五岳归来不看山，黄山归来不看岳，雪乡归来不看雪。值得来，但是你要相信一分价钱一分货，雪乡没有网上说的那么黑，那么坑，被黑的被坑的朋友，都是参加低价团的。想深度游雪乡，看雪景，可以找我定制雪乡游，带你看最美雪乡，我们来一场不带钱包的旅行,/Date(1631514642000+0800)/,1
261022220,中粮祥云小镇是中粮祥云国际生活区的组成部分，中粮祥云国际生活区是中粮置地在北京打造的一个大型综合体项目，项目涵盖了高品质的连排别墅、景观大宅及精品别墅，包括创意办公、商业等组成部分。,/Date(1624864031000+0800)/,3
3922142,不错的一个小镇，风景还是不错的，挺漂亮,/Date(1661770228000+0800)/,0
80573624,在大兴区亦庄宏达北路上，这条长达五公里的泡桐树大道，真的是全国来讲，为数不多的欣赏大片泡桐花海的好去处之一。随着四月的到来，泡桐树便会开出紫色的花朵。并且还会散发出淡淡的香味，真的会让人心旷神怡。,/Date(1649807699000+0800)/,0
965428,非常不错的地方值得大家逛一逛！～～～～～～～…………～～～～～～～～～～～～～～～～～～～～～～～～～～～～～～～～～～～～～～～～～～～～～～～～～～～～～～～～～～～～～～～～～～～～～～～～～～～～～～～～～～～～～～～～～………………,/Date(1655614020000+0800)/,0
7933925,中粮·祥云小镇位于顺义区安泰大街，设计团队以“花园式购物体验中心”为核心理念，打造了一个充满活力与趣味的户外商业空间。小镇深耕风车嘉年华、伴夏音乐季、户外艺术季、冰雪节四大IP，打造自然生态系的绿色友好型街区，塑造“城市微度假”的生活体验，被称为“网红打卡圣地”。,/Date(1655567846000+0800)/,0
965428,非常不错的地方值得大家逛一逛！～～～～～～～…………～～～～～～～～～～～～～～～～～～～～～～～～～～～～～～～～～～～～～～～～～～～～～～～～～～～～～～～～～～～～～～～～～～～～～～～～～～～～～～～～～～～～～～～～～,/Date(1652670125000+0800)/,0
5285012,"北京市顺义区后沙峪空港小学附近。
【环境】秋冬的这个季节还是很适合到这里游玩，人流量还是不少的，很热闹，祥云小镇分南北两个区。
【服务】带娃溜娃的好去处，配套齐全，设有母婴室，很周全，卫生间也很干净。各种美食，中餐，西餐都有，有孩子们的游客场所，很多服装品牌店，休闲娱乐影院，护肤美甲机构，一应俱全，堪比赶集了。",/Date(1647995532000+0800)/,0
1618985,北京网红打卡地上榜名单，依托项中央别墅区与北京临空经济核心区两大板块，定位能适应该地区人群，进而面向全北京的中高端、对生活有追求的消费群体，中粮祥云小镇具备了“国际化、高品质、漫生活、情感圈”核心定位。,/Date(1646723526000+0800)/,0
166436065,中粮祥云小镇是中粮祥云国际生活区的组成部分，中粮祥云国际生活区是中粮置地在北京打造的一个大型综合体项目，项目涵盖了高品质的连排别墅、景观大宅及精品别墅，包括创意办公、商业等组成部分,/Date(1640050994000+0800)/,1
157133537,虽然位置有点难找，但胜在人少，没有嘈杂的环境，整个氛围非常nice，不错子😁门口就有停车位非常方便，而且从进门开始就感觉到舒适，环境分给到5分！,/Date(1657937799000+0800)/,2
23754951,中粮祥云小镇是中粮祥云国际生活区的组成部分，中粮祥云国际生活区是中粮置地在北京打造的一个大型综合体项目，项目涵盖了高品质的连排别墅、景观大宅及精品别墅，包括创意办公、商业等组成部分。,/Date(1623671979000+0800)/,0
167282680,"夏天，来祥云小镇，就对了。
全天开放的喷泉，
树荫乘凉的小食街。
深夜食街里尝尽无国界美味，
音乐加持，让夏日午后加磅精彩。
从繁忙的日常中一秒切换，
欢乐一触即发。",/Date(1624210815000+0800)/,1
167782463,中粮祥云小镇风景好，空气好，不错的地方。,/Date(1657161460000+0800)/,0
157133537,餐厅环境很安静，菜品也是一如即往的精致，分量也很足，好评！一进门真的是惊艳到了，环境特别不错，是周围环境最好的了，性价比非常高,/Date(1659703332000+0800)/,1
157133537,不愧是老店，服务态度没得说，东西质量也杠杠的，最主要这价格还这么划算，以后肯定经常来逛街逛累了，非常适合来这放松休闲一下，提前买好券就更划算了,/Date(1658852198000+0800)/,0
157133537,环境很好，因为人不是很多，就更有氛围了，不错下次还来！幸好过来路上不费劲，店也好找，主要离地铁🚇站非常近，朋友们不用担心,/Date(1656896975000+0800)/,1
157133537,第一次体验就觉得非常满意，确实是来放松的好地方，今后会常来的第一次体验就觉得非常满意，确实是来放松的好地方，今后会常来的,/Date(1654754704000+0800)/,1
80573624,北京市门头沟区清水镇江水河村，坐落于灵山风景区内，海拔1400米，旅游资源十分丰富，素有北京“小西藏”之称。这里可供游人游览的景点：灵山主峰、九龙洼、原始森林、天然草甸、索道、滑索、骑马游览、季节性采摘野果、牦牛观赏。同时可以举办篝火晚会。,/Date(1629249652000+0800)/,1
157133537,处理问题非常及时，喜欢这个平台Σ&gt;―(〃°ω°〃)♡→位置很好找，虽然是周末来的，但🅿️停车位还挺多的，非常方便,/Date(1655050519000+0800)/,1
58552780,还别说，这里的规划设计看着非常的舒服，适合来这里散步！,/Date(1626583944000+0800)/,19
157133537,老顾客了，每周都来，非常值得，已经疯狂安利给身边的朋友们了！一进门真的是惊艳到了，环境特别不错，是周围环境最好的了，性价比非常高,/Date(1660522052000+0800)/,0
418444,"北京很不同的一个商业中心。
顾名思义，像传统的商业中心室内的都是在一起的，这个是室外的。
很多的雕塑。餐饮特别多，也有好多小孩娱乐。",/Date(1657270166000+0800)/,0
292598258,老字号、新品牌、国货精品、潮玩潮物等汇聚于此。风格迥异的书店、新奇精致的文创品、特色美味的网红小吃……吸引了众多市民游客。,/Date(1621555390000+0800)/,0
464695,这个叫做中粮祥云小镇的，风光旖旎，风景很美，因此，慕名而来旅游的游客很多，他们在此享受风光醉人之外，还在这里享受生活之美。,/Date(1620976518000+0800)/,0
80573624,艺麓园位于北京市昌平区南口镇龙虎台村西侧，处燕山山脉和华北平原交接处，早在北魏时期这里就已形成村镇，俗称下口。村址坐落在南北长三里、东西宽二里的山前坡岗上，地势高平如台，背山面水，有龙盘虎踞之势，故名龙虎台。,/Date(1638588912000+0800)/,0
281567345,太原方特开园了，休闲好去处，强烈推荐！。,/Date(1627031557000+0800)/,0
157133537,人不算太多，不用排长队的感觉太爽了，体验感一级棒提前团购的券，非常划算，周边吃喝玩乐的地方也很多，非常便捷,/Date(1658662486000+0800)/,0
157133537,我愿给到五星🌟，因为布景非常用心，太太太棒了！逛街逛累了，非常适合来这放松休闲一下，提前买好券就更划算了,/Date(1653064085000+0800)/,0
1301414,中粮祥云小镇，有很多餐饮品牌，并且还有各种服装专卖店。同时步行街还有各种业主制作的小手工艺品，很好玩！,/Date(1647305092000+0800)/,0
157133537,五星好评，位置特别好找，离地铁站超近，过来很方便五星好评，位置特别好找，离地铁站超近，过来很方便,/Date(1652702469000+0800)/,0
157133537,这个太棒了，完全是我的心头好呀，给大家疯狂安利这个太棒了，完全是我的心头好呀，给大家疯狂安利,/Date(1654014562000+0800)/,0
134573540,顺义的网红打卡商业小镇，周末有很多周围的居民来这里小资聚餐，带娃来玩儿的也很多。餐厅种类很多，口味也都是大众能接受的。停车不是很方便，路边基本都满乐，进地下车库又很堵。,/Date(1620780435000+0800)/,0
157133537,门口就可以停车，停车位也很多，非常nice体验感非常不错，分泌了超多多巴胺，超级快乐！,/Date(1656327441000+0800)/,0
80573624,北京乐谷银滩景区建筑面积大，游玩项目品类齐全，拥有十渡独有的玻璃吊桥，海拔高达300余米，还有全长300米、距地面300米高的玻璃栈道、玻璃观景台，十渡美景尽收眼底。,/Date(1625115499000+0800)/,0
12031873,中粮祥云小镇交通方便，离地铁站很近，里面有很多好玩的，小孩子很喜欢，希望下次再来里面,/Date(1659793785000+0800)/,0
,中粮祥云小镇是中粮祥云国际生活区的组成部分，中粮祥云国际生活区是中粮置地在北京打造的一个大型综合体项目，项目涵盖了高品质的连排别墅、景观大宅及精品别墅，包括创意办公、商业等组成部分。,/Date(1619707296000+0800)/,1
169451735,中粮祥云小镇在顺义区算是个很热闹的重要商圈，小镇近年来一直在发展完善中，是个集吃喝玩乐，购物遛娃的好去处，类似奥特莱斯，但又各有所长，但个人感觉购物不如奥莱，吃好像略强些，去了几次吃过的几家店，口味都还不错，对孩子们更友好些，有不少玩的地方，想找地儿遛娃的家长可以领宝贝们去啦，但一定早点走，去晚了找停车地儿得老半天！,/Date(1636363730000+0800)/,0
44789419,第一次来到中粮祥云小镇，小镇里面各种风格和类型的餐厅比比皆是，我们想吃冬阴功汤面了，于是来到了这家餐厅。餐厅从名字上来看就显得很正宗，里面装修也很东南亚，木质风格，环境舒适，格调优雅，我们吃了一碗冬阴功汤面，味道确实不错，我们也在其他餐厅品尝过，感觉这里挺正宗的，而且分量很足。服务很好，热情周到，总体来说这家餐厅还是不错的。,/Date(1617005367000+0800)/,0
6508139,中粮祥云小镇，小镇的风光相当不错了，可以来小镇游游逛逛，尤其是夜间特别漂亮。,/Date(1647565680000+0800)/,0
736935,最近这里频发疫情 可见店铺的吸引力 中高端潮牌 不买 逛逛也好,/Date(1658359717000+0800)/,1
311791894,店里音乐🎵恰到好处，非常适合晚上下班之后和朋友来这小聚，能缓解一天的疲劳,/Date(1653926935000+0800)/,0
5347572,中粮祥云小镇是为数不多的让人惊艳的人工杰作！太美好太温馨的故事，展现眼前…,/Date(1646695922000+0800)/,0
742455,很好，品质没得说！自从在这买过券以后好像上瘾一样，每周来这找优惠的活动！,/Date(1654562067000+0800)/,0
8230220,整体布置的很ins风，很多角落都可以拍照，还有店里布置的灯光也很8⃣️错,/Date(1651589573000+0800)/,0
6508139,中粮祥云小镇，小镇上的风光很不错，在这里餐饮娱乐休闲于一体，很方便的。,/Date(1649989636000+0800)/,0
736935,欧式小镇 中高端品牌入驻 餐饮主打回头客 西餐不少 周边有北京最贵的国际学校,/Date(1656976995000+0800)/,0
6508139,中粮祥云小镇，来小镇不光欣赏风景，还可以购物餐饮，娱乐特别方便。,/Date(1650339323000+0800)/,0
7933925,中粮祥云小镇是中粮祥云国际生活区的组成部分，中粮祥云国际生活区是中粮置地在北京打造的一个大型综合体项目，项目涵盖了高品质的连排别墅、景观大宅及精品别墅，包括创意办公、商业等组成部分。,/Date(1628264702000+0800)/,0
85473124,中粮祥云小镇是 中粮祥云国际生活区的组成部分，中粮祥云国际生活区是中粮置地在 北京打造的一个大型综合体项目，项目涵盖了高品质的连排别墅、景观大宅及精品别墅，包括创意办公、商业等组成部分。,/Date(1626105557000+0800)/,0
90371254,中粮祥云小镇是中粮祥云国际生活区的组成部分，中粮祥云国际生活区是中粮置地在北京打造的一个大型综合体项目，项目涵盖了高品质的连排别墅、景观大宅及精品别墅，包括创意办公、商业等组成部分。,/Date(1617081280000+0800)/,0
3320110,值得带孩子來生活下，有儿童乐园，有不同专卖店和餐厅，不错体验,/Date(1659139626000+0800)/,0
18661151,第一次体验就觉得非常满意，确实是来放松的好地方，今后会常来的,/Date(1654484686000+0800)/,0
1520314,不错的，性价比高，值得购买，推荐一下，再接再厉。说的有道理。,/Date(1651460192000+0800)/,0
11444169,"【口味】不错不错不错不错不错不错不错不错不错不错
【环境】不错不错不错不错不错不错不错不错不错不错
【服务】不错不错不错不错不错不错不错不错不错不错
适合家人一起吃饭的好地方，环境优雅！",/Date(1617597024000+0800)/,0
119591687,值得周末去逛一逛，住一住，环境很不错呦,/Date(1656170414000+0800)/,1
26140825,时代在进步北京的景点也在与时俱进中粮的这个小镇可以去看一下,/Date(1654858983000+0800)/,0
2814633,小镇建设的比较好，各种各样的设施都有，大人小朋友都很喜欢…,/Date(1654129039000+0800)/,0
1202024,一般般吧，看似什么都有，但是什么都没有,/Date(1648222810000+0800)/,1
157133537,食材颜色很好，色泽红亮，味道浓而不腻，是非常正宗的一家店,/Date(1653581639000+0800)/,0
1520314,不错的，性价比高，值得一去，推荐，再接再厉。说的有道理。,/Date(1652449253000+0800)/,0
34541317,生活很简单，快乐也很简单，和家人一起坐在野餐垫上说说笑笑，吃着小零食……抬眼的明媚，在指缝间穿过斑驳的树影，眯着眼，享受这难得的闲暇～～,/Date(1619253391000+0800)/,0
164869101,不错的地方，是个闲逛的地方，可以购物可以吃饭可以看风景,/Date(1655092410000+0800)/,0
59355492,小镇还是很热闹的，吃喝玩乐都有。有个模拟飞行非常不错。,/Date(1649604380000+0800)/,0
3226404,疫情以前生意不错，现在可是不行了，希望可以坚持下去。,/Date(1651848965000+0800)/,0
97711599,不错不错不错不错不错挺美的不错不错不错不错不错挺好,/Date(1654673030000+0800)/,0
6072486,祥云小镇很喜欢，建筑风格欧式设计，小镇的设施齐全，,/Date(1651938750000+0800)/,0
2991166,中粮祥云小镇定位为国际生活新样板，在餐饮、零售、娱乐及儿童教育方面与北京其他的商业项目有着独特的差别，形成一种新的国际化生活方式。,/Date(1631713760000+0800)/,2
19962157,好好好好好好好好好好好好好好好好好好好好好好好好,/Date(1661142525000+0800)/,0
1048549,交通非常方便，周边很好停车，性价比超高，值得推荐,/Date(1655309725000+0800)/,0
118214558,这个地方很漂亮，很特别，关于粮食主题的景点真不多,/Date(1652621558000+0800)/,0
4186160,"【景色】漂亮好看
【趣味】有趣
【性价比】推荐这里",/Date(1660194330000+0800)/,0
1048549,位置非常好，交通也很方便，性价比超高，值得推荐,/Date(1658102715000+0800)/,0
178577760,中粮大悦城控股项目，各种品牌小店云集，方便客户,/Date(1657702239000+0800)/,0
97711599,不错不错不错不错挺美的不错不错不错不错挺好玩的,/Date(1656682146000+0800)/,0
157133537,服务很不错，还配有专业人员的指导，安全感🈶️,/Date(1655828473000+0800)/,0
2005930,地理位置不错的商业文旅小镇，环境不错，人气旺。,/Date(1654241724000+0800)/,0
215873366,"【景色】优美
【趣味】好玩好玩
【性价比】值得一游",/Date(1653997969000+0800)/,0
1384512,不错哦性价比高已经推荐给朋友了下次还会再来光顾,/Date(1652512889000+0800)/,0
4186160,"【景色】好看
【趣味】有趣
【性价比】买到优惠多多",/Date(1647011969000+0800)/,0
18141211,离我们有点远，但去了有的吃有的玩，还是可以的,/Date(1656767572000+0800)/,0
41494352,新时代小景点。带孩子去还不错，值得一去的景点,/Date(1652749944000+0800)/,0
231367042,有非常大的落地窗，空气循环很好，条件非常不错,/Date(1651413744000+0800)/,0
4186160,"【景色】不错的
【趣味】有趣
【性价比】推荐这家",/Date(1649601470000+0800)/,0
3594609,这个祥云小镇，值得再去体验一下，不错挺好的。,/Date(1648072070000+0800)/,0
40053412,作为中粮的祥云小镇，确实是一个非常地域辽阔的地方，中粮集团作为央企的大企业，行业涉足了各个领域，可以说他的东西相对来讲做的比较好，我们也非常的喜欢景色，也非常的漂亮,/Date(1621902487000+0800)/,0
8903616,这里环境卫生干净整洁，非常值得一去的地方。,/Date(1661151950000+0800)/,0
18661151,环境非常不错，很出片，推荐想拍照的姐妹来！,/Date(1655738473000+0800)/,0
15445860,景色优美，空气清新，交通便利，旅游的好地方,/Date(1653540976000+0800)/,0
532449,没事去溜达溜达还是不错的. 人不多 比较有特色,/Date(1652056184000+0800)/,0
8903616,这里环境卫生干净整洁，非常值得一去的地方，,/Date(1649605426000+0800)/,0
27297138,特别好玩的地方 优美有趣 去的人很多 带孩子春游,/Date(1647096934000+0800)/,0
4186160,"【景色】不错哦
【趣味】有趣
【性价比】推荐",/Date(1661047811000+0800)/,0
66018231,"【景色】好好好
【趣味】好好好
【性价比】好",/Date(1660484645000+0800)/,0
8613827,非常时尚的街区，吃喝玩乐购物娱乐应有尽有,/Date(1659909202000+0800)/,0
736935,最近出了好几次疫情 可见这里有多么吸引人了,/Date(1658877923000+0800)/,0
1951837,这里有中粮集团的发展新项目，比较看好玩。,/Date(1657942247000+0800)/,0
164869101,还不错的地方，在顺义那边，可以玩也可以逛,/Date(1654578838000+0800)/,0
4686787,挺有意思的一个地方，游客也不少。挺好玩的,/Date(1653403170000+0800)/,0
4562100,中梁祥云小镇景色宜人，环境卫生干净整洁。,/Date(1648910905000+0800)/,0
736935,周末很有人气 有艺人表演 跳蚤市场 餐馆偏中档,/Date(1648130894000+0800)/,0
58180766,中国最大的故宫 沈阳没法比，必打卡的地方,/Date(1660486199000+0800)/,0
250794144,京北娱乐美地，景色服务都不错，品种丰富,/Date(1659359470000+0800)/,0
91882787,"【景色】：好
【趣味】/好
【性价比】：好",/Date(1657372226000+0800)/,0
32216104,一片祥和的样子，舒心，静心，远离喧嚣。,/Date(1656515707000+0800)/,0
114820708,这里的商品质量非常好，而且服务也很好。,/Date(1655011500000+0800)/,0
4186160,"【景色】热闹
【趣味】有趣
【性价比】推荐",/Date(1652616092000+0800)/,0
736935,周末人气旺啊 经常有一些活动 老外都来摆摊,/Date(1650756014000+0800)/,0
53733371,风景优美的特色小镇，交通方便，景色独特,/Date(1649132178000+0800)/,0
,非常不错的一个景点，有机会一定要去看看,/Date(1647735826000+0800)/,0
47239142,非常棒的一个购物中心，很喜欢逛这里。,/Date(1659401988000+0800)/,0
6445142,"【景色】好
【趣味】不错
【性价比】不错",/Date(1656484511000+0800)/,0
527788,一个很繁华的商业街，附近吃喝玩乐都有,/Date(1653620266000+0800)/,0
111850383,算是一个试点的聚居住模式，挺有特色的,/Date(1649928360000+0800)/,0
240176293,景色不错，服务态度很好，性价比很高，,/Date(1649082101000+0800)/,0
28604644,这是个比较休闲的地方，吃喝玩乐都有。,/Date(1647390262000+0800)/,0
11940649,不错，值得去的地方，喜欢，下次再去。,/Date(1647187160000+0800)/,0
28604644,中粮祥云小镇在北京顺义区，比较新潮。,/Date(1647141995000+0800)/,0
66163879,"五分好评
【景色】
【趣味】
【性价比】",/Date(1660306149000+0800)/,0
203572669,北京顺义区新国展中心旁，很值得一去,/Date(1659357056000+0800)/,0
250794144,望京北，顺义区，地产配套，环境不错,/Date(1658976061000+0800)/,0
365977194,"中粮祥云小镇
【景色】好
【性价比】好",/Date(1657814518000+0800)/,0
8865913,很有趣的商业中心，有很多高大上的店,/Date(1657263770000+0800)/,0
64824289,是暑假带孩子去的地方，人好多，热闹,/Date(1656602402000+0800)/,0
300992864,很多好玩的游乐设施，孩子们非常喜欢,/Date(1656472231000+0800)/,0
22618288,北京中粮祥云小镇是非常不错的地方。,/Date(1656022343000+0800)/,0
28427292,逛逛逛的好地方，来了就一下午的节奏,/Date(1655681292000+0800)/,0
219605985,不错的地方，大家有时间可以过去看看,/Date(1655680442000+0800)/,0
374764779,这个不错挺好的，值得再去体验一次。,/Date(1654214825000+0800)/,0
365977194,"中粮祥云小镇
【景色】好
【性价比】高",/Date(1653305878000+0800)/,0
661418,中粮祥云小镇，真不错的地方。太棒了,/Date(1650867933000+0800)/,0
4911632,这里秋天最美，蓝天白云，黄金树叶。,/Date(1649071755000+0800)/,0
32216104,国企打造的小镇旅游经济，很有特色。,/Date(1648827530000+0800)/,0
25765143,相当值得一去的地方 性价比还是可以的,/Date(1647389211000+0800)/,0
209787937,很多吃的。各種各樣的選擇！推薦！,/Date(1659171508000+0800)/,0
85285258,"【景色】优
【趣味】强
【性价比】高",/Date(1658297417000+0800)/,0
118720117,地理位置优越，环境优美，值得一看,/Date(1658184394000+0800)/,0
213326966,北京市中粮祥云小镇非常的喜欢💕,/Date(1656028991000+0800)/,0
4911632,金色的秋天，金色的小镇，美美的！,/Date(1655737513000+0800)/,0
1082223,里面环境不错，景色不错值得一去。,/Date(1654577710000+0800)/,0
4911632,环境优美的，好风景好风光的地方。,/Date(1653295979000+0800)/,0
11976124,中粮祥云小镇位于北京市，可以一去,/Date(1653194598000+0800)/,0
4911632,秋天最美的地方，好美呀，来看看吧,/Date(1652799573000+0800)/,0
233442707,这里值得去，景色不错，性价比很好,/Date(1652190422000+0800)/,0
1549050,挺好的呀呀呀呀呀呀呀呀呀呀呀呀呀,/Date(1650239067000+0800)/,0
31130296,北京中粮祥云小镇不错，值得推荐。,/Date(1650094552000+0800)/,0
48871745,中粮祥云小镇风光秀丽，性价比很高,/Date(1649421377000+0800)/,0
257546715,北京中粮祥云小镇环境优美，推荐去,/Date(1647865764000+0800)/,0
19271555,好好好，很不错哟，有机会一定要来,/Date(1647671716000+0800)/,0
370520824,这个地方在顺义区，吃喝玩乐都有。,/Date(1647216500000+0800)/,0
448197,国际生活新样板，在餐饮、零售、娱乐及儿童教育方面与北京其他的商业项目有着独特的差别，形成一种新的国际化生活方式。,/Date(1644735174000+0800)/,2
286153455,赞赞赞赞赞赞赞赞赞赞赞赞赞赞赞,/Date(1660915753000+0800)/,0
484813,小镇很多餐馆儿都直接上了外摆。,/Date(1659090665000+0800)/,0
32216104,小镇寂静安详，人流往来如织。。,/Date(1658150948000+0800)/,0
217202155,不错的选择就是这么简单的推荐。,/Date(1657403970000+0800)/,0
32216104,小镇生活节奏悠然，尽显生活之美,/Date(1657028937000+0800)/,0
28125179,中粮集团旗下的公园式购物中心。,/Date(1656863307000+0800)/,0
25440730,非常不错的，很值得去看看。。。,/Date(1656849411000+0800)/,0
14544667,地点不错很喜欢是一种不错的感觉,/Date(1656823599000+0800)/,0
1082223,小镇环境不错景色不错值得一去。,/Date(1654931522000+0800)/,0
104750963,适合休闲逛街 有很多好吃的 有逛的,/Date(1654617531000+0800)/,0
120310157,第一次来这里，感觉非常不错的，,/Date(1654611565000+0800)/,0
312225204,北京中粮祥云小镇不错值得一去。,/Date(1651236919000+0800)/,0
1549050,挺好的呀呀呀呀呀呀呀呀呀呀呀呀,/Date(1650934612000+0800)/,0
3794706,中粮出品必属精品，质量刚昂滴。,/Date(1646282568000+0800)/,0
4998789,好 很好，非常好，特别的好啊！,/Date(1645851281000+0800)/,0
7355937,景色宜人 环境优美 空气质量好,/Date(1651328918000+0800)/,0
344078631,超高颜值演员净看电影去看看你是什么样呢、是啊什么地方没地方吃饭吧！这些是为了给大家提供一个不错选择一个人生活在这个时代需要一个更强大而论自我ｉｔｕ,/Date(1627373448000+0800)/,0
846480,中粮祥云小镇是中粮祥云国际生活区是中粮置地在北京打造的一个大型综合体项目，其中包括高品质的连排别墅、景观大宅及精品别墅，办公、商业等组成部分。,/Date(1629835833000+0800)/,0
167282680,中粮祥云小镇位于顺义区安泰大街，现在非常繁华。我去祥云小镇，基本都是为了逛街、吃东西、买买买。最爱的还是小吃，什么口味的饭馆都有：日本料理、韩国料理、西餐、大中华美食。,/Date(1616544897000+0800)/,2
31091595,基本每周末都来，吃吃喝喝，网红店很多，还是喜欢吃烤鱼，电影院人少，楼上还有书店可以看书,/Date(1626530128000+0800)/,2
44659727,美不胜收美不胜收美不胜收美不胜收美不胜收美不胜收美不胜收美不胜收美不胜收美不胜收美不胜收美不胜收美不胜收美不胜收美不胜收美不,/Date(1626219049000+0800)/,0
5777153,听起来这个名字，就是一个不错的地方，很喜欢，小城镇、小县城、小村庄、其实在这样的小地方生活，一套房、一个车，和自己的爱人，家人，在一起没有什么负担的生活，才是很多人所追求的生活吧！加油，陌生人，我们一起变得幸福。,/Date(1631373573000+0800)/,0
26428714,这里的黄叶确实非常好看，值得每年来打卡,/Date(1621000345000+0800)/,0
26549414,临空经济带的中央别墅区为主的大型综合项目，还包括办公商业等，是国际化，高品质，漫生活的核心，有很多知名的商户！,/Date(1623720318000+0800)/,0
760840,节假日停车紧张要停到小镇往南200米的临时停车场，平日可停地库。饭馆多到你无法选择。,/Date(1626015640000+0800)/,1
22142316,大型的综合商业体，吃喝玩乐购物一应俱全，影院很棒，消费都不低,/Date(1661083618000+0800)/,0
35416517,很适合周末和朋友们一起来呀，度过一个快乐周末！也推荐大家来呀,/Date(1648993945000+0800)/,0
4550753,"非常大的一个购物街，在顺义区后沙峪附近最好的一个购物、美食、游乐点。
商家很多，人气很旺，值得一逛。",/Date(1628340857000+0800)/,0
177131845,中粮祥云小镇，是个集购物休闲娱乐和餐饮与－体的商业中心。,/Date(1654652276000+0800)/,0
45283999,休闲逛街好地方，可以停车，地上地下都有车位，吃饭的地方超多，孩子最喜欢的鸽子广场，可以喂鸽子。,/Date(1621582296000+0800)/,0
16960447,在北京顺义区的一个全新小镇，小镇里边吃喝娱一应具全。,/Date(1647250598000+0800)/,0
31091595,经常去西西里弗那个书店，可以看上半天的书，出来，去看电影，逛街，吃饭，好全，很多网红打卡店,/Date(1622297108000+0800)/,0
104679386,这个地方真是适合各种场景，之前跟爱人一起来，现在带小孩一起来，每一次都有新的体验，非常棒,/Date(1642698425000+0800)/,0
31403796,👍🏻👍🏻👍🏻👍🏻👍🏻👍🏻👍🏻👍🏻👍🏻👍🏻👍🏻,/Date(1621647630000+0800)/,0
5133785,这个地方开始还可以，没什么人，现在人太多了，停车不方便，建议提前去，要不就放远点走过去，,/Date(1620283986000+0800)/,0
18141211,吃喝玩乐一体，感觉还不错，住在周边的人比较方便,/Date(1649429913000+0800)/,0
1727496,集众多品牌的服装，饮食于一体的小镇，许多餐厅门首花团锦簇，非常漂亮，是逛街遛娃的好去处,/Date(1621461140000+0800)/,0
176481960,适合亲子休闲，有玩，有吃饭的地方，简单购物常见的店铺也有一些，主要还是家庭休闲为主，周末停车会比较紧张，路边有收费停车位，但是经常停满，地下排队车比较多，早去好一点。,/Date(1619407046000+0800)/,0
106979720,周末约上朋友一起带上孩子去玩玩还是不错的地方,/Date(1656889047000+0800)/,0
3364612,不错不错不错不错不错不错不错不错不错不错不错,/Date(1645862958000+0800)/,0
499187,北京市中粮祥云小镇就在北京市的西南方向房山区长阳镇，真的很喜欢带孩子周末的时候来这个地方，因为夏天有冷气，冬天有暖风，很好。,/Date(1633699267000+0800)/,2
35979534,打造的这种小镇，也挺好，房子很漂亮，环境看着也不错，就是少了些烟火的气息。。。。。。,/Date(1622213034000+0800)/,0
13188945,靠近顺义，前年去过一次，车位很多，但是不要周末去，去的晚了一样没地方停，要不断的绕圈找车位，品牌很多，绕的的有点晕，感觉不经常去的人肯定迷糊。,/Date(1642319236000+0800)/,1
6508139,中粮祥云小镇，这里小镇的风貌是特别漂亮的，而且来这里购物，逛街餐饮娱乐都很方便。,/Date(1642472040000+0800)/,0
736935,一个美式小镇 建筑弄得好像奥特莱斯 但不打折 如今一到周末 就变成艺术之地 连老外都来摆摊,/Date(1635808964000+0800)/,0
329350609,特别适合亲子的地方，孩子很喜欢去，适合拍照，里面喷泉夏天孩子的天地，还可以喂鸽子,/Date(1622165053000+0800)/,0
15477979,北京还是那么吸引外地游客，毕竟是大城市,/Date(1656764221000+0800)/,0
61516583,挺好逛的一個地方，吃的東西都挺多的，每次到北京都和朋友到那去吃火鍋🍲，推薦～,/Date(1636179695000+0800)/,0
6508139,中粮祥云小镇，小镇的风光是特别不错的，每到旅游季节来这里游览的游客就特别多。,/Date(1645149476000+0800)/,0
36975375,"【趣味】
【性价比】
【景色】都是棒棒的🌹🌹🌹👍👍👍👏👏👏😘",/Date(1624196425000+0800)/,0
24797139,中粮祥云小镇非常漂亮值得一看，不错,/Date(1658385981000+0800)/,0
94783187,祥云小镇打造的很不错的，精心准备的,/Date(1655946916000+0800)/,0
66163879,"还可以吧
【景色】
【趣味】
【性价比】",/Date(1652494836000+0800)/,0
220061028,很好很好很好很好很好很好很好很好很好很好很好很好很好很好很好很好很好很好！,/Date(1641238454000+0800)/,0
77137760,中粮祥云小镇有担当，了不起，我创意，我骄傲，我很中国。,/Date(1633356431000+0800)/,1
28125179,中粮祥云小镇是中粮地产旗下的步行街式购物中心，汇集了众多潮流品牌和网红餐厅,/Date(1626886966000+0800)/,0
73418381,祥云小镇环境不错，闲时逛逛挺好的,/Date(1659961458000+0800)/,0
66163879,"还可以吧
【景色】
【趣味】
【趣味】",/Date(1652284627000+0800)/,0
354809974,这家小镇特别有意思，适合慢游览。,/Date(1632635966000+0800)/,2
74011233,中粮祥云小镇，不错的地方，适合亲子游，环境很好，推荐来看看，不错不错不错,/Date(1628954359000+0800)/,0
11737193,这里环境不错，建筑风格很有特色,/Date(1660785233000+0800)/,0
66163879,"可以
【趣味】
【景色】
【性价比】",/Date(1654493987000+0800)/,0
220972544,环境不错！卫生整洁！很喜欢！！,/Date(1653878461000+0800)/,0
24797139,中粮祥云小镇非常漂亮值得一看。,/Date(1651657454000+0800)/,0
149518702,中粮祥云小镇位于北京市顺义区。,/Date(1649762727000+0800)/,0
24797139,中粮祥云小镇非常漂亮，值得一看,/Date(1647524184000+0800)/,0
4773230,没想到这里藏了这么一个宝藏景点,/Date(1646267967000+0800)/,0
31091595,朋友们，放心冲！性价比真的很高，而且交通非常方便，大家可以来体验体验！,/Date(1640700490000+0800)/,0
448197,不错的，有风格，有特色！！！！,/Date(1639455969000+0800)/,2
35979534,北方，北京，这样的小镇做的很好了！！！真是有钱有闲的好去处！！！！！！,/Date(1631029694000+0800)/,0
14634733,嗯(*๓´╰╯`๓)♡，不错的啊，性价比不错，物美价廉，每次去都囤一些,/Date(1629552407000+0800)/,0
2212132,很多好吃吃的馆子，很喜欢这里哈,/Date(1626954407000+0800)/,2
204191553,位于江宁高新园内，属于新兴开发打造的街区，挺方便。,/Date(1620432770000+0800)/,1
1347014,周末去的时候可能由于假期原因有些体验游玩项目没有开。所以趣味性比较一般。广场鸽是唯一可以让你驻足的地方了，买上一袋鸽食在阳光下喂喂鸽子也是比较惬意的,/Date(1644767397000+0800)/,0
2005930,依托大型楼盘而建的商业综合小镇，定位中高端，商业氛围不错，环境好。,/Date(1640136604000+0800)/,0
84885519,这里真好看   一定要来吧！！,/Date(1659801307000+0800)/,0
736935,周末很热闹 会有跳蚤市场 老外都来做买卖 街头表演 行为艺术 时不时也出现,/Date(1645539839000+0800)/,0
6508139,中粮祥云小镇，有时间来北京可以来个小镇逛一下。挺不错的一个地方。,/Date(1638873047000+0800)/,0
180562264,这里的环境优雅，景色优美的一个地方，吃喝拉撒都非常好的一个地方！,/Date(1634892016000+0800)/,0
77137760,中粮祥云小镇是个有探索的小镇，我期待着去了好久。来了就被吸引了。,/Date(1629245191000+0800)/,0
52163169,小镇非常具有休闲特色，主题突出，适合各类消费,/Date(1617769055000+0800)/,1
6508139,中粮祥云小镇，这里不仅仅景色漂亮，而且餐饮，语文与消费于一体。,/Date(1642046643000+0800)/,0
71154197,中粮祥云小镇定位为国际生活新样板，形成一种新的国际化生活方式。,/Date(1638786054000+0800)/,0
16960447,非常值得去的一个小城镇，中粮集团重金打造的一个有代表性的小镇。,/Date(1638438045000+0800)/,0
276040097,风景独特，感觉如新，清净优雅，是一个回归自然，放松心情的好去处,/Date(1630307775000+0800)/,0
209787937,美食村一样，想吃啥有啥！早午晚餐不同選擇。,/Date(1627549764000+0800)/,1
6538563,"【景色】
【趣味】
【性价比】好好好好好好好好好好好好好好好好好好",/Date(1626627038000+0800)/,0
6508139,中粮祥云小镇，来这里购物逛街，餐饮娱乐特别方便，来体验一下。,/Date(1643167341000+0800)/,0
104679386,特别感谢工作员，昨天非常耐心地给予专业的指导，默默点个赞👍,/Date(1639693878000+0800)/,0
332970101,第一次来，带着探店的想法来，点了特色饮料，蛮惊喜的，值得好评,/Date(1635472279000+0800)/,0
104679386,位置很好找，虽然是周末来的，但🅿️停车位还挺多的，非常方便,/Date(1634661402000+0800)/,0
186167072,"【景色】景色优美
【趣味】趣味性强，乐趣十足
【性价比】性价比高",/Date(1634515250000+0800)/,0
3226274,就没有一个地方便宜，真是寸土寸金的首都啊，真的和国际接轨了。,/Date(1631540491000+0800)/,0
35866034,不错的样子就是这里的风景一切众生都是一样的生活方式就是这样,/Date(1630993023000+0800)/,0
64471882,值得一去看看，人文景色，建筑特色都不错，休闲逛街的好去处！,/Date(1630886977000+0800)/,0
6508139,中粮祥云小镇，小镇的风光真的是不错，有时间来这里走走逛逛吧,/Date(1628551112000+0800)/,0
103403107,国家支持建设的小镇，感觉还可以，一家人溜达一圈还是不错的。,/Date(1622633714000+0800)/,0
56183558,夜景特别美，周边网红餐厅很多，吃喝玩乐休闲遛娃的好去处。,/Date(1641041976000+0800)/,0
26549414,新兴的小镇，人文景观环境非常不错，周围购物餐饮非常方便！,/Date(1639907638000+0800)/,0
157133537,已经来过好多次啦，个人觉得还是很划算的，提前买好券更值了,/Date(1639702809000+0800)/,0
22618288,中粮祥云小镇是北京市著名的旅游景点，周围环境保护的很好。,/Date(1638083839000+0800)/,0
157133537,颜值即正义，环境非常干净，跟家里人一起来过纪念日很满意！,/Date(1637976994000+0800)/,0
35866034,独特的小镇风光无限的可能性很大程度达到极限挑战真的很不错,/Date(1633676397000+0800)/,0
114317650,整体来说环境还是比较不错的 交通也方便,/Date(1630631185000+0800)/,1
218659260,景色宜人，趣味性十足：性价比很高满意,/Date(1629117353000+0800)/,1
156578141,这个地方的风景不错很漂亮哦！值得推荐,/Date(1624605942000+0800)/,1
34925913,比较全面的商业综合体，方便了附近的居民生活，也方便附近工作的人午餐休闲，商业服务品牌也相对全面。外部也设有适合休闲的区域 ，适合周末闲逛。,/Date(1616643105000+0800)/,0
736935,顺义区最贵的一片地段 只因有个西式小镇 周边是几家贵族学校,/Date(1641886094000+0800)/,0
6508139,中粮祥云小镇，来这里可以休闲逛街，感受一下休闲的生活。,/Date(1641460381000+0800)/,0
151836624,这是一个很不错的地方之一吧，强烈推荐一下给大家一起去玩,/Date(1639489980000+0800)/,0
151836624,这是一个很不错的地方之一吧，强烈推荐一下给大家一起去吃,/Date(1638802895000+0800)/,0
6508139,中粮祥云小镇，小众的风光是特别不错的，来这里逛一逛吧。,/Date(1635991630000+0800)/,0
35866034,独特风貌的地方这里的小镇生活真的很悠闲的感觉向往的生活,/Date(1634971770000+0800)/,0
231645677,没去过，听说景色很漂亮，建设的也非常不错，有机会去看看,/Date(1634296765000+0800)/,0
6508139,中粮祥云小镇，这里的风光很独特，在节假日来这里逛逛吧。,/Date(1625119071000+0800)/,0
77187309,值得去的地方，景色真美啊古朴的真好,/Date(1625036750000+0800)/,1
6508139,中粮祥云小镇，来小镇逛一逛吧，这里购物逛街都很方便的,/Date(1643896748000+0800)/,0
344542054,环境非常不错，服务也很周到，还会有专业的指导🐂🍺,/Date(1640671420000+0800)/,0
53265137,嘻嘻体验很好，以后又多了一个周末游玩的好地方✌️✌️,/Date(1637502786000+0800)/,0
23551934,交通非常的便利，多条地铁和公交线路直达，必须给个好评,/Date(1636120228000+0800)/,0
4911632,秋季的美景，让人心旷神怡，美景。,/Date(1633274839000+0800)/,1
47239142,顺义区一处不错的地方，逛吃逛吃。,/Date(1623046919000+0800)/,1
47239142,祥云小镇还不错，吃的东西特别多。,/Date(1620385158000+0800)/,1
77549578,中粮祥云小镇是美丽新农村。景色宜人。农家饭菜香喷喷。,/Date(1617629347000+0800)/,0
26549414,不错的好地方，在北京的城乡结合部，餐饮娱乐应有尽有！,/Date(1616514004000+0800)/,0
16960447,中粮集团花重金打造的集居住游玩娱乐和歺饮的宜居小镇,/Date(1640607511000+0800)/,0
71154197,秋季的小镇美美哒，又是可以拍拍拍，美美美，吃吃吃。,/Date(1637240430000+0800)/,0
3036876,购物，餐饮，时不时办些儿童活动,/Date(1621867181000+0800)/,1
,非常漂亮的风景区很喜欢这个地方哦，有机会还想再来。,/Date(1619878068000+0800)/,0
213326966,玩的地方小镇子非常干净，我们家人常常去到那里光顾。,/Date(1616550365000+0800)/,0
263098795,上海必打卡地之一，风光无限，休闲之都，购物天堂！,/Date(1638886276000+0800)/,0
27297138,好多特色特产 人流很多 很有特色,/Date(1638540890000+0800)/,1
234134097,"风景如画
【景色】宜人
【趣味】十足
【性价比】很高。",/Date(1620261965000+0800)/,0
77512830,万行吃了很多除了食堂的两荤两素还有一个原味鸡鸡腿,/Date(1619183604000+0800)/,0
6508139,中粮祥云小镇，来这里可以感受一下这个社区的文化。,/Date(1616720503000+0800)/,0
166995289,环境真是很赞啊！街区整洁干净，路边的雕像挺有意思,/Date(1616716203000+0800)/,0
28016204,最近秋冬季，北方疫情比较肆虐，希望一切恢复正常,/Date(1637416535000+0800)/,0
2053546,票价不是很贵，周末带孩子玩一玩是个不错的选择。,/Date(1627777414000+0800)/,0
5589797,夏季的时候可以看到很美丽的风景……一年四季可以,/Date(1622959565000+0800)/,0
255344236,北京中粮祥云小镇是来北京旅游网红打卡景点之一,/Date(1641784058000+0800)/,0
48871745,北京中粮祥云小镇风光无限，是摄影打卡的好去处,/Date(1640872278000+0800)/,0
104679386,这个地方真的适合各种人群来玩来体验呀，好评噢,/Date(1636736878000+0800)/,0
211336092,中粮集团是业内数一数二的大团队，有顶梁柱之称,/Date(1625627459000+0800)/,0
48871745,北京中粮祥云小镇风光无限，是摄影拍照的好去处,/Date(1621983297000+0800)/,0
3421108,环境还不错的，转转觉得绿化做的很好，适合养老,/Date(1620615714000+0800)/,0
77187309,值得去的地方，景色真美古朴，带朋友一起看看吧,/Date(1619388474000+0800)/,0
217202155,这里确实不错👍，挺好的不错不错就是这么给力,/Date(1617097466000+0800)/,0
7589010,小镇很不错，值得欣赏，风景很不错，爱了爱了,/Date(1641037783000+0800)/,0
111923698,中粮祥云小镇，值得关注的一个地方，非常好！,/Date(1640616615000+0800)/,0
262044053,景色非常非常优美，趣味多多多多，性价比高高,/Date(1638584572000+0800)/,0
67100502,虽然地方不大，但是别有一番意境，值得一看。,/Date(1637485543000+0800)/,0
5285765,小镇的各种设施齐全，也比较新，综合体验不错,/Date(1636298348000+0800)/,0
229755050,值得去的地方，景色很美好的镇子，逛一逛挺好,/Date(1632807954000+0800)/,0
247792151,这里的小镇好美，好漂亮啊，很喜欢这个地方哦,/Date(1632358689000+0800)/,0
240840438,还不错的地方感觉感觉还是不错的可以去试一试,/Date(1626157580000+0800)/,0
77549578,中粮祥云小镇。是很不错的一个乡村美丽乡村。,/Date(1625667520000+0800)/,0
31193998,这里还是不错的，值得溜达，适合那种休闲散步,/Date(1625577732000+0800)/,0
266060012,很好吃，去过好多次了，很棒，下次还会再去的,/Date(1624986267000+0800)/,0
106593732,挺有特色的小镇，悠闲惬意放松，不错，喜欢。,/Date(1621968663000+0800)/,0
247355475,也是非常值得去的，最大的亮点是这个小镇很好,/Date(1621229333000+0800)/,0
83116102,闲逛旅游不错，购购物，吃吃小吃，好不惬意。,/Date(1620173044000+0800)/,0
39614033,这？里非常好的了，新兴旅游地，玩玩挺好😊,/Date(1617456830000+0800)/,0
186427632,没想到不出北京，还有这么好的溜娃圣地。置身小镇，仿佛来到了美丽的南国。海南风，巴蜀风，时尚魔都风。一应俱全。拍照给我圣地，可爱的仙女们，快来吧,/Date(1594590124000+0800)/,1
25779503,外婆家住附近，来玩过很多次，人还是非常多,/Date(1645523068000+0800)/,0
257709,这里的建筑挺有特色，整体环境还是不错的。,/Date(1644975575000+0800)/,0
85473124,像欧式风格建筑一样的设计，可以逛逛看看。,/Date(1640965832000+0800)/,0
2513092,服务员会主动打招呼，非常贴心，为服务好评,/Date(1640612031000+0800)/,0
83116102,小镇很开阔，空气好，环境不错，玩玩很好。,/Date(1634516301000+0800)/,0
71999469,不错，很有意思的地方，周末一家人都去了。,/Date(1634459146000+0800)/,0
160444576,北京中粮祥云小镇是干什么的，你去了就知道,/Date(1631250818000+0800)/,0
176472224,这里的环境不错 很舒服的 下次还可能在来享受,/Date(1629422667000+0800)/,0
3705664,不错可以去看看！！里面挺好玩的！！！！！,/Date(1628645071000+0800)/,0
167884740,味道真的不错，经常过去吃，以后还会去吃的,/Date(1627800023000+0800)/,0
51563041,祥云小镇，小镇建的很有特色，可以去看看！,/Date(1621400855000+0800)/,0
1727496,有许多商场，餐厅，小镇是休闲遛娃的好地方,/Date(1620899877000+0800)/,0
95353431,中粮祥云小镇是用于创业办公及商业特色街区,/Date(1617634576000+0800)/,0
40338948,"1位置，花梨坎地铁站西北方向约2公里，交通不便，路面狭窄，极易拥堵。附近停车位特别紧张因此不建议自驾，但附近公交也不发达，因此建议打出租。
2环境，环境对比城里的购物中心要好太多，小楼间绿树掩映，若干的带着太阳伞桌椅星罗棋布。人们惬意的小憩闲谈，十分惬意，整体环境也很好，装修也不错。
3商户，商户以美食为主打，云集了坦坦大炉，咱们见个面等一起创意菜餐厅。整体品质较高，适合享受饕餮盛宴。
4性价比，商户以中档为主，价格匹配品质，推荐",/Date(1529886544000+0800)/,11
3826309,"【景色】好的
【趣味】ok
【性价比】可以",/Date(1645436816000+0800)/,0
105982194,中粮的各种食品的聚集地，可以放心购买。,/Date(1643592652000+0800)/,0
25765143,值得一去的地点 景色也不错 购物看景都不错,/Date(1642295610000+0800)/,0
53733371,位于市郊的特色小镇，交通便利，环境优美,/Date(1640821112000+0800)/,0
240176293,口味还可以，环境不错不错，服务态度很好,/Date(1638114201000+0800)/,0
4994754,地方其实还不错，不值得专门跑一趟，哈哈,/Date(1636784925000+0800)/,0
1467570,这地方真不错，吃喝玩乐都有了，品牌挺全,/Date(1635919338000+0800)/,0
4188348,非常不错！！！！！！！！！！！！赞👍,/Date(1632747023000+0800)/,0
111923698,中粮祥云小镇，没事可以去看看，超级棒！,/Date(1632119278000+0800)/,0
70931907,"【景色】不错
【趣味】不错
【性价比】不错",/Date(1631668680000+0800)/,0
39614033,这一批特色小镇，最好的一个，有点意思，,/Date(1629947973000+0800)/,0
204191553,日渐趋于成熟的一块商业体，配套挺方便。,/Date(1629721724000+0800)/,0
44267613,景色秀丽自然风光无限美丽。有空去看一下,/Date(1627540630000+0800)/,0
303149011,"风景优美，
【景色】迷人，让人流连忘返。",/Date(1627396219000+0800)/,0
120158439,有空就到这里溜达溜达，是个不错的选择！,/Date(1624541125000+0800)/,0
97631933,这里的景色很美，很有趣味性，值得一看。,/Date(1621819554000+0800)/,0
789446,不错的，中粮集团大企业，作品也不会错的,/Date(1621140143000+0800)/,0
287043863,性价比高，景色很美，交通便利，值得推荐,/Date(1618107971000+0800)/,0
114820708,这里有许多有特色的小店，值得去逛逛。,/Date(1645223823000+0800)/,0
51730960,中粮祥云小镇，环境优美，活动项目多。,/Date(1644398276000+0800)/,0
27561826,小任不大，但是感觉还是很用心在造的。,/Date(1642901892000+0800)/,0
2245233,好美丽的风景 好清新的空气 很舒服的氛围,/Date(1637938489000+0800)/,0
36256627,强烈推荐，孩子很喜欢，一个不错的选择,/Date(1635689613000+0800)/,0
54273864,夏天去这里很凉快，一般每年都会去避暑,/Date(1634651302000+0800)/,0
75052841,"【景色】优美
【趣味】有趣
【性价比】高",/Date(1634289267000+0800)/,0
49932745,京郊小镇，颇具北方特色的旅游观光地。,/Date(1628776044000+0800)/,0
1117346,小镇风光好，秋天颜色丰富，景色宜人。,/Date(1626866546000+0800)/,0
49932745,特色小镇，京效一处别具风味的古乡落。,/Date(1626447139000+0800)/,0
50812156,秋天的时候景色特别漂亮 树叶都是金黄色,/Date(1626395384000+0800)/,0
187611744,在这里，看到中文的招牌，被吸引过来的,/Date(1625667793000+0800)/,0
161505951,这是我热爱的地方，是我努力守候的地点,/Date(1625627154000+0800)/,0
261853183,很美的地方，名字也好听，东西也不错。,/Date(1625626731000+0800)/,0
49932745,不错不错，很有特色的一个小镇。赞👍,/Date(1624841751000+0800)/,0
264657173,没去过，想去了解下，有时间就去看看~,/Date(1619531215000+0800)/,0
155257180,这里的风景很不错，很喜欢这个小镇呢。,/Date(1618499831000+0800)/,0
31193998,这里真是特别棒的地方，很不错的趣味！,/Date(1616628480000+0800)/,0
240176293,景色不错不错，服务态度很好，性价比高,/Date(1616496291000+0800)/,0
351048370,非常值得参观学习的地方，很有收获。,/Date(1643723474000+0800)/,0
4911632,一抹黄一抹蓝，好地方好风景，真美。,/Date(1642647697000+0800)/,0
56183558,网红打卡地，值得一去的地方，不错。,/Date(1638638567000+0800)/,0
180440668,"【景色】美
【趣味】有趣
【性价比】高",/Date(1637939613000+0800)/,0
239523151,景色优美，环境整洁有序，值得一游！,/Date(1636464762000+0800)/,0
13585369,行走在路上，幸福感爆棚，快乐快乐。,/Date(1633399509000+0800)/,0
159218363,"【景色】美
【趣味】不错
【性价比】高",/Date(1631023886000+0800)/,0
177605955,环境挺好的呢，挺不错的，喜欢这里。,/Date(1630077984000+0800)/,0
3917796,这个小镇确实不错，是居住的好地方！,/Date(1629548644000+0800)/,0
332623591,景色怡人，趣味性十足，性价比超高。,/Date(1629105204000+0800)/,0
34927573,是在北京啊，很远的地方是要坐飞机的,/Date(1625190659000+0800)/,0
4911632,秋天更美，油画一般的美，美轮美奂。,/Date(1625150312000+0800)/,0
94369053,地理位置得天独厚，服务好，环境优美,/Date(1625097075000+0800)/,0
1011370,来这里逛逛还是非常不错的，很安静。,/Date(1619741813000+0800)/,0
39610562,"【景色】好
【趣味】好玩
【性价比】高",/Date(1619704353000+0800)/,0
241978781,还不错，值得一去，挺好的，挺美的！,/Date(1619186238000+0800)/,0
216561905,很不错的地方，挺好的，可以去玩儿。,/Date(1618143981000+0800)/,0
4911632,拍得好美呀，小镇美美哒，来看看吧。,/Date(1617279712000+0800)/,0
214765975,著名的古建筑群值得去打卡。。。。,/Date(1643379504000+0800)/,0
257546715,北京中粮祥云小镇环境优美值得一去,/Date(1642741848000+0800)/,0
41418293,这里值得去，景色秀丽，性价比很好,/Date(1641100040000+0800)/,0
5176977,"【景色】美
【趣味】高
【性价比】好",/Date(1641076743000+0800)/,0
661418,中粮是国内比较出名的度假旅游项目,/Date(1639903438000+0800)/,0
177077196,风景蛮好的地方，可以再去玩一次。,/Date(1639528231000+0800)/,0
39570152,不错不错不错不错不错不错不错不错,/Date(1639150250000+0800)/,0
163038447,"【景色】好
【趣味】多
【性价比】高",/Date(1636452418000+0800)/,0
233442707,这里值得去，景色美丽，性价比很好,/Date(1636197516000+0800)/,0
10348303,非常不错的地方，这星期天再去一次,/Date(1636083607000+0800)/,0
29946476,"【景色】美
【趣味】好
【性价比】高",/Date(1635519729000+0800)/,0
192200590,景色真是好美，适合出去玩的地方。,/Date(1635246313000+0800)/,0
34390878,很人文的小镇，有集市有攀爬和沙坑,/Date(1635132606000+0800)/,0
55349556,祥云小镇，吉祥如意。。。。。。。,/Date(1634305160000+0800)/,0
97028142,这个小镇因粮食而建，因粮食而兴！,/Date(1634005634000+0800)/,0
96115245,好好好好好好好好好好好好好好好好,/Date(1633166002000+0800)/,0
48736342,来来来，带着家人一起来，很好玩的,/Date(1632736750000+0800)/,0
34428119,环境优美整洁，很有特色，氛围浓厚,/Date(1631838198000+0800)/,0
163038447,"【景色】好
【趣味】好
【性价比】好",/Date(1629819138000+0800)/,0
5176977,听介绍极为想去、仿古建筑小镇特色,/Date(1627076373000+0800)/,0
15477979,挺有意思的一个小景点呢，还不错吧,/Date(1626754912000+0800)/,0
90584824,非常不错。可以有空去看看。放松。,/Date(1626445229000+0800)/,0
209484925,地段不错，还有名校入驻，性价比高,/Date(1625729766000+0800)/,0
27591855,我喜欢这个地方，有种特别的感觉。,/Date(1625626951000+0800)/,0
41418293,这里值得去，景色宜人，性价比很好,/Date(1625553798000+0800)/,0
27915418,很不错的一个小镇，非常美丽，好看,/Date(1624115897000+0800)/,0
269189226,景色不错，趣味一般，性价比一般。,/Date(1623461569000+0800)/,0
475921,交通还可以 ，整体来说环境还不错。,/Date(1622882457000+0800)/,0
83786986,中粮祥云小镇的风光还是相当不错的,/Date(1622528646000+0800)/,0
115624199,这座小镇位于我国首都北京值得一去,/Date(1622486276000+0800)/,0
240865841,景色很美   性价比很高   交通方便   非常棒,/Date(1621078503000+0800)/,0
56115527,一个小地方却让人感觉非常惬意舒适,/Date(1618825091000+0800)/,0
19336321,比较有特色，值得去看看玩玩，不错,/Date(1618497556000+0800)/,0
291467725,离得比较远，可是去过，还是不错的,/Date(1617889734000+0800)/,0
216561905,很不错的地方，带孩子去玩也不错。,/Date(1617547699000+0800)/,0
1076189,小镇故事多，有苦也有乐，华丽无比,/Date(1617242612000+0800)/,0
9187810,在小镇里面走走，感觉还是挺不错的,/Date(1617103480000+0800)/,0
31911789,小镇风景优美 自然景色 👍空气新鲜,/Date(1616827564000+0800)/,0
5285765,疫情渐渐散去，看着这小镇真是热闹,/Date(1616771207000+0800)/,0
50812156,秋天的景色特别美 树叶都是金灿灿的,/Date(1616720613000+0800)/,0
329392704,景色很好，很有趣 ，很不错的地方,/Date(1645583744000+0800)/,0
56183558,吃喝玩乐样样俱全，感觉非常好。,/Date(1642781605000+0800)/,0
3044563,挺不错的地方，带着家里人一起。,/Date(1642077877000+0800)/,0
661418,"中粮祥云小镇，很好逛的地方
不错",/Date(1641453482000+0800)/,0
30042200,总体来说还不错，推荐大家来看看,/Date(1639568234000+0800)/,0
286153455,赞👍赞👍赞👍赞👍赞👍,/Date(1638779632000+0800)/,0
60160592,非常值得一去的地方，推荐大家哦,/Date(1638180821000+0800)/,0
36256627,值得一去看看，孩子很喜欢，不错,/Date(1637758158000+0800)/,0
165350770,非常值得一看的地方，推荐大家哦,/Date(1637644652000+0800)/,0
230652317,"【景色】
【趣味】
【性价比】不错",/Date(1637502039000+0800)/,0
290266685,非常好玩的地方，强烈推荐去看看,/Date(1635780184000+0800)/,0
90332906,来中粮祥云小镇，景色特别的好的,/Date(1635167181000+0800)/,0
47239142,周末在这里逛逛，太舒服了😌！,/Date(1634877941000+0800)/,0
8856010,秋天的风景如画，可以去看看的！,/Date(1634539313000+0800)/,0
161521740,去过一次，还行，周末人不多！！,/Date(1634488578000+0800)/,0
5466912,挺喜欢的，挺有趣的，值得一看。,/Date(1633534124000+0800)/,0
7081136,这里风景真不错，这里风景真不错,/Date(1632656066000+0800)/,0
203616940,中粮祥云小镇环境不错，位置也好,/Date(1630633618000+0800)/,0
266718203,风景优美，值得一游！！！！！！,/Date(1629858590000+0800)/,0
77759798,秋天开始美的不得了，太喜欢了。,/Date(1629696907000+0800)/,0
34927573,里面零食是很多，可一吃就饱了的,/Date(1629109992000+0800)/,0
6161304,很不错 值得一去 好评呀 推荐给大家,/Date(1627981102000+0800)/,0
2360343,景色不错，趣味性强，性价比最高,/Date(1627362660000+0800)/,0
5682017,中粮集团公司特色鲜明小镇滋味儿,/Date(1626904816000+0800)/,0
97961873,大家快来看看了，是真的很棒哈哈,/Date(1625238787000+0800)/,0
45741333,环境不错，空气很好，值得一去。,/Date(1624866500000+0800)/,0
3159665,中国知名品牌的特色，小镇很有趣,/Date(1624772936000+0800)/,0
115624199,这是北京一处著名的景点值得一去,/Date(1624752424000+0800)/,0
5372395,一个静谧的小镇，当地人都很淳朴,/Date(1623765641000+0800)/,0
203616940,中粮祥云小镇意境不错，值得一去,/Date(1623453468000+0800)/,0
229755050,智能挺好的呀，哈哈景色挺好的呀,/Date(1623244904000+0800)/,0
2605149,种粮详云小镇，种粮详云小镇，。,/Date(1623210914000+0800)/,0
34428119,环境优美整洁，很有特色的地方。,/Date(1622845601000+0800)/,0
34923559,很悠闲很好玩的小镇，值得遛娃去,/Date(1622700963000+0800)/,0
25680409,交通方便，环境优美，值得一去！,/Date(1622000895000+0800)/,0
262246838,景色优美，服务周到，值得一游。,/Date(1620595315000+0800)/,0
29859425,行价比有点高，适合搞对象的去。,/Date(1620095472000+0800)/,0
216561905,很不错哦的地方哦，值得去看看。,/Date(1619883975000+0800)/,0
114317650,小镇环境挺不错的  游客也不多的噢,/Date(1619742742000+0800)/,0
1154827,挺好的。。。。。。。。。。。。,/Date(1619301334000+0800)/,0
19336321,不错的地方，很有特色，值得一去,/Date(1619135597000+0800)/,0
34927573,巷子里幽静明亮，看起来骨骼奇特,/Date(1619059609000+0800)/,0
25765143,还是值得一去的景点 性价比不错,/Date(1643071970000+0800)/,0
30554900,景色优美，性价比不错 ，很不错,/Date(1642653526000+0800)/,0
14100884,一如既往的好 值得推荐去的地方,/Date(1633516695000+0800)/,0
33768198,玩的特别开心 非常有意义的一天,/Date(1621921210000+0800)/,0
176472224,"漂亮 好
【趣味】好玩
【性价比】",/Date(1621347994000+0800)/,0
164573777,"【景色】
【趣味】
【性价比】好",/Date(1617620611000+0800)/,0
27297138,挺好看的 好玩的 很多人 热闹的,/Date(1640075739000+0800)/,0
329191139,推荐给大家来一次非常好的,/Date(1633621909000+0800)/,0
1313754,还不错还不错还不错还不错还不错还不错还不错还不错还不错还不错还不错还不错还不错还不错还不错还不错,/Date(1634428127000+0800)/,0
1347014,国节期间很多体验项目已关门只有少数几个可以体验，同时小孩子来可以喂鸽子算是一个比较好玩儿的事情,/Date(1644376567000+0800)/,0
213431530,小区地理位置好，树木绿化环境好，物业管理正规，服务态度好，地面干净卫生，业主和谐，幸福感爆棚。,/Date(1616646434000+0800)/,0
10443499,还可以吧！！！！加油吧！！！！继续努力吧！！！,/Date(1654325097000+0800)/,0
2156086,中粮万达还可以，周末去要趁早，不然没有停车位！,/Date(1640517623000+0800)/,2
177131845,后沙峪商圈的文化娱乐小镇，特别是周末人潮涌动。优美的环境恰似公园。,/Date(1631671650000+0800)/,1
3922142,比较不错的一个小镇，很好的，非常好，可以去看,/Date(1657510036000+0800)/,0
34651396,面积不大，停车有点费劲，但是餐饮确实不少，路过的话可以去看看，特意去就没必要了。,/Date(1641110566000+0800)/,0
8982364,风景一般 不怎么样，不值得去，性价比不高,/Date(1647446407000+0800)/,0
88438873,给我的感觉就是环境特别好，空气质量挺不错的。来这里逛逛，让人感觉心情和美舒畅。,/Date(1618823325000+0800)/,0
270202191,有时候会在小镇中心举办活动，介绍各国风情，请外国演员表演。聚集了很多家庭遛娃。,/Date(1618619700000+0800)/,0
299736760,位于北京顺义区，以花园式购物体验为中心，是一个充满活力与趣味的户外商业空间。,/Date(1623540674000+0800)/,0
213431530,规划得比较好，建设风格有新意。周边环境打造好，是休闲放松好去处，值得一看。,/Date(1626158922000+0800)/,0
51437801,非常漂亮的地方，建筑布置的也是非常合理。来这里放松还是很不错的。,/Date(1627710803000+0800)/,0
28898040,挺大的，餐馆挺多，有几个挺不错，有地下停车场,/Date(1627388418000+0800)/,1
28898040,祥云小镇挺好的，有看电影的地方，有小朋友玩的地方，吃饭也方便,/Date(1629806716000+0800)/,0
120586060,最近流行网络带货，央视在这还做了推销广告，总体是吃喝比较多。,/Date(1623269399000+0800)/,0
270202191,比较集中的购物广场，有时候组织主题活动，吸引众多遛娃的人来。,/Date(1620018226000+0800)/,0
1123201,中粮祥云小镇分南区和北区，都有路边停车场和地下停车场。里面餐饮，商场，咖啡店很多，孩子们玩的也很多。尤其露天喷水池是孩子们游玩好去处，就是带备用衣服，容易衣服被弄湿。。白天晚上景色各不同。里面还很文艺，有很多雕塑。,/Date(1497025879000+0800)/,7
273018664,"【景色】好好好好好好好
【趣味】好好好好
【性价比】不错不错",/Date(1643989858000+0800)/,0
50828627,除了远还都挺好的，吃喝玩乐逛，都不错,/Date(1641611918000+0800)/,1
736935,定位合适 十几家饭馆规模不大 但味道还不错 都是做回头客生意的,/Date(1627601644000+0800)/,0
2005930,地产商所建配套商业体，环境和配套设施相对于周边不错。,/Date(1623482026000+0800)/,0
28898040,挺好的，吃饭有很多选择，有电影院，有小孩玩的地方。,/Date(1635345859000+0800)/,0
81359011,感觉不错，小镇的发展值得借鉴。,/Date(1630988684000+0800)/,1
15690026,道路两侧的树木很多，绿化不错，漫步其中，心情舒畅。,/Date(1627133844000+0800)/,0
7933925,中粮祥云小镇定位为国际生活新样板，在餐饮、零售、娱乐及儿童教育方面与北京其他的商业项目有着独特的差别，形成一种新的国际化生活方式。,/Date(1627054720000+0800)/,0
736935,有吃有喝有玩还有逛 如果服装店可以多一点品牌就更好了,/Date(1626906235000+0800)/,0
3469399,还不错，小小陈别有一番风味，还是挺值得去看一下的呢,/Date(1621603690000+0800)/,0
46619838,很不错的地方！环境优美！溜达溜达很不错的！赞👍,/Date(1622962070000+0800)/,0
252417685,中粮祥云小镇，客流众多价格合理服务周到非常不错。,/Date(1622243737000+0800)/,0
403277,去那里基本就是逛吃逛吃。。。小孩子可以跑跑玩,/Date(1627452550000+0800)/,0
209606957,从粮祥云小镇里的建筑非常有特色，大家非常喜欢,/Date(1623553258000+0800)/,0
47617763,不(*๓´╰╯`๓)♡错的地方，可以去看看,/Date(1636616001000+0800)/,0
31874846,特别好玩的一个地方，必须重点推荐一下吧。,/Date(1636260083000+0800)/,0
44794723,【景色】很不错，草木茂盛生长环境保护不错,/Date(1616765253000+0800)/,0
3378093,这次到北京时间比较紧，刚好就到了，这边不太远的，中粮祥云小镇。小镇建设的规模还是很大，设施也比较齐全，但是到这边来的游客并不是很多，主要是靠原居住地的居民。慕名而来，在这个地方转了一转，感觉总体来说设计还是不错的。就是门口停车，这些基础的设施不太方便。小镇内部，设施比较齐全，经营的种类应该可以满足你日常的需要。配套也很完善，管理也很到位。尤其是餐饮街这边小吃种类还比较多。不一定非要到达，北京城市里头去赌一赌，在这里面休闲一下，也是不错的一个选择。可以下次，还会考虑再来。值得隆重推荐。,/Date(1530056540000+0800)/,6
1438501,"办事情路过，有一个小时的时间，在星巴克喝了杯咖啡，还有时间随便走了走。

下雨天，人不多，但是车不少，路边满满当当。还有一霸道的大巴车，不偏不倚堵在人行的台阶前面。门前那条大马路也不太合理，来去的车都必须一往直前开很远才能调头！

好像吃饭的选择性很多，有机会可以慢慢来发掘一下。

里面布局挺好，音箱效果不错，很放松。夏天应该很棒！",/Date(1523702963000+0800)/,14
910239,这个小镇真的相当不错，值得推荐给大家。,/Date(1637124809000+0800)/,0
76279314,还可以，值得一去，周末人不多吧，还可以,/Date(1636250190000+0800)/,0
2902097,适合短途自驾游！可以舒舒服服休息几天！,/Date(1630329704000+0800)/,0
35416517,树叶很漂亮秋天最佳了。。魅力的树叶。。,/Date(1621731975000+0800)/,0
2700016,后期修建的建筑，走走转转吧，景色一般,/Date(1643503580000+0800)/,0
76257813,舒服，休闲，没有压力的在这里渡过一天,/Date(1638784448000+0800)/,0
81359011,有一定的游玩游览意思，可以看看逛逛。,/Date(1633565058000+0800)/,0
298928837,是个比较不错的地方，环境优美，很好的,/Date(1619843394000+0800)/,0
15690026,绿化带建设的很好，空气质量不错😊。,/Date(1619254954000+0800)/,0
343925001,可以去逛逛，悠闲自在的感觉，挺好的,/Date(1644405564000+0800)/,0
736935,周末人多 变成艺术小镇 还有老外来摆摊,/Date(1642329656000+0800)/,0
19085550,不错的样子，商品价格还是比较便宜的,/Date(1642003105000+0800)/,0
33626148,一个很好的小区，环境优美，适合散步,/Date(1629770130000+0800)/,0
6709480,环境很好，交通方便，值得大家去看看,/Date(1620051531000+0800)/,0
28898040,里面很大，可选余地也大，环境很舒服,/Date(1617763763000+0800)/,0
4746520,这是一个非常不错的景点，值得一去,/Date(1643807072000+0800)/,0
24797139,中粮祥云小镇非常漂亮，值得一看。,/Date(1642342244000+0800)/,0
76257813,小镇不错👌，舒服，优秀，多逛逛,/Date(1635868812000+0800)/,0
23008833,环境不错非常的喜欢这个地方，漂亮,/Date(1632582108000+0800)/,0
220972544,很不错的小镇，很适合休闲度假游！,/Date(1630329483000+0800)/,0
50828627,停车位充足，品牌丰富～餐厅也不少,/Date(1628920709000+0800)/,0
82954883,还不错吧，周末空了可以去走走看看,/Date(1626959843000+0800)/,0
120586060,更好的的地方，吃饭娱乐很多，免费,/Date(1625850923000+0800)/,0
936426,好多品牌集中地，周末可以去逛逛。,/Date(1619536167000+0800)/,0
94783187,挺不错的一个点了，挺喜欢这家店的,/Date(1618305861000+0800)/,0
23008833,这个季节来舒服的休闲一下很是惬意,/Date(1617757558000+0800)/,0
19997422,丰富的地方，一应俱全，西方将色！,/Date(1616341533000+0800)/,0
4138901,位于顺义的中粮祥云小镇购物中心，位于中粮生活区内。开车自驾很方便，但周围公共交通很少，距离最近的地铁站15号线花梨坎站要步行20分钟。小镇里面有商场、电影院、餐饮、各种体验馆……购物环境很赞。,/Date(1489742225000+0800)/,8
24797139,中粮祥云小镇在北京市，非常漂亮,/Date(1643633522000+0800)/,0
480553,附近吃饭的地方还是挺多选择的，,/Date(1642836505000+0800)/,0
8177422,还算是比较值得一去的 挺有意思的,/Date(1642121588000+0800)/,0
23547949,祥云小镇是与朋友聚会的首选之地,/Date(1641390377000+0800)/,0
8177422,还可以吧！总的来说还不错吧！！,/Date(1634600835000+0800)/,0
736935,除了贵点 没毛病 平时人少 周末人多,/Date(1631339212000+0800)/,0
94777548,中粮祥云小镇位于中国首都北京城,/Date(1630453691000+0800)/,0
301924527,环境优雅！卫生整洁！幽静雅致！,/Date(1630329570000+0800)/,0
326289,嗯ヽ(○^㉨^)ﾉ♪可以去看看,/Date(1630245825000+0800)/,0
19997422,顺义便利地方，吃喝玩乐一应俱全,/Date(1629210329000+0800)/,0
1448576,还不错吧！反正小城市都是这样。,/Date(1628058251000+0800)/,0
264068181,好漂亮的地方啊 喜欢哦。。。。。,/Date(1626420445000+0800)/,0
154831322,环境优雅，空气清新，不错不错。,/Date(1625106107000+0800)/,0
8177422,"【景色】挺好的
【趣味】还可以",/Date(1643037427000+0800)/,0
,"景色还是不错的嘛
人气也可以。",/Date(1625794830000+0800)/,0
93701296,建筑漂亮大气，时尚有格调，大型商业中心，吃喝玩乐一应俱全，无论溜娃逛街、亲子活动、好友聚会、美食、购物、休闲都是不错的体验。,/Date(1604384362000+0800)/,1
55059585,非常喜欢这个小区，本来以为这边有中粮的面包卖，实则没有。不过小区内会推销一些比较好的食品。有比较稀罕好吃的食品，在小区内摆摊出售，还有优惠券。,/Date(1597940797000+0800)/,0
418444,中粮祥云小镇位于顺义区安泰大街。这里是商业地产，土地使用权只有四、五十年。前两年这里还没什么人，现在一下子人就多起来了。分南区和北区。家居用品，服装服饰，餐饮，超市，电影院都有。我觉得很多人都是在这吃饭的，餐饮非常丰富，有咖啡厅，云南菜，私房菜，韩国料理，日本料理，西餐，泰餐，甜品，想吃什么，几乎都能在这儿找到相应口味的饭馆。现在地下停车场是免费的。,/Date(1503095913000+0800)/,9
6112680,十一期间搞的活动相当精彩，从早上一直到晚上可以逛一天！,/Date(1602465781000+0800)/,0
55059585,去做了一个护肤。虽然品牌挺高档的。服务态度就比较一般了，比如说本来我的护肤体验是包含用餐的，店员就以种借口敷衍过去，不想让我就餐。,/Date(1607587060000+0800)/,0
55059585,周末过得还算舒心吧，一个人跑到中粮祥云小镇去玩儿。没见到发面包的。当时看着饭馆有不少，也有美容店，饮品店，设施体育器材也都有。,/Date(1587392311000+0800)/,0
55059585,这边儿有很多摆摊儿的，卖的都是有特色的，吃的当然价格也挺贵的，虽说有优惠券标榜的多划算，还是觉得贵了。超喜欢这个小镇啊。,/Date(1588510248000+0800)/,0
15342327,小镇吃喝玩乐俱全，夜景很飘亮，冬季去时有燃气的大壁炉，挺好看。夏天有音乐喷泉，有时间点的。特别推荐乌巢，披萨太好吃了！还能送外卖。,/Date(1490798410000+0800)/,9
555385,也没啥，就是一个小区，有些小店什么的。怎么还成了景点了。,/Date(1622537324000+0800)/,0
5002436,适合休闲时间逛逛的一个小镇，走走逛逛感觉不错的，还行。,/Date(1643933147000+0800)/,0
2329021,中粮祥云小镇在北京顺义区，地铁15号线可以直达。名气不大，游客不多，以当地居民为主，是吃吃喝喝休闲娱乐的地方，有多家餐厅、星巴克咖啡店、小饰品店。,/Date(1545654383000+0800)/,5
5860655,这家小镇很有特色，地方特点的游玩好去处。,/Date(1629808409000+0800)/,0
418444,中粮祥云小镇位于顺义区安泰大街，现在非常繁华。我去祥云小镇，基本都是为了吃饭。餐饮发达，什么口味的饭馆都有：日本料理、韩国料理、西餐、泰餐、大江南北的风味……。购物一般，有一些轻奢品牌，没有奢侈品。环境不错，晚上还有彩灯。,/Date(1512826889000+0800)/,22
32751824,景在小区中，小区在景中，决定于人的眼睛,/Date(1618101202000+0800)/,0
39620557,地方大，品牌全，还有市内不常见得牌子,/Date(1625413671000+0800)/,0
336838908,去过一次还不错尤其是秋天可以去看看,/Date(1624972001000+0800)/,0
4775461,还不错，偶尔可以去看看，有点远而已,/Date(1624848599000+0800)/,0
1847855,"跟旅遊团去参观过,只是小镇而已。",/Date(1641565352000+0800)/,0
2780112,不是很值得一去的地方，没有啥内容,/Date(1636551795000+0800)/,0
220368985,没几个人去过吧，不过还挺好玩的。,/Date(1630677155000+0800)/,0
324833475,感觉还可以，这里等秋天的时候再去,/Date(1620282283000+0800)/,0
3141486,一般般的地方，随便看看，很普通,/Date(1636416192000+0800)/,0
6008086,有吃有玩可以停车，适合带孩子去,/Date(1623755452000+0800)/,0
2156086,实在没什么。。。。。。。。。。,/Date(1621605363000+0800)/,0
52172828,风景不错，环境还行，有些特色。,/Date(1618187192000+0800)/,0
179233985,"今年7月祥云小镇刚被北京市商务局列入首批夜京城商圈，这得益于社区里深夜食街，今年5月深夜食街正式开街以来人流可以用爆棚来形容，以前社区的人们要娱乐，会选择进城，但现在很多中心城区的人会特意来祥云小镇消费因为这里变得越来越有趣。
为了吸引更多人来，小镇可以说是处处藏着小心机每周末会推出不同主题的市集还有伴夏音乐季活动也会邀请很多音乐人来小镇演出。",/Date(1565734927000+0800)/,0
20970275,说实话，祥云小镇做到现在很不错，因为，他每到节日休息日的时候都有很多的活动。而且它是以主题活动为主，所以他的很多项目是很吸引小孩子的。,/Date(1491281127000+0800)/,5
31091595,距离机场特别近的购物中心，名牌店很全，吃饭的也基本都有，书店电影院都有,/Date(1607248214000+0800)/,0
31091595,电影院，各种店，超市，吃喝都有，非常方便，地下车库很大，平常日免费,/Date(1602677272000+0800)/,0
77746163,风车节带孩子来玩。适合周末逛街。吃饭 买东西。小孩的游乐场有点贵,/Date(1491836127000+0800)/,10
3624158,离北京不远，望京方向。觉得最好的就是各种餐厅，还有就是儿童游乐设施。这是一个适合全家人周末休闲游的好地方。非常值得推荐！,/Date(1576837346000+0800)/,0
12337743,中粮祥云小镇在望京北二十公里的顺义后沙峪，是中粮祥云国际生活区的组成部分，中粮祥云国际生活区是中粮置地在北京打造的一个大型综合体项目，项目涵盖了高品质的连排别墅、景观大宅及精品别墅等，依托项中央别墅区与北京临空经济核心区两大板块，对生活有追求的消费群体，确认中粮祥云小镇“国际化、高品质、漫生活、情感圈”的核心定位。,/Date(1551610688000+0800)/,1
13347844,比想象要差一截，局促，不如蓝色港湾。商家全，周末停车很紧张，喂鸽子是特色。,/Date(1598147217000+0800)/,1
6995753,哎呀，这活动做的现在中粮祥云小镇做得越来越好了，各种活动，各种造型，很漂亮，而且有的时候他们家的一些做法是很前卫的，我觉得这会这么吸引人气，一家自然会上涨，做的不错,/Date(1534420283000+0800)/,2
36880035,哇噻，没想到还有这么棒的地方！很多大牌店都在这里，而且都很高端。最棒的是南北两个区的美食简直就是不能更多，各种菜系应有尽有，周末总想来这里试一下,/Date(1527392175000+0800)/,3
736935,周末逛街的好地方，饭馆基本都是以家庭聚餐为主打造的，很少有包间，价格也比较亲民。,/Date(1610249836000+0800)/,0
10337792,终于来到了中粮祥云小镇，从后沙峪打车过来起步价吧，一开始还有点儿纠结，也没那么远。北京的小镇差不多都去过了。像是蓝色港湾吧，也像天津的奥特莱斯。这里呢。餐厅还挺多的，大的品牌店也就是优衣库，无印良品吧，也有华联超市，剩下就是孩子们的儿童天地了。会穿插一些集市之类的，或者表演，演出。来一次看看也就够啦,/Date(1570165223000+0800)/,0
736935,像个欧洲小镇的镇中心，吃喝玩乐都有，做的是回头客生意，品质还不错,/Date(1613744330000+0800)/,0
736935,东西中高端 平时人少 周末人多 时不时组织各种活动,/Date(1603280640000+0800)/,0
1438501,"这次是为了追雪而去。

北京西边儿飘零几片雪花，朋友圈里却已经下得白雪皑皑。晚上十点发现势头不对，毅然决然开了车出去找雪。

一路向前，奔东偏北，最后落脚祥云小镇。想着它的各式雕塑小景衬着雪应该别有风味。

晚上11点，几乎没有人，基本没有车，只有几个店招亮着。

雪有，不多，特别冷，冷到拍照手都疼的那种，迅速踩了几脚雪，赶紧回家。",/Date(1549599326000+0800)/,0
83605307,祥云小镇特色美食很多，环境很好，卫生间非常干净，厕纸都是比较好的那种，看一个地方是否真的够档次，我觉得卫生间最能体现了,/Date(1491300762000+0800)/,8
57118180,小环境不错，餐厅也比较多，值得蹓跶,/Date(1527806012000+0800)/,1
84428032,环境优雅很有国外小镇的悠闲感觉，各类风味美食。亦或一杯星巴克品个一下午，夜晚的霓虹闪烁，还会不定期有室外表演。,/Date(1490312070000+0800)/,5
2771231,离家很近，逛街，亲子，看电影，美食集一体的商业区，非常棒,/Date(1491581370000+0800)/,6
77137599,挺大的一个休闲广场，品牌齐全……,/Date(1570058213000+0800)/,1
112147589,住在后沙裕必须打call的地方，吃喝玩乐一应俱全，设计运营很用心，虽然价格不便宜但有很多有趣的活动，去逛一逛也挺好的。孩子在这里报名了不少课程，很喜欢。,/Date(1557018233000+0800)/,1
86665218,中粮集团的吗？是个小镇？看起来很朴实地感觉！,/Date(1656601142000+0800)/,0
24457964,中粮祥云小镇位于顺义区裕华街，在餐饮、零售、娱乐及儿童教育方面与其他的商业项目有着独特的差别，形成一种新的国际化生活方式。,/Date(1567307065000+0800)/,0
54049205,感觉到了国外，繁华中带着优雅，,/Date(1508959699000+0800)/,6
14540756,很不错，来这边溜达溜达，有吃有喝，经常有不同主题的景观。,/Date(1503190934000+0800)/,3
2738726,分为南北两个区，南区购物类多一些，北区餐饮类多一些,/Date(1507086168000+0800)/,3
83811192,商品挺齐全的，价格也不贵，有点一小镇的感觉,/Date(1492426722000+0800)/,3
100088186,挺好的，吃饭，逛街，看电影，里面都有，环境也还不错，离机场挺近的，也不堵车，挺方便的！,/Date(1571067076000+0800)/,0
7306251,什么小镇？就是一个大杂院，没有什么特点,/Date(1629378060000+0800)/,2
52398574,商品齐全，价格合理，很好，适合遛娃,/Date(1516527669000+0800)/,2
,这个小镇刚刚我去了一下，也不知道是不是因为我没有买东西，我们都不知道有没有时间限制你们的产品可以入手了，谢谢！,/Date(1618616536000+0800)/,1
3141486,很一般的地方，一般般，偶尔去玩玩也好的,/Date(1625190063000+0800)/,0
168160965,很不错的地方，带孩子来很好也很方便！,/Date(1570254388000+0800)/,0
211325007,还是挺不错的，很好，还会经常来,/Date(1556073329000+0800)/,0
320192054,互联网小镇，风景独特，交通快捷便利，吃喝住行游玩一站式服务，适宜养老游玩购物儿童寓教于乐等！,/Date(1629622720000+0800)/,0
75741134,真心很乱，停车费劲，杂乱无章，去过一次，卖的东西也就那么回事,/Date(1554634951000+0800)/,0
1941888,没有传说那么好，卖东西的少，孩子玩的还行,/Date(1551599444000+0800)/,0
33330183,就是交通不太方便，品牌也不是特别全，人不多,/Date(1504221155000+0800)/,2
36182007,氛围不错，餐饮齐全，规模不大，休闲好去处。,/Date(1563521537000+0800)/,0
