24862153,太学门是国子监教学区的大门，门内是建于乾隆年间的琉璃牌坊，琉璃牌坊是最高等级的牌坊，北京一共有十座，两侧有钟鼓楼和御碑亭，牌坊后是主建筑避雍，教学院有东西六堂和两厅，是国子监监生上课和管理机构，以前曾作为首都图书馆使用。国子监是元明清三代的国家最高学府，值得参观游览。,/Date(1670602161000+0800)/,15
217487102,元大德十年（1306年），北京国子监始建，初称为北平郡学，截止2017年已有711年的历史，是元、明、清三代的国家最高学府及教育行政管理机构。,/Date(1674871487000+0800)/,0
85473124,国子监（Imperial College），位于北京市东城区国子监街（明、清时称成贤街）15号，与孔庙相邻，始建于元至元二十四年（1287年）。明朝时期行使双京制，在南京和北京分别都设有国子监，北京国子监又称为“北监”或“北雍”。,/Date(1680190822000+0800)/,0
34541317,"当时还是夏天 特别闷热的一个时间 下了半天雨 下午雨停了 天气意外凉爽 我穿着拖拉板出来溜溜食
那时候叶子是真绿 没有太阳 下雨也不闷 知了也不怎么叫 国子监街上大家都平和 拍拍照 摆摆pose 行人也好 住户也罢 都很自洽
当时博物馆也还开着 要预约 下次一定要去看看",/Date(1666792934000+0800)/,1
1726151,红黄绿色非常好看，一直引领着我们的道路。,/Date(1678978068000+0800)/,0
225728483,清幽美好的神圣之地，风水好，环境好，很值得跑步散步,/Date(1677831032000+0800)/,0
65498569,中国明清时期的国家教育最高学府,/Date(1679898670000+0800)/,0
45856505,师傅讲解的非常好 太棒了 来这里一定要听讲解 不然自己就是看看 听了讲解才能知道里面的历史,/Date(1675217379000+0800)/,0
2156086,过了十五，这里还是挤挤挨挨……,/Date(1675928067000+0800)/,2
184095064,导游特别认真，专业，手动点赞👍,/Date(1675748823000+0800)/,0
63297056,不错，黄老师知识渊博，认真负责,/Date(1676863499000+0800)/,0
262175518,郭老师讲得很详细，国子监又非常好玩，值得来！郭老师讲解非常细致，态度也非常nice，学到了好多知识，特别是带孩子来非常棒！绝对值得！！！,/Date(1664784071000+0800)/,0
109639963,特别好，让我和孩子了解了孔子以及国子监的由来和相关历史！推荐,/Date(1661656551000+0800)/,0
35546121,原本就是一条非常普通的胡同，现在因为里面的建筑火了。,/Date(1670575884000+0800)/,0
1514505,国子监位于北京市东城区国子监街（明、清时称成贤街）15号，与孔庙相邻。明朝时期行使双京制，在南京和北京分别都设有国子监，北京国子监又称为“北监”或“北雍”。国子监是中国是元、明、清三代国家设立的最高学府（太学）和管理教育的行政机构，是中国唯一保存完整的古代最高学府校址，整体建筑坐北朝南，为三进院落，中轴线上依次排列着集贤门、太学门、琉璃牌坊、辟雍殿、彝伦堂、敬一亭。国子监也是北京城里赏秋的好去处，金黄的银杏叶在红墙黄瓦的衬托下，特别美！,/Date(1647785974000+0800)/,1
35546121,原来只是一条有点古建筑的街道，现在成了文化景点。,/Date(1666451172000+0800)/,0
106263909,环境很考究，看出来有精心设计过，让人眼前一亮,/Date(1666596762000+0800)/,0
1117346,这里需要预约，参观游客比较多。,/Date(1661908414000+0800)/,0
35660853,郭老师讲解的很细致，很有意思的。有很丰富的历史知识。,/Date(1661499855000+0800)/,0
8186173,郭讲解员很耐心，讲解很详细周到，赞👍,/Date(1664769869000+0800)/,2
9302125,离雍和宫和五道营很近，很有名的历史建筑，秋天景色很棒。,/Date(1667490048000+0800)/,0
450749,北京的国子监街在北京东城区，历史上很有名的，曾经是最高学府，是知名的文化街区。2010年东城区把国子监街立为文化街区，是很多学子们慕名而来的地方。在建党100周年前夕，国子监街举办了纪念活动。,/Date(1624021430000+0800)/,3
60833162,郭老师讲解详细生动，孩子收货了许多知识。非常棒！,/Date(1662883485000+0800)/,0
196837749,国子监是元明清三代国家设立的最高学府和教育行政管理机构，又称“太学”“国学”。它始建于元代至元二十四年(公元1287年)，明代永乐，正统年间曾大规模修葺和扩建，清乾隆四十八年又增建“辟雍”一组皇家建筑，形成现在的规制。,/Date(1658415516000+0800)/,0
276959164,"中国古代最高学府和教育管理机构。晋武帝司马炎始设国子学，至隋炀帝时，改为国子监。唐、宋时期，国子监作为国家教育管理机构，统辖其下设的国子学、太学、四门学等，各学皆立博士，设祭酒一人负责管理。
元代初设国子监，属集贤院，下辖国子学，设置祭酒、司业，掌管教令；监丞，专领监务。",/Date(1651164156000+0800)/,0
23911340,"国子监是中国古代最高学府和教育管理机构。晋武帝司马炎始设国子学，至隋炀帝时，改为国子监。唐、宋时期，国子监作为国家教育管理机构，统辖其下设的国子学、太学、四门学等，各学皆立博士，设祭酒一人负责管理。
元代初设国子监，属集贤院，下辖国子学，设置祭酒、司业，掌管教令；监丞，专领监务。",/Date(1647267295000+0800)/,0
4354249,讲解的特别好，学到很多知识,/Date(1664855978000+0800)/,0
350257541,导游挺细心的，环境也不错,/Date(1661656283000+0800)/,0
25752113,郭导很棒，涨姿势了！,/Date(1664941999000+0800)/,0
5285012,"国子监(guó zǐ jiàn)，中国古代最高学府和教育管理机构。晋武帝司马炎始设国子学，至隋炀帝时，改为国子监。唐、宋时期，国子监作为国家教育管理机构，统辖其下设的国子学、太学、四门学等，各学皆立博士，设祭酒一人负责管理。元代初设国子监，属集贤院，下辖国子学，设置祭酒、司业，掌管教令；监丞，专领监务。此外，另设蒙古国子学、回回国子学，亦称国子监，以示与汉人、南人之区别。明清两代，国子监兼有国家教育管理机构和最高学府的双重性质。明代国子监规模宏大，分南、北两监，各设在南京与北京。南监建于明太祖洪武十五年（1382年），规模尤盛。明成祖永乐元年（1403年），在北京设国子监置祭酒、司业、监丞、典簿各一员。清沿袭明制，国子监总管全国各类官学（宗学等除外），设置管理监事大臣一员；祭酒满、汉各一员；司业满、蒙、汉各一员。另外还设监丞、博士、典簿、典籍等学官。[1]
古代在国子监读书的学生称为“监生”。国子监不仅接纳全国各族学生，还接待外国留学生，为培养国内各民族人才，促进中外文化交流，曾起到积极的作用。",/Date(1615177695000+0800)/,1
76148452,带着孩子去了孔庙和国子监。听着团队专业老师的讲解。孩子很喜欢，这种传统的东西还是适合从小培养,/Date(1650613959000+0800)/,0
1532163,老师非常棒。讲解得很生动形象。很客观。不讲野史，很中肯。大小朋友都听得津津有味。老师人也很好。给我们喷防蚊液。很关心大家。说了足足2个小时45分钟。很感谢老师。辛苦了,/Date(1660839411000+0800)/,0
1726151,暑假有很多的学生都会到国子监来，图一个好的彩头，这是遥想当年的高考圣殿。目前皇城内，只有留下来这么一座座零星的旧时建筑。,/Date(1660471344000+0800)/,1
1652716,"国子监街孔庙门前的下马碑了，这处下马碑紧贴着墙边。
它主要立在各地的孔庙前，要求至此文官下轿、武官下马，一律改为步行。以此体现对圣贤、先王的恭敬，也体现了古代祭祀礼仪的隆重和庄严。",/Date(1642513544000+0800)/,0
897521,"国子监是旧社会的大学，这里曾经是中国最高学府，所以这里是很多文人崇拜的地方。
至今保存的跟多文物都是中国教育基地，皇帝对这里夜很重视。",/Date(1485346234000+0800)/,10
80807569,孔庙，元、明、清时敬拜孔子的地方，这里有三朝的进士题名碑，很壮观。国子监，曾经的国家最高学府，知识和文化的重心之处。因为时间有限，只能匆匆游览一番，等下次有机会再来细看吧。要吐槽一下这里的免费讲解，内容从满了各种野史和没头没脑的规矩、讲究，要是孔子在天有眼，非被他们气的七窍生烟不可。,/Date(1486905755000+0800)/,28
173515375,今天刚去过，目前都是扫二维码买票了，票价30。因为去的比较晚，还有半小时就闭园了。大概看了看。,/Date(1638964265000+0800)/,3
92904852,国子监有几个时间段免费讲解，7.14那天下午，错过13:30的免费讲解，就等到14:00的那一批，幸得多等半小时，才遇到了一位超级认真，滔滔不绝，饱含激情的讲解员，忘了问他贵姓，但是他“绝顶聪明”😄。我家小朋友两个小时一路跟随，一路互动，最后还回答了讲解老师问题“何为君子“，得到了老师的夸奖。推荐国子监孔庙之旅👍,/Date(1626513218000+0800)/,1
255493831,北京城区的秋游还是有很多地方可以去的，没想到渐渐人多的时候疫情就会回来，担心会不会进一步发展，希望可以快速平息吧，孩子大人都需要活动空间。,/Date(1634898486000+0800)/,0
4572617,"国子监又称“太学”、“国学”,是元、明、清三代国家设立的最高学府和教育行政机构。创建于元至元24年(1287年)。明代曾大规模修葺和扩建。乾隆48年(1783年)曾建“辟雍”，形成现在的规制。",/Date(1628250855000+0800)/,1
36595844,"国子监是元明清三代的最高学府，里面环境优美，丁香花尤其有名。当时还有一首诗赞送花：清 · 周清源《太学白丁香诗》
翠霭轻笼靓素妆，枝头点点缀寒光。
月明有水皆为影，风静无尘别递香。
一自宫墙容弱质，漫随桃李斗浓芳。
独怜淡冶当春暮，应许栽培向玉堂。",/Date(1622270979000+0800)/,0
45130769,国子监在北京的成贤街，和孔庙挨着，离雍和宫也很近，可以一并游览。这次去游览是陪着几个客人去的，还是第一次去，十分新鲜，感觉很好。,/Date(1487261389000+0800)/,8
256172005,今天晚上回哈尔滨，上午就带孩子来孔庙国子监来看看，希望孔圣人能保佑我女儿还有她的哥哥姐姐弟弟妹妹们都，金榜题名，状元及第！,/Date(1659502766000+0800)/,0
284717563,谢老师讲解非常棒，这次旅行最棒的导游，小孩子不要错过，博学，讲解全面，推荐,/Date(1659670797000+0800)/,0
4337453,导游态度很好，加上解说很细致，带着图册，图文并茂非常好，明白了历史和意义。阳光暖暖的照着，我50岁和一10岁小女孩坐孔庙树下，听着导游娓娓道明，感觉极好。,/Date(1638718098000+0800)/,0
14345814,去北京的名胜古迹建议还是找一个好讲解做向导，比自己只看那些名胜古迹却不知道其中的故事要好得多！北京的名胜古迹实在是太多了，希望以后慢慢的把北京的名胜古迹都看一看，听一听这些古迹的故事！景色不错，总体超赞，,/Date(1620194132000+0800)/,1
292598258,国子监是元、明、清三代管理教育的最高行政机构和最高学府。北京国子监街东口，游客在“成贤街”的大牌楼下站定，以灰砖灰瓦的古朴街巷为背景拍照。,/Date(1621901853000+0800)/,0
355538779,朱老师的讲解详细且有趣味 涵盖的内容非常丰富 个人体验非常好 学习到了很多新知识受益匪浅 感谢！,/Date(1655947901000+0800)/,0
20543013,本来想去故宫看初雪的，但是故宫的门票没有抢到，可是初雪的美丽不能错过呀[调皮]国子监虽然不大，但是初雪覆盖之下也美的发光🌈这里的红墙绿瓦，殿堂楼阁，都仿佛在诉说着古代学子的艰辛努力；站在孔夫子的雕像前，不禁感慨万千，这才称的上是年轻人的楷模，而非现在的潮流偶像🍑每年都感受不到秋天的浓烈，银杏还未来得及拍照留念，暴雪就随着冬天一起来了听说初雪许愿都会实现，所以我贪心的许了好多个愿望[糖果]要提前一天预约哦[呲牙],/Date(1637047389000+0800)/,0
285148097,导游相当认真、卖力，提前一天电话联系，当天早上又再确认，整个讲解一直持续到中午十二点多才结束，中间不带停的，讲的也很深动，讲完也不要求好评，相比***上的强多了，必须好评！,/Date(1627708557000+0800)/,1
76198261,游人很少，安静。古代的最高学府之处，立有明清两朝科举中榜文人名册碑，很好！！！,/Date(1650170435000+0800)/,0
28842742,国子监，中国古代最高学府和教育管理机构。晋武帝司马炎始设国子学，至隋炀帝时，改为国子监。唐、宋时期，国子监作为国家教育管理机构，统辖其下设的国子学、太学、四门学等，各学皆立博士，设祭酒一人负责管理。,/Date(1623794872000+0800)/,0
21217447,"☘️读书人的终极梦想之地——国子监，被安排为北京之行首站。

☘️国子监位于北京市东城区国子监街15号，一条静谧的小道上，蓝底金字的牌坊格外显眼，郁郁葱葱的树木衬托浓浓的文化气息。

☘️提到国子监就不得不提到科举制度，科举制度就是通过公开考试，公平竞争，择优录取，来选拔官员的制度。它创立于隋唐，终结于清末，在历史长河中，实行了1300年之久，在世界范围产生了划时代的影响。

☘️国子监，是唐至清时期国家设立的最高学府和教育行政管理机构，又称“太学”或“国学”，是中国唯一一座古代中央公办大学建筑。

☘️元大德十年（1306年），北京国子监始建，截止2019年已有713年的历史，是元、明、清三代的国家最高学府及教育行政管理机构，亦是中国唯一保存完整的古代最高学府。

☘️整体建筑坐北朝南，中轴线上依次排列着集贤门、太学门、琉璃牌坊、辟雍殿、彝伦堂、敬一亭。

☘️琉璃牌坊，位于二门内辟雍殿前，是北京唯一一座专为教育设立的琉璃牌坊。牌坊正中，正背两面有醒目“圜桥教泽”、“学海节观”，均系乾隆皇帝御书。

☘️辟雍殿是中国现存唯一的古代“学堂”，是古代皇帝临雍讲学的场所。辟雍殿矗立在国子监的中心位置，平面呈正方形，覆黄琉璃瓦。四面辟门，四周环以回廊和水池，池周为汉白玉雕护拦。池水四壁有喷水龙头，池上架有四周石桥，通向辟雍四门，构成周代“辟雍泮水”之制，以喻天地方圆，传流教化之意。

☘️国子监见证了科举制度的产生、发展和消亡。国子监和科举制度所蕴含的价值与精神对于中国乃至全世界都是一种巨大的文化财富。

☘️在国子监中停留了很久，望着一草一木脑补百年前的景象，感受馥郁的文化底蕴。",/Date(1595068821000+0800)/,1
241391984,郭老师很棒！心细周到，讲解清楚，表达有声有色生动逼真。,/Date(1659067247000+0800)/,0
26549414,不错的好地方，地方不是很大，但是名气很大，值得一去！,/Date(1658933784000+0800)/,0
392704182,这里环境景色宜人是人们旅游度假娱乐度假娱乐度假好地方,/Date(1653879145000+0800)/,0
164555309,超级棒啦 今天是郭导游进行的讲解 超级详细 也很耐心 为我们解答问题 了解了很多知识 超级开心,/Date(1661227030000+0800)/,0
390583,非常好的地方，历史悠久，学子们必去的地方。,/Date(1652712726000+0800)/,0
1117346,这里的环境不错，学习的地方，学生比较多。,/Date(1656140051000+0800)/,0
97629383,性价比高，景色不错，有趣好玩，总体超赞，,/Date(1621067273000+0800)/,0
17619286,"【景色】可以
【趣味】可以
【性价比】可以",/Date(1654407645000+0800)/,0
14186853,郭导的讲解格外专业，受益很多！点赞！,/Date(1661227002000+0800)/,0
267383581,庞导讲的很详细，很生动，互动活跃。,/Date(1656475851000+0800)/,0
1117346,现在需要预约，国子监文化气息浓厚。,/Date(1650782878000+0800)/,0
1117346,距离雍和宫非常近，交通比较方便。,/Date(1653547809000+0800)/,0
16105760,位于市中心，地理位置好，附近有公交车站和地铁站，交通十分便利，附近配套设施齐全，古色古香的，韵味十足，还十分幽静，是个寻古的好地方。,/Date(1621595964000+0800)/,1
230652317,"【景色】
【趣味】
【性价比】不错",/Date(1661262704000+0800)/,0
175221095,助教老师非常详细。温柔又漂亮,/Date(1660967800000+0800)/,0
31514189,在雍和宫的西边有一座古代国字号学府，国子监是中国古代隋朝以后的中央官学，为中国古代教育体系中的最高学府，又称国子学或国子寺。北宋庆历三年（公元1043年），范仲淹参政“庆历新政”，应天府书院升为南京（今商）国子监学，与东京（今开封）、西京（今洛阳）的国子监并列为北宋最高学府。 明朝时期行使双京制，在南京和北京分别都设有国子监，设在南京的国子监被称为“南监”或“南雍”，而设在北京的国子监则被称为“北监”或“北雍”，这是皇城里皇家的学府。,/Date(1589314356000+0800)/,1
28106459,毕竟是古代清华北大的地方，两侧的梧桐树非常茂密，夏天应该是个纳凉的好去处，沿街也有不少买冷饮老北京酸奶的地方，都很安静，没有商业化氛围很浓的叫卖声，国子监和孔庙就在一起。,/Date(1590033206000+0800)/,0
201917401,差评 大家不用在携程买票，这就是个坑，官方根本就不承认。微信公众号预约，到现场直接买票就行，30一张票。,/Date(1678681724000+0800)/,1
220550372,国子监为三进院落，中轴两侧的建筑对称整齐，明代为青琉璃瓦顶，清乾隆年间改为黄色琉璃瓦。国子监的教学科目是礼、乐、律、射、御、书、数等。,/Date(1589635879000+0800)/,3
6508139,国子监，古代的高等学府，学术研究之地，有时间可以在这里浏览一下，了解一下当时的历史情况。,/Date(1641952144000+0800)/,1
89426134,非常值得一去的地方，里面讲述了元明清的科举制度制度，园区整体规模形制完整，建筑群落宏伟，保存完好，每天几场免费的导游自愿者讲解！,/Date(1602884809000+0800)/,1
19874155,非常好，导游讲的很仔细，很耐心，补充了很多古建筑的内容，物超所值。,/Date(1624682417000+0800)/,0
241375978,不错的体验，知道古代最高学府的作用，以及科考的逸闻趣事，文物，摄像，知道古代学子考试的全部过程，值得一游！,/Date(1622370080000+0800)/,0
35965642,国子监景色不错，中国古代最高学府和教育管理机构，有特色的建筑，了解了很多历史文化知识，令人惊叹不已，耳目一新的感觉，趣味性强。,/Date(1597278283000+0800)/,1
93668287,价格高 不合适 不好玩,/Date(1676477325000+0800)/,0
344537006,认真负责 讲解非常好,/Date(1658634382000+0800)/,0
78233139,【景色】这个地方第一次来呢，还是比较特别的样子呀，不错的啦啦啦啦啦还是蛮好的哦,/Date(1618154723000+0800)/,1
1301414,国子监孔庙两个景点相通，30元票价。北京市总工会发行的京卡，使用，可以免费参观。园区静谧，幽静。,/Date(1622762947000+0800)/,0
255493831,老北京往往可以在闲暇时逛逛一些不是那么大众化的地方，比如国子监。虽然周围的故宫景山天安门北海都是热闹非凡，但国子监总能给人一份宁静。,/Date(1606146199000+0800)/,0
211275706,讲解耐心，有趣，知识含量高！,/Date(1656737815000+0800)/,1
15701344,刚来北京入眼第一条街，新鲜呀，觉得还行，周边还有几条胡同，可我怎么没感觉有网友说得那么有意思呢；去了孔子庙，走马观花看琉璃瓦看雕刻看古树，半小时搞定了，门票30，还行呀,/Date(1448856449000+0800)/,11
31955072,地址：北京市东城区国子监街13号。交通方便，有多条公交线路，108，124，特11，均可到达。疫情后国子监已开始接待游客了。,/Date(1591683052000+0800)/,0
413306364,讲解非常棒，知识丰富，通俗易懂，讲解风趣。,/Date(1659585165000+0800)/,0
267300380,非常适合大家过来参观 很有历史研究价值？,/Date(1650687345000+0800)/,0
254903411,【景色】这里看起来还是很有特色的一个地方哦，也是蛮有意思的呢，还是不错的样子呀,/Date(1617978334000+0800)/,0
250794144,"【景色】壮观美丽
【趣味】有历史有故事",/Date(1631662485000+0800)/,2
149635559,讲解很用心，很详细，增添了很多知识,/Date(1658201952000+0800)/,0
27355728,老师讲解非常详细 认真 学到很多知识,/Date(1659671114000+0800)/,0
231894443,国子监景色宜人，建筑风格保存完好，值得大家去关注。,/Date(1635893753000+0800)/,1
393811021,知识渊博，老师讲解的非常好！,/Date(1657769762000+0800)/,0
329615240,导游知识渊博，收获很多。,/Date(1657785754000+0800)/,0
370735513,讲解过程生动有趣，非常棒,/Date(1657104384000+0800)/,0
250794144,"【景色】古老胡同美景
【趣味】古时学术最高机构
【性价比】30元值得",/Date(1641086764000+0800)/,0
249449291,这里位居老北京城的东北角，是历史留给现代人的极为有价值的胡同片区之一。尤其是夏日，绿树成荫，舒适恬静。在这里老北京的素美表现的淋漓尽致。尤其，临街而居的雍和宫、孔庙和国子监都在这里。,/Date(1587708146000+0800)/,0
839726,每年八，九月份的开笔里，也特别有教育意义，孩子们都应该去。,/Date(1637501400000+0800)/,0
6508139,国子监，来这里了解一下历史当中的国家高等学府是什么样子的。,/Date(1632712439000+0800)/,0
95853898,国子监，慕名而来，想感受一下那些久远的年代、过去的味道……,/Date(1620344816000+0800)/,0
116713105,国子监位于北京市东城区国子监街，与孔庙相邻，始建于元代。它是中国是元、明、清三代国家设立的最高学府（太学），占地面积超过27000平方米。,/Date(1616712751000+0800)/,0
1834839,教育部，考试院。。。都是古代的单位啦,/Date(1635493406000+0800)/,1
192376924,明清时期的最高学府，又称太学。,/Date(1617044953000+0800)/,1
3381055,和孔庙在一起 是学生祈福的好地方,/Date(1615843747000+0800)/,1
28842742,整条街比较安静，有些老树有历史的沧桑的感觉。挺好,/Date(1634944709000+0800)/,0
839726,每年暑假来看的孩子非常多。还有很多穿汉服的。,/Date(1628210633000+0800)/,0
113131001,一条很有历史的街区，太庙国子监就在这条街上,/Date(1645141941000+0800)/,0
14198301,很不错的地方，很喜欢的一条街，适合参观学习,/Date(1644058018000+0800)/,0
181745126,"就在家边上不错，
【性价比】
【趣味】
【景色】",/Date(1622729552000+0800)/,0
25907217,"初夏专程赏古树，国子监里的古槐大多种植于元代，距今已七百多年。

著名的有“复苏槐”，植于元代，在彝伦堂西侧。相传在明末此槐已死，但到清乾隆十六年的初夏，枝干上忽又萌发新芽成叶，枯而复荣。国子监的师生们发现后，纷纷传颂，当时正值乾隆生母慈宁太后六十寿辰，人们认为是吉祥的征兆，所以又得名“吉祥槐”。

还有一株“罗锅槐”，在辟雍殿西的圆水池旁。它的主干呈罗锅状，上部向南倾斜，枝干北侧的罗锅部位还有很像被用利器砍过的疤痕，传说是乾隆命人砍掉一大枝的原故。辟雍殿是皇帝讲学的地方，由大学士兼国子监事务的刘墉主持修建。这“罗锅槐”的由来传说与刘墉有关。",/Date(1494292075000+0800)/,16
25122401,国子监紧邻北京孔庙，整体是一个景点，门票也是一起的，成人30元。国子监为元明清三代国家最高学府兼国家教育管理机关。皇帝讲学场所&amp;quot;辟雍&amp;quot;堪称中国古代木结构经典建筑，乾隆石经洋洋大观，汇聚十三经儒家经典，称得上文化遗产保护大手笔。院内琉璃牌坊也值得一观。,/Date(1481252921000+0800)/,19
7520881,国子监是中国古代隋朝以后的中央官学，为中国古代教育体系中的最高学府，又称国子学或国子寺。这是一个富有历史文化遗产，这里有中国的文化底蕴。一路转到了国子监，国子监和孔庙一起同为老北京历史文化类旅游景点。国子监至今已有700年历史，是元明清三代的国家最高学府及教育行政管理机构。门票30元，有半价票，里面还有义务讲解和免费的礼乐演出观看，比较值得，印象最深的就是皇帝讲学之处-辟雍和那几座宏伟瑰丽的牌楼和牌坊，古树也多。国子监最多1小时就能转完，而我们转了二个小时。,/Date(1474639472000+0800)/,22
4719704,"国子监——明、清朝最高学府，也称“太学”；国子监与隔壁的孔庙统一售票。上次来北京没有来参拜雍和宫，国子监，孔庙；这次特别安排了半天游览，深刻地感受：中华文化的底蕴深厚。值得一游。北京地铁2,5号线雍和宫站可到达。",/Date(1447660562000+0800)/,16
1834839,来看看原来的教育部和教授们的办公地点吧,/Date(1625101488000+0800)/,0
53265137,"【景色】不错，
【趣味】很强，值得去尝试",/Date(1624927506000+0800)/,0
207716453,元、明、清三朝国家设立的最高学府和教育行政管理机构，现在的国子监内部清静优雅，置身其中，似乎还可感受到古代的治学内涵。,/Date(1623839037000+0800)/,0
61612021,这里值得去，下次我们还会再去的。。,/Date(1637800424000+0800)/,0
116032136,一走进来就很喜欢 绿树成荫，美丽至极,/Date(1630409491000+0800)/,0
202024882,这个东东太好了，下次还会去的！！！,/Date(1626926859000+0800)/,0
1834839,这里相当于以前的教育部和考试院啊,/Date(1645083071000+0800)/,0
89426134,景区不大，知识点不少，自由行可玩,/Date(1644972272000+0800)/,0
116032136,超级值得来看看爸很喜欢这里的感觉,/Date(1638717580000+0800)/,0
116032136,这个必须来看看啊 太赞啦！不虚此行,/Date(1614697034000+0800)/,0
31992463,国子监的界碑，从这里文官下轿武官下马。国子监离雍和宫很近。雍和宫原来是雍正皇帝的家，据说乾隆皇帝也是在这里出生的。对于国子监，印象最深的是没有门槛。,/Date(1589645041000+0800)/,0
12742111,走进国子监，了解中国元明清时期的科举制度，这个博物馆🈶特色,/Date(1603754682000+0800)/,0
220550372,国子监，很熟悉但却并不是很了解，来到这里我知道了，天子门生的意义，来到这里，我知道了知识改变命运。来到国子监，努力学习，,/Date(1584364686000+0800)/,1
12337743,北京国子监坐落在北京东城区安定门内国子监街（原名成贤街）15号，与孔庙和雍和宫相邻。是全国重点文物保护单位，国家2A级景区，国子监街两侧槐荫夹道，大街东西两端和国子监大门两侧牌楼彩绘，是北京仅存的建有四座牌坊的古建街。,/Date(1503929177000+0800)/,9
34541317,今天出门挑战天气的节奏😂真的是冷到不愿意拿出手机拍照的那种😂ps琉璃牌坊太好看了，要不是已被冻透，我能站着看一小时[呲牙],/Date(1610344454000+0800)/,0
27998361,"北京国子监始建于元成宗大德十年（1306年），是中国元、明、清三代国家管理教育的最高行政机关和国家设立的最高学府。北京国子监坐落于安定门内国子监街上，与国子监一墙之隔的东侧是孔庙。

明朝时期行使双京制，在南京和北京分别都设有国子监，设在南京的国子监被称为“南监”或“南雍”，而设在北京的国子监则被称为“北监”或“北雍”。",/Date(1559971673000+0800)/,8
270796159,导游非常非常好，讲解仔细认真，下次有需要还会继续回购的,/Date(1632738520000+0800)/,1
36595844,北京国子监始建于元朝的1287年，是元、明、清三代国家的最高学府，也是管理教育的行政机构。当时是按左庙右学的规制修建（面向南方分左右），左边是孔庙，右边是国子监。,/Date(1587381998000+0800)/,1
1704883,导游讲得深入浅出，既有严肃的历史又有有趣的逸闻趣事，娃很喜欢,/Date(1644061651000+0800)/,0
28842742,国子监是元、明、清三代国家设立的最高学府和教育行政管理机构，又称“太学”“国学”。 古代在国子监读书的学生称为“监生”。国子监不仅接纳全国各族学生，还接待外国留学生，为培养国内各民族人才，促进中外文化交流，曾起到积极的作用,/Date(1602809186000+0800)/,1
314844440,古代优秀学子读书求学的地方，是传统文化延续的一个载体！。,/Date(1631449403000+0800)/,0
34896966,讲解非常详细，有很好的互动，总体超赞，值得推荐。      ,/Date(1620005310000+0800)/,0
186247143,对历史考试文化感兴趣的可以一观，建筑内容也很精美。,/Date(1645677372000+0800)/,0
5534829,讲解非常到位，很生动有趣，不无聊，孩子们非常喜欢听,/Date(1626858023000+0800)/,0
1104524,居住北京多年，第一次去，收获多多。千万别开车去。,/Date(1625385130000+0800)/,0
7169922,以前太子读书的地方，广大学子应该来转一转,/Date(1644767621000+0800)/,0
293105354,付导游讲解的非常有意思，超级棒总体超赞，,/Date(1621428044000+0800)/,0
25466528,"国子监和孔庙相邻，门票就是连着一起的。早上到的时间正好刚开门，打算闲逛国子监再逛对面的雍和宫。两个景点很近，一个上午可以一并游览完。
刚开门所以人不多，里面还有义务讲解。听听讲解了解古代历史还是很有意思的。
国子监——中央最高学府。对教育还是很有意义的地方。建筑风格、每个地方都很有讲究。还有古代的科举制度。",/Date(1496920976000+0800)/,6
4597745,位于北京市东城区国子监街，紧邻孔庙，合为一个景区。国子监又称太学，是明清最高的学府机构，内部布局雍容大气，特别是辟雍大殿，为皇帝讲学之处，非常值得参观。国子监两侧的展厅也非常有特色，将中国历史上的科举文化详细地展现给游客，很有特色。,/Date(1475309330000+0800)/,10
61304551,1987年9月7日我游览完雍和宫后又来到了国子监参观游览。国子监是国家4A级景区，位于北京市东城区安定门内国子监街13号。国子监是中国隋朝以后的国家最高学府和行政管理机构，北京国子监始建于元朝大德十年（公元1306年），距今已近700年了。可参观游览的建筑景点有御碑亭、钟鼓楼、集贤门、太学门、琉璃牌坊、彝伦堂、敬一亭等。,/Date(1473295339000+0800)/,12
9174623,太学也就是国子监，是元明清三代国家最高的教育机构和行政管理机构，国子监里出来的，直接就做官了，所以古代学子寒窗苦读，能进国子监深造是他们的终极梦想。听说现在每逢高考暑假期间，很多家长会带孩子来孔庙国子监走一回，希望回去后能金榜题名。,/Date(1449108271000+0800)/,8
157427951,非常非常好，专业敬业的导游，推荐,/Date(1640750463000+0800)/,0
1857854,讲解员介绍相当详细，而且生动，赞,/Date(1627200003000+0800)/,0
51641082,"家长们听的很好
孩子们趣味差一点",/Date(1630151210000+0800)/,0
83842010,讲解很好，五星推荐，孔庙国子监,/Date(1628930381000+0800)/,0
167058147,性价比高，有趣好玩，总体超赞，,/Date(1621072593000+0800)/,0
254556304,导游讲解很认真，收获很大！,/Date(1643875412000+0800)/,0
194194468,非常详细，热情，体验感很好,/Date(1626524473000+0800)/,0
382172344,不听讲解还真什么都看不懂,/Date(1644033820000+0800)/,0
84691537,“国子监”，位于北京东城区国子监街（距雍和宫很近），是元、明、清三代国家设立的最高学府和教育行政管理机构，又称“太学”，里面的琉璃牌楼，建成于乾隆四十九年（1784年），是一座专门为教育设立的牌楼，上面的横额也都是乾隆皇帝的御笔，还有著名的乾隆十三经石刻，都是到北京，不可错过的地方，,/Date(1552098761000+0800)/,4
762164,"国子监规模大，环境好，游客少。当下春风拂面，池水荡漾。一串串深浅紫色的紫藤花攀爬在古树上，为古建筑增添了高雅矜持。国子监里参天大树，成片草坪，没有大红大紫的花卉，祥和又不失威严，很适合父母带着孩童前来感受中华文明。
北京孔庙和国子监博物馆一票通用，成人30元，老年人和学生有优惠。去国子监坐地铁2号或5号线到雍和宫站，出C口，步行穿过成贤街牌楼很快就到了。参观北京孔庙和国子监博物馆加上雍和宫三个景点需要一整天。成贤街很有特色，除了看看古香古色的民居，逛逛传统文化小店，也有很小资的咖啡店可以做下来休息。",/Date(1460986861000+0800)/,8
76693187,没做好攻略，周一闭馆了，就骑着单车逛了逛。建筑古色古香，那个国子监中学应该很漂亮啊。五道营胡同，雍和宫就在附近，走走路或者骑个单车就可以逛了。,/Date(1482733196000+0800)/,18
31955072,"庙前有琉璃壁及下马碑，进门东西有碑亭、神厨、神库等，题刻历代进士5万多名。有元、明、清三代的进士题名碑198块，为研究中国古代科举制度的重要文献资料。
这里需要强调的是元代建筑，截止今年2019，从1302年到如今已经是717年的历史。",/Date(1557065599000+0800)/,3
10655010,曾经的北京孔庙和国子监作为元明清三代皇家祭孔的重要场所，以及最高学府和教育行政管理机构，曾经担负着如同现代北大、清华、中央党校以及教育部等的文化教育职能。1901年传统的书院被改为学堂(如京师大学堂)，而后1905年，读经被废止，延续了1300多年的科举制度也被废除。孔庙和国子监的教育和行政职能也趋于式微，孔子、儒学教育全面弱化。,/Date(1522592637000+0800)/,3
63257610,国子监位于北京市东城区安定门内国子监街（原名成贤街），街两侧古槐夹道，与孔庙和雍和宫相邻，2004年孔庙和国子监博物馆开馆，体现古代“左庙右学”的规制，是我国元、明、清三代国家管理教育的最高行政机构和国家设立的最高学府，又称“太学”“国学”。国子监始建于元代至元24年（公元1287年），明代永乐，正统年间曾大规模修葺和扩建，清乾隆48年又增建“辟雍”一组皇家建筑，形成现在的规制。“戊戌变法”时，兴建学堂，废除科举，国子监学停办。辟雍是国子监的中心建筑，是北京“六大宫殿”之一，辟雍古制曰“天子之学”，是我国现存唯一的古代“学堂”，是皇帝临雍讲学的场所，其建筑风格独特，为重檐黄琉璃瓦攒尖顶的方型殿宇，外圆内方，环以园池碧水，四座石桥能达辟雍四门，构成“辟雍泮水”之制，以喻天地方圆，传流教化之意，殿内为窿彩绘天花顶，设置龙椅、龙屏等皇家器具，以供皇帝“临雍”讲学之用。古代在国子监读书的学生称为“监生”。国子监整体建筑坐北朝南，为三进院落，中轴线上依次排列着集贤门（大门）、太学门（二门）、琉璃牌坊（正背两面横额刻有“圜桥教泽”、“学海节观”，均系乾隆皇帝御书）、辟雍殿、彝伦堂、敬一亭，前院东侧有敬持门与孔庙相通，孔庙又名“先师庙”，是皇家祭孔之地，有三进院落，建筑依次为先师门、大成门、大成殿、崇圣祠，两侧排列着198通元、明、清三代进士题名碑。国子监主体建筑经历700多年依然保存完好，是唯一保存完整的古代最高学府校址。国子监以其悠久的历史，独特的建筑风貌，深厚的文化内涵而闻名于世。,/Date(1505109250000+0800)/,3
2300388,这在古代就是最高学府啦，很多读书人都想去，如果家里有学生娃倒是很推荐这个景点，听听导游的讲解，体验一下历史文化。秋来了，这里的银杏真漂亮。,/Date(1603018568000+0800)/,0
59983775,地方不大，但值得去慢慢品味！琉璃牌坊的確大氣、有韻味！而且去的當天看到學生們穿著以前的學生袍，體驗、學習我們傳統文化，很特別！,/Date(1470341439000+0800)/,6
732445,国子监地处北京市中心，雍和宫附近店铺多，烧香祈福的人也很多，临近的国子监却是一个非常安静的所在，人不多，有种宁静肃穆的感觉,/Date(1593377986000+0800)/,0
48671846,"【景色】很有意思的老胡同，周边都是热闹的小店面，游客很多，周边都是京味儿的店铺，有吃有喝又有玩，值得打卡
【趣味】很有意思",/Date(1584069064000+0800)/,0
47210202,北京国子监始建于元成宗大德十年（1306年），是中国元、明、清三代国家管理教育的最高行政机关和国家设立的最高学府。北京国子监坐落于安定门内国子监街上，与国子监一墙之隔的东侧是孔庙。家有学生的推荐一下！,/Date(1521892778000+0800)/,2
8744694,从孔庙出来，走西门，直接到了国子监，这是以前学生学习的最高学府，最漂亮的建筑应该就是辟雍了，环形水系围绕着辟雍，仿佛还能感受到当年皇帝亲临时的威严。导游讲解的琉璃牌楼鲤鱼跳龙门的故事，引来很多小朋友在那里蹦蹦跳跳。,/Date(1505054280000+0800)/,2
25263268,北京國子監及孔廟，是舊時社會最高的教育機構，裡面有其他孔廟所沒有的最重要的建築，天子講學的辟庸，整體建築格局嚴整，體現了舊時封建社會的等級區分，目前已經改建成博物館，入園參觀，除欣賞精美的建築外，還可欣賞龍鳳鳳舞的碑刻。,/Date(1492613635000+0800)/,2
15038699,国子监靠近雍和宫，是我国古代最高教育和管理机构。位于成贤街，街道上有块下马石，提示所有的人，包括官员到处必须跳下马鞍，无论官职身份，以示对学问的尊重。有太学、孔庙、进士碑林。据说现在每逢高考，前来祭拜圣贤孔子的家长和孩子络绎不绝，祈求圣贤降运！,/Date(1481265797000+0800)/,6
38636149,国子监是中国古代隋朝以后的中央官学，为中国古代教育体系中的最高学府，又称国子学或国子寺。在元、明、清三代，还是国家管理教育的最高行政机构和最高学府，太学是中国古代的大学，国子监与太学可互称。太学与现代的大学相比，相差的不仅仅是那一点！,/Date(1476863731000+0800)/,2
34982711,如果在北京有半天的时间，这里是值得一看的地方，旁边就是孔庙，一票通用。特别是可以带着小孩可以去拜一拜先圣，里面有很多小学生穿汉服，读国学，行大礼⋯,/Date(1503133157000+0800)/,4
1123201,很好，很值得去，在北二环安定门桥往南走五分钟后，往东走就是国子监胡同，约五分钟后到门口买票进入，成人30一张。进出口都只要一个，先进入的是孔庙，之后西边就是国子监，有小朋友开笔礼在这里。,/Date(1469201850000+0800)/,2
39465692,国子学或国子监，是在中国古代封建社会的教育管理机关和最高学府，其具备了两种功能，一是国家管理机关的功能，二是国家最高学府的功能。国子学的设立相对于“太学”而言，除了是国家传授经义的最高学府外，更多的承担了国家教育管理的职能；但同时，国子监与太学也可互称，经常用太学来指代国子监。,/Date(1578817760000+0800)/,1
20830896,国子监网上票竟然50多，现场买成人30元，青少年免费，不用排队，人不算多，里面不算大半天足够了，讲听里偶尔有讲解的可以听听，孔庙那讲解的到后面就是，，，你懂的，不想单独花钱的自己看，总体很好，网上也有免费的讲解简单讲的比较，出地铁口没多远，尤其学生值得一去，下午5:展厅就关了，外面还可以参观，自己安排好时间,/Date(1563404443000+0800)/,5
31955072,"位于北京安定门南的国子监是中国古代的最高学府，如果和国外比就是“美国的哈佛”，如果和现代比就是清华和北大，所以，在国子监参观，一步一个脚印，一抬头就有几个用现代思维“不搭嘎”的词语写出的“皇帝的题词”，看了半天，不仅仅有不认识的字，而且对其中的意思也是“丈二和尚摸不着头脑”，除了这里,还有北海和颐和园，都有这一类的题词，让所有“非专业文人”不知所以然……特别是国子监，既然是最高学府，写出来的字就更加不易懂了，这也很正常，要不，怎么能是“最高学府”呢？",/Date(1545092371000+0800)/,1
48722389,古代中国的最高学府，里面有免费的讲解，跟着大部队听着讲解至少不用走马观花了，听着讲解了解了很多历史典故，讲解员其中的一句话印象很深刻：（对于里面的习俗）你可以不信，但你不能不敬。,/Date(1492320177000+0800)/,2
763846,国子监，清朝时期的大学，走进大门，两旁树立着碑文，刻纂着历代的状元。园内游人不多很清静，有模仿当初学生上课的场景。辟雍大殿，曾经是皇帝讲学的地方。雍容华贵，屋顶雕龙画凤非常精美。,/Date(1491980246000+0800)/,2
32590051,在国子监辟雍的后面有一座，叫作状元桥，每当科举结束，被皇帝钦点的状元，要走过这座桥，接受皇帝册封。辟雍后面过桥后有个桑伦堂，在辟雍建成前，这里皇帝讲课的地方，后变成藏书楼。,/Date(1494492105000+0800)/,2
112462802,北京有个国子监，这里是明清时期的国家教育机构！保存了大量的明清宫殿建筑，历史文物等！来这里参观，了解古代国子监的文化非常有意义！,/Date(1582035609000+0800)/,0
4829184,非常喜欢的景点 就在雍和宫旁边 和孔庙在一起 联票30元 左庙右学的建筑格局 门口琉璃牌楼非常壮观 正面“圜桥教泽” 背面“学海节观” 均为乾隆皇帝御笔 彰显皇帝崇文重教 里面的辟雍大殿是皇帝讲学的地方 旁边有古代科举制度的图片展示 还有小抄 走后门的典故 很有意思,/Date(1542423533000+0800)/,0
31955072,北京孔庙与国子监交界处的乾隆十三经 关裕年 在孔庙大殿的西北方向，有一条小路可以通往隔壁的国子监，但是，就是这么一条小路有着一条通往国子监的石碑路，这条路的两旁就是著名的乾隆十三经。 国子监内有十三经刻石碑共190座，原置放于东西六堂，县位于国子监与孔庙的夹道之内。石碑上所刻的十三经包括：《周易》、《尚书》、《诗经》、《周礼》、〈仪礼〉〈礼记〉、〈春秋左传〉、〈春秋公羊传〉、〈春秋谷梁传〉、〈论语〉、〈孝经〉、〈孟子〉、〈尔雅〉，共63万余字。经书由蒋衡花费十二年的时间书写而成。乾隆皇帝命和珅为主刘墉为副安排考订蒋衡所书的经书并动工刻石。这部十三经刻石成于乾隆年间，故又被称为“乾隆石经”,/Date(1540955277000+0800)/,0
90645554,与孔庙是一起的，没有时间不看也无所谓，我们是没有体力逛颐和园了，所以看看这里。建筑风格大同小异，没有什么特别的地方，有棵柏树能辨忠奸，其他没有什么了。深度游时间充裕也可以看看，从这里可以走到南锣鼓巷。,/Date(1510878468000+0800)/,4
12337743,国子监是中国隋代以后的中央官学，为中国古代教育体系中的最高学府，又称国子学或国子寺。同时作为当时国家教育的主管机构，隶属礼部。国子监具有一定程度的监国功能，可以弹劾官员和国政，尽管这功能自宋朝以后已不甚明显，明朝时期行使双京制，在南京、北京分别都设有国子监，南京的国子监被称为“南监”或“南雍”，北京的国子监被称为“北监”或“北雍”。,/Date(1493870593000+0800)/,4
5688054,"北京国子监坐落在北京东城区安定门内国子监街（原名成贤街）15号，与孔庙和雍和宫相邻。
作为古代中央大学，占地面积为2万7千多平米，是全国重点文物保护单位，国家2A级景区，国子监街两侧槐荫夹道，大街东西两端和国子监大门两侧牌楼彩绘，是北京仅存的建有四座牌坊的古建街。",/Date(1477300585000+0800)/,2
143362,很不错的亲子游玩地点，可以带孩子了解古代的历史和文化，附近还有雍和宫和五道营,/Date(1592188481000+0800)/,0
105745586,门票30元成人可支持微信支付宝啦！国子监和孔子庙已经连接一起啦，门票已包两个景点，有免费导游讲解的，可以欣赏一些古代碑文和孔子学院派以及学风！挺有意义的啦,/Date(1507138725000+0800)/,2
59079335,国子监就在雍和宫马路对面，很多要高考的学子都在这里祈福，古色古香的地方，,/Date(1611796258000+0800)/,0
37441669,国子监和孔庙就在一起，与雍和宫就隔了一条街。除了美轮美奂的主建筑，长廊的陈列馆也颇值得玩味，増智博闻，相当有趣。等到夏天，还想来观赏苍森的古树呢！,/Date(1517648813000+0800)/,2
113867965,三点多到的，结果还是太迟了，那个乾隆石经关门了好可惜。还有礼乐表演要早点来，才有的看。没有导游的可以现在入口大门那里看看他放的视频讲解再去逛。,/Date(1503293405000+0800)/,2
34156837,住在这附近，非常非常开心。这里有漂亮的花店，里面零零落落的搭配得恰到好处。每个位置都有些小小的惊喜，非常非常喜欢这个地方，总能发现无意中的惊喜,/Date(1487501941000+0800)/,2
55059585,之前陪一个英国小朋友去的。其实是做了陪同翻译。我们找学长推荐的一个石阵，找了老半天找不到。最终要走的时候，不经意间看到了。也没有很起眼嘛。但是英国小朋友对这里挺感兴趣的。毕竟这里代表了孔子的文化。去朝圣一下挺不错的。,/Date(1531488470000+0800)/,1
22027095,北京孔庙与国子监－－北京国子监始建于元朝大德十年，是我国元、明、清三代国家管理教育的最高行政机关和国家设立的最高学府。与孔庙和雍和宫相邻。国子监街两侧槐荫夹道，大街东西两端和国子监大门两侧牌楼彩绘，是北京仅存的建有四座牌坊的古建街。国子监整体建筑坐北朝南，中轴线上分布着集贤门、太学门、琉璃牌坊、辟雍、彝伦堂、敬一亭。东西两侧有四厅六堂，构成传统的对称格局。明朝由于首都北迁，在北京、南京分别都设有国子监，而设在北京的国子监则被称为“北监”或“北雍”,/Date(1513722289000+0800)/,3
97256414,个人很喜欢，国子监和北京孔庙是一个整体的景区，门票30可以把两个地方都要过来，很多小朋友，学生来玩，不过孩子们估计也不懂什么，文化底蕴浓厚，另有一些关于科举制度科举考试的展馆,/Date(1566061712000+0800)/,0
10675197,这个地方很不错的。大殿四面环水，碑林整整一大排，这些都是以前不曾见的,/Date(1449845748000+0800)/,3
255713466,我家旁边儿，有空儿就去吧，不过已经没啥了。,/Date(1588897088000+0800)/,0
4958094,蓝蓝的天，大大的☀，微风拂面，骑行在国子监，与历史对话，心也是沉静的，遇到状态最美气色最佳的自己，一定要加油，生活更精彩。,/Date(1512462798000+0800)/,2
1529681,国子监街，是北京雍和宫附近的一条街，因孔庙和国子监在此而得名，国子监街是北京仅存有牌楼的街道。说是一共有四座，东西街口各一座，额题“成贤街”，国子监附近左右各一座，额题“国子监”，不过，我只看到两座，“成贤街、国子监”各一座，另胡同中还有著名的“北京的孔庙和国子监博物馆”。,/Date(1566530657000+0800)/,2
167953434,位于北京东城区国子监15号，是明清两代国家教育行政管理部门和最高学府，相当于当代北京的清华北大，学府氛围隆厚，沉浸安详的在孔庙旁边，可以过来熏陶下中国古代教育。,/Date(1559407427000+0800)/,0
19997422,.洋溢着文化历史的魅力古街，秋季最美！,/Date(1610487769000+0800)/,0
34022235,古色古香的一条街，古代科举考试的地方！,/Date(1591656528000+0800)/,0
499460,历史文化的沉淀，儒家文化的最佳代表,/Date(1609054666000+0800)/,0
1623217,北京很著名的古建筑，可以去打卡看看,/Date(1599733838000+0800)/,0
3337888,如果不是高考热，这里几乎没人看了。所以现在成了学生的祈福地方。喜欢历史的一定要来看看，尤其是文庙里面的几座碑亭，基本上都是康熙和乾隆时期，平定叛乱或者开疆拓土，建立武功之后建造的，气势极为宏伟。,/Date(1501944101000+0800)/,2
10348303,非常不错的景点，一会儿就去逛一下,/Date(1614301765000+0800)/,0
3381055,值得去值得去 环境好 知识多 有底蕴,/Date(1607357636000+0800)/,0
1044668,曾经中国最高学府，辟雍很漂亮。,/Date(1585277809000+0800)/,0
53316128,与孔庙联票，在孔庙的西边，人不是很多，有故迹，门口有大屏幕讲解，可以先看一下，也可以跟着讲解听一下，有意外收获。地方不大，基本一个小时可以完成。,/Date(1538897594000+0800)/,0
39318749,国子监是唐至清时期国家设立的最高学府和教育行政管理机构，又称“太学”或“国学”。古代在国子监读书的学生称为“监生”。国子监不仅接纳全国各族学生，还接待外国留学生，为培养国内各民族人才，促进中外文化交流，曾起到积极的作用。,/Date(1566178946000+0800)/,1
4811460,国子监是元、明、清三代国家设立的最高学府和教育行政管理机构，又称“太学”或“国学”。古代在国子监读书的学生称为“监生”。,/Date(1542804894000+0800)/,1
30601777,这是元朝开始就是最高学府，风景优雅，清静，是读书的好地方,/Date(1451743252000+0800)/,0
100772164,孔庙和国子监博物馆门票30元，环境很好，孔庙还定时有小演出，国子监里的讲堂很好，和国家大剧院一样四周环水，很有意思。还有很多进士碑。,/Date(1526014430000+0800)/,0
418444,清明节来的，超级堵车。建议大家来这里不要开车。地铁雍和宫站就在附近。成贤街是一条老胡同，国子监、孔庙都在里面。游客不少。建筑古香古色，能了解到很多教育方面的历史知识。,/Date(1459838586000+0800)/,8
172663722,不错，奔着领略古代皇家教学机构而去的。以前只能电视上看到，当一切场景呈现在自己眼前，手能触及到那一砖一瓦时的感觉真的很奇妙。,/Date(1525429299000+0800)/,0
4572617,国子监是中国古代的最高学府。这个绳愆(qian)厅原来是训导和惩戒违规师生的行政管理机构。看看现在的学生，学校批评一下都受不了，老师也不敢管。这样他们怎么能健康地进入社会？值得深思！,/Date(1572255280000+0800)/,1
55059585,是夏天去的。8月份的时候去的，貌似我每次来国子监都是在8月份。正值秋高气爽之际，没有特别热，除了太阳有点烈。但是因为国子监里有水，有大树，还是有一些蚊子，被咬了几个包。国子监的大门和建筑最有特色了，不单单是红色，有一抹特别的绿色。很美，像景泰蓝一样。,/Date(1539044029000+0800)/,0
56234958,"去的很早，基本上可以安安静静的参观，只可惜每个带团的导游都是别着扩音器，一个空间里如果同时有两个以上的旅行团，就完全没有了“幽静”，其实每个旅行团人数都不太多，自然声音完全可以，建议可不可以限制一下麦克的使用？
环境，景致，历史沉淀……完全给好评！邻水辟雍，随处可见的石碑和碑亭，著名的乾隆十三经……非常值得静静的细看，在这里可以放松一周的喧嚣",/Date(1527474040000+0800)/,0
59364272,"成贤街，它的官方名字叫“国子监路”。大概是因为国子监而得名。这是北京仅存的惟一一条仍保持着清代北京古老街巷风情的老街。
虽然与雍和宫仅百米之遥，但这里显得太过宁静，暗合了许多人闹市中寻觅清净的调调。",/Date(1579443970000+0800)/,0
88140094,国子监和孔庙现在为一处公园，票价30元，在网上购票比较方便，当场买票排队也慢，但是网上购票没有票根，所以想要留纪念的朋友还是要现场购票。,/Date(1493527579000+0800)/,3
4592641,北京的国子监仿佛包含了许多意义，除了作为国子监这个要职以外，还有孔庙在侧，所以对游客来说，进入孔庙国子监，有许多不容错过的要点。,/Date(1543807135000+0800)/,1
32458613,明清两朝的高等学府和国家教育衙门、行使最高教育权力、国子监内的辟雍大殿、是国内唯一一坐专供皇帝讲学使用的宫殿。从国子监的产生发展看、中国历代是重视文化教育和文化传承、是讲究文礼之邦的国家。,/Date(1445999248000+0800)/,2
112462802,历史悠久的国子监，是明清时代的教育机构，为国家历史文物，过来参观，看看古建筑群，欣赏文物，感受明清时代教育的风采，收获满满！,/Date(1558082767000+0800)/,1
36136033,国子监孔庙是相连的（与雍和宫只相隔一条马路）售票处在孔庙大门边，购票后进入孔庙，在碑亭旁的“持敬门”进入国子监游玩。国子监孔庙游1小时，有免费讲解，导游讲的不错，怎么拜孔子，去摸哪里，结束时会建议你买东西什么的，这时候你可以悄悄走开哦！,/Date(1463130016000+0800)/,5
43953233,国子监街有两大特点，既有孔庙又有国子监，都是全国重点文物保护单位！我们去的时候，太阳火辣辣的，顶着太阳去的，但也不乏参观的激动之情。,/Date(1565143090000+0800)/,2
2424166,黄叶落，落满阶前路。非常适合秋天过来。门前的银杏，很浓的秋色。慢慢逛，两小时。古时的最高学府，感受一下。距离五道营胡同很近，一起逛了,/Date(1498547759000+0800)/,2
166283303,国子监是元、明、清三代国家设立的最高学府和教育行政管理机构，又称“太学”“国学”。古代在国子监读书的学生称为“监生”。可以去看看！,/Date(1523864240000+0800)/,2
1171183,几年前唯一的大学，唯一的！绝对的学霸聚集地。好地方，游人很多，这个季节。有下马柱，说明古代还是很重视这个的。推荐可以去看看，不错。,/Date(1509023325000+0800)/,2
89901949,中国文化之传承之地，与孔老夫子庙一起，受到国人的追捧，今天见到了许多小学穿上汉服配饰古装，在此接受国学的礼仪培训，仪式还是形式？,/Date(1523627924000+0800)/,2
4592641,国子监和孔庙现在是同一个景区，票价全票30元，提前在携程预订在靠西的门凭验证码入园，不用排队，比现场购票要快，但是没有票根留念。,/Date(1493526016000+0800)/,2
97219517,学习了解中国古代科举制度的重要地点，辟雍殿是以前皇帝讲学的地方，高大庄严，值得参观。,/Date(1503397946000+0800)/,0
17163028,值得一看哦。了解古代大学，了解古代教育体制。辟雍的精致是北京城很多建筑无法媲美的。,/Date(1568542281000+0800)/,0
214640,雍和宫对面的国子监，全国重点文物保护单位，这里是以前考试的地方，这里周边建设的非常不错，古意浓浓，走走逛逛看看这里的历史。,/Date(1512945032000+0800)/,2
52864074,国子监是元、明、清三代国家设立的最高学府和教育行政管理机构，又称“太学”“国学”。,/Date(1495527367000+0800)/,0
1786853,从雍和宫向北走几分钟就可以看到，也可以从安定门内向东走。先看到国子监牌楼，十分醒目，再往东一些有一座文官下轿武官下马碑石。,/Date(1477737139000+0800)/,2
4830428,在雍和宫边上的国子监街道上，座地铁或公交到雍和宫下，过去都很方便。我是周末去参观的，去的时候人还不多。国子监是元、明、清三代国家设立的最高学府和教育行政管理机构，整体建筑坐北朝南，中轴线上依次排列着集贤门(大门)、太学门(二门)、琉璃牌坊、辟雍殿、彝伦堂、敬一亭。整个孔庙和国子监不算大，走马观花的话1-2个小时可以逛完，细细看的话半天还是不大够。国子监的泮宫以前是学生读书的地方，现在是展览馆。我仔细看了看历代科举的展览，感觉还是非常长知识的。,/Date(1504611217000+0800)/,2
45149161,国子监是中国古代隋朝以后的中央官学，为中国古代教育体系中的最高学府，又称国子学或国子寺。国子监是在中国古代封建社会的教育管理机制和最高学府。其具备两种功能，一是国家管理机构的功劳，二是国家最高学府的功能。国子监建筑坐北朝南，中轴线依次为集贤门，太玄门，玻璃牌坊，敬一亭。门票价格为三十元。,/Date(1481122088000+0800)/,2
1404370,与孔庙和雍和宫相邻。 国子监街两侧槐荫夹道，大街东西两端和国子监大门两侧牌楼彩绘，是北京仅存的建有四座牌坊的古建街。 国子监整体建筑坐北朝南，中轴线上分布着集贤门、太学门、琉璃牌坊、辟雍、彝伦堂、敬一亭。东西两侧有四厅六堂，构成传统的对称格局。,/Date(1478342332000+0800)/,2
57314666,亲子游首选，人还不是很多，要是能赶上祭孔大典就更完美了!,/Date(1519022203000+0800)/,1
26792922,孔庙汉服吟诵写字感恩献花看戏参观...#国子监一日游&amp;amp;母亲节快乐#,/Date(1494758108000+0800)/,2
97221766,国子监是唐至清时期设立的最高学府和教育行政管理机构，又名太学或则国学。国子监不仅有全国各族学生，还接待外国留学生。这个建筑很宏伟，气势非凡，非常不错的。,/Date(1579110311000+0800)/,0
19997422,很有特色的街道，文化气息浓厚！,/Date(1614552885000+0800)/,0
44505512,北京国子监位于北京市东城区国子监街上，在孔庙和雍和宫附近，是中国古代的最高学府，明清两代的很多著名官员都曾在此就学，国子监祭酒也出过像高拱这样的名人。,/Date(1507379982000+0800)/,2
1176667,明清两代的教育最高管理机构，也是当时国家设立的唯一最高学府。游人不是很多，可以和孔庙一起参考，所到之处尽显文化气息，家里有孩子的可以带着来了解一下。,/Date(1499635989000+0800)/,2
4572617,彝伦堂在元代称为崇文閣，是学校藏书的地方。明永乐年间重建，改称彝伦堂。壁雍没建之前，皇帝均在此讲学。匾额上“彝伦堂”三个字，就是康熙皇帝亲笔所书。,/Date(1572700129000+0800)/,0
4592641,古代在国子监读书的学生称为“监生”。古代的国子监不仅接纳全国各族学生，还接待外国留学生，为培养国内各民族人才，促进中外文化交流，曾起到积极的作用。,/Date(1547643463000+0800)/,0
180052999,携程即时订票刷身份证入园，不用取票，方便快捷，以前皇子读书的地方环境还不错，有些地方不对外开放，但也能看到桌椅及文房四宝陈设，还是值得去看一下。,/Date(1529552939000+0800)/,0
1700808,雍和宫出来走几分钟就到国子监街了，国子监博物馆和孔庙都在这里，而且两个景点是紧挨着的相连的，要从孔庙进去的，30元一人联票。,/Date(1446123690000+0800)/,3
197204041,北京国子监！2张中国红祝大家新年红红火火，一张国子监祝大家都能高中项目论文！！还是老家有年味儿，烟花随便放，马灯到处看。,/Date(1549382647000+0800)/,1
4592641,古代在国子监读书的学生称为“监生”。国子监不仅接纳全国各族学生，还接待外国留学生，为培养国内各民族人才，促进中外文化交流，曾起到积极的作用。,/Date(1524921123000+0800)/,0
16848308,作为那时的最高学府，带孩子来见识一下，很不错。尤其看到监生们的课程表，跟孩子说，他们竟然没有休息的日子，可见要学有所成，得付出多少努力！,/Date(1530939519000+0800)/,0
31276615,散散步，从方家胡同走过来看看，门票30成人价，学生票15,/Date(1468899534000+0800)/,2
31955072,孔庙和国子监位于北京市东城区安定门内国子监街，乘坐108路，124路，特11路即可到达。两组建筑群采用中国传统式建筑方式沿中轴路而建，,/Date(1488559449000+0800)/,4
915712,非常值得去，与曲阜很像，柏树成林，很粗了。看了。在国子监参观孔庙后更有感悟了，孔子一生都在以德志国，到68岁鲁国国王让他回去做官，他拒绝了。因为这个是行不通的。最终就是靠战争统一，你死我活。他一生经历告诉我们靠德不能统一天下。他还是做教育强国。,/Date(1559970592000+0800)/,0
55059585,前两年的时候来过这个地方，没想到这次又来了，不一样的心境，不一样的记忆，心中还是牵挂着自己的将来，但是目前来说什么都不去，想先去放松吧。这次安排了有导游，我就省事多了，就在一旁静静的听着。上次还去了博物馆。,/Date(1534643216000+0800)/,0
63885609,感觉没啥好玩的，不过走一走还是不错的，挺有感觉的一条街，有些小店可以逛逛。有老北京的书香之气！,/Date(1555680943000+0800)/,1
90049440,值得一去有孔子的像，乾隆十三经，,/Date(1541379789000+0800)/,0
23220036,就是一条很普通的小街，里面有孔庙，去的时候人比较少，反而有种学府的样子,/Date(1452305477000+0800)/,2
4448986,是为考学的孩子祈福的地方，是古时的最高学府，带孩子来是不错的选择。有是皇帝讲学的地方有日晷。琉璃牌坊比较辉煌，怎样迈过琉璃牌坊有许多故事和讲究。,/Date(1482682083000+0800)/,2
36633459,是古代的青年才俊读书的地方，这还是高级学府呢，没点背景、本事进不来的！想想这里是古代学霸读书的地方就想沾点仙气好让我考试通过啊哈哈哈哈哈～,/Date(1445225275000+0800)/,0
1297681,走进一个小胡同，右边就是国子监。迎面是一座九龙壁，还有博物馆，大殿，乾隆心得石碑，文艺表演。,/Date(1563886582000+0800)/,0
34972569,携程买票便宜方便！非常值得一去的地方！幸遇学生成人礼！遗憾的是因装修又一次没能看到礼乐表演！,/Date(1526136230000+0800)/,0
5676499,如图所示，旅游团太多，比较嘈杂，这地方还是安静些好,/Date(1538487145000+0800)/,0
4592641,国子监和孔庙是同一个入口，这条胡同现在还保留着老北京的风貌，向东出去就是雍和宫，所以是旅游胜地，人来人往热闹非凡，推荐大家去看看,/Date(1489212034000+0800)/,0
25003110,北京的国子监应该来看看，毕竟是位于首都的孔庙。这里有碑林，很多清朝时代的碑。它所在的巷子，叫做“成贤街”，进去走走就成贤人啦。,/Date(1488123813000+0800)/,2
45149161,国子监紧邻雍和宫和孔庙。北京乘坐地铁2号线，5号线雍和宫站下车，南行260米就能看见国子监。门票30元。进入园中非常有氛围。,/Date(1480079696000+0800)/,2
36218441,国子监是元朝之后学子求学的最高学府，也是监管教育的机构，不是一般人可以进去的地方，现在的游客不少，占了大部分是学生，建筑宏伟壮观，红墙青砖，保存得比较完好，主要建筑依次是集贤门、太学门、琉璃牌坊等。在这里以看到古代的科举制度，还原了当时的学习情景，里面收藏了当时的教育书籍，用具，比较有文化底蕴，反正可孔庙是使用联票的，可以两个地方一起看。,/Date(1573568505000+0800)/,0
28063795,文庙，国子监，古代最高学府，是需要来膜拜一下。非常不错，特别看到那么多碑，记载了那么多名字，那么多考生。历史年轮苍苍，多少人走了，什么也没有留下。面对自然，我们是什么，我们又是谁？,/Date(1528512109000+0800)/,1
3294421,国子监是中国古代最高学府，是古代读书人毕生所追求的地方。给我印象最深的就是看到很多古代著名的文人都是经过层层选拔考试走进了政治的中心，不仅有明朝的奸臣严嵩，还有民族英雄袁崇焕。还有清代的纳兰性德、刘墉、纪晓岚。,/Date(1525436491000+0800)/,0
,国子监是元、明、清三代国家设立的最高学府和教育行政管理机构，有着700多年悠久历史，保存着较好的旧京街巷的风貌。小小胡同，槐荫夹道，牌楼矗立，圣庙为伴，气质古朴低调，国子监整体建筑坐北朝南，为三进院落，占地面积二万七千多平方米。国子监主体建筑经历700多年依然保存完好，是唯一保存完整的古代最高学府校址，国子监以其悠久的历史，独特的建筑风貌，深厚的文化内涵而闻名于世。,/Date(1509938378000+0800)/,0
114750402,国子监建于元代大德十年(1306)，与东邻的孔庙同时兴建，此符合古代&amp;quot;左庙右学&amp;quot;的建筑规制。国子监以&amp;quot;辟雍&amp;quot;为中心，中轴布局，三进院落，占地2万多平方米。其建筑富丽，教学用房众多，古木苍翠，环境幽雅。,/Date(1502980955000+0800)/,0
41955403,监应该读做（jian一声），如词语监狱，监听等等，都发一声，可是咱北京的国子监中的监确发四声。其实，国子监之所以发四声，是因为古代宫名式官府名如果涉及到“监”字，都统一读四声，如我们熟悉的太监，钦天监等等。国子监作为中国古代教育体系中最高学府，所以应当读作四声。,/Date(1478655544000+0800)/,0
5868049,乘兴而来败兴而归。作为从上海来北京旅游的一名普通旅客，慕名而来，且因为没有预约而不能参观。陪同家人80岁以上的人一起，门口的工作人员，太不地道。没有一点人性化的，一个个跟木头似的。有损北京的形象。,/Date(1633329436000+0800)/,2
1524105,在安定门内国子监文化一条街，国子监是我国清明两代最高学府和教育管机构，里面有展厅，介绍国子监的历史演变，科举制度的历史演变，图文，实物并举，可增长不少知识。,/Date(1479173142000+0800)/,2
242021150,可以全面地了解中国古代的科举制度。,/Date(1585793994000+0800)/,0
1783028,国子监这个名字其实挺好听的，它起源于元代，是那时候最高学府，明朝和清朝也一样。不光有国内的学生，还有国外国的留学生。所以这个地方的文化底蕴还是挺深厚的。,/Date(1542165454000+0800)/,0
1783028,这个地方不大，但在北京的中心位置，那时候可是文人倍出的地方。周围一带的古迹建筑很多，国子监实际与山东的孔庙类似，中国几大孔庙之一。,/Date(1576565241000+0800)/,1
672460,门票30，有人免费讲解，讲解的不错，有历史有文化，但是也要小心。,/Date(1445933452000+0800)/,0
82467875,国子监是国家4A级景区，位于北京市东城区安定门内国子监街13号。国子监是中国隋朝以后的国家最高学府和行政管理机构，北京国子监始建于元朝大德十年（公元1306年），距今已近700年了。,/Date(1513391077000+0800)/,0
97909785,带小孩去感受一下，认真玩需要两小时，如果走一圈，20分钟就看完了。假期很多学校都组织学生过来参观学习，我们是自己过来的，也一样可以听里面讲解。,/Date(1501574429000+0800)/,0
57633736,古代人的最高学府。值得一去。体现了古代人的聪明智慧。,/Date(1485765412000+0800)/,0
35446243,刚来北京入眼第一条街，新鲜呀，觉得还行，周边还有几条胡同，可我怎么没感觉有网友说得那么有意思呢；去了孔子庙，走马观花看琉璃瓦看雕刻看古树，半小时搞定了，门票30，还行呀,/Date(1448859937000+0800)/,0
5979984,国子监和孔庙两隔壁，可一起买票参观。作为清代最高学府之所在，有历代进士碑林，科举历史等陈列。有意思的是，国子监办了个幼儿学国学的班，一打听，暑期整个北京招生个位数！,/Date(1502022024000+0800)/,0
33581890,明清两朝的教育机构，皇帝上课的地方也在此，殿前挂着辟雍二字。都是些古建筑，值得一游。,/Date(1447771876000+0800)/,0
19764492,交通比较方便吧，景色不错，古色古香的可以转转,/Date(1445478120000+0800)/,2
27877832,国子监，在明朝和清朝的时候，绝对称得上，是莘莘学子们心中的朝圣之地，这里环境清幽，悠悠岁月如歌，安详又有些神秘的感觉在里。,/Date(1573735908000+0800)/,0
36595844,国子监，建于元朝，是元、明、清三代的最高学府和教育行政管理机构。孔庙是皇帝祭拜孔子的地方。孔子双手交叉，意为还恭候、恭迎。,/Date(1568189150000+0800)/,0
1438501,旁边的街果然是萧条了。以往可是堵车重灾区。,/Date(1531042312000+0800)/,0
51381310,"【国子监】全票30元，学生证半价，门票包含了国子监和孔庙景点。个人觉得这个景点值得逛的地方不多，而且景点很大，逛起来很费力。北京像这样的牌坊已经不多了，看到了贤成街拐进去就是国子监和孔庙景区了~
国子监景区和孔庙景区是相通的，建议从国子监进入后先逛右边，再依次向左逛。整个景区看点不多，1~2小时可以搞定~~",/Date(1455966602000+0800)/,2
88474874,北京国子监是元、明、清三代的最高学府，也是当时朝廷掌管国学政令的最高官署。据《周礼&amp;#183;师　氏》：《以三德教国子》的伦理观，我国很早就有国家办学的传统。,/Date(1502930668000+0800)/,0
4592641,门口买票排队的人很多，想了想离开在携程下单买门票，简直省了太多时间！赞！,/Date(1524413389000+0800)/,0
25696350,国子监是明清时期的最高学府，又称“太学”，是很多文人士子梦寐以求的地方，虽然现在看起来比较有年代了，但是代表历史发展的文化底蕴却越加深厚。,/Date(1450324241000+0800)/,0
2384039,周一四点前赶到国子监，想去一览以前读书人考试的地方，结果吃了闭门羹。同志们：重要的事情说三遍—————周一闭馆！周一闭馆！周一闭馆！,/Date(1453940735000+0800)/,0
92193209,去年11月份去了趟国子监，听说是原来考状元都要来这里考，古香古色的一座院子充满了书香之气。,/Date(1511213135000+0800)/,0
90539966,很棒！里面很大，展品很多，带小孩来看很有意义！,/Date(1525493938000+0800)/,0
18833354,非常非常非常非常非常非常非常非常非常非常非常非常非常非常非常非常非常非常非常非常非常非常非常非常好，下次还来，确实不错不错啊！,/Date(1503501244000+0800)/,0
25063734,国子监靠着雍和宫，在南锣鼓巷北侧尽头，包括孔庙一起付费，这里展示了古代科举文化的历史。,/Date(1447768687000+0800)/,0
32033941,如果不是特别懂的话，可能会觉得这个景点不好玩，可能就半小时就出来了，可以蹭导游听听讲解，距离雍和宫很近，可以去看看，还可以。,/Date(1549697002000+0800)/,0
70576993,国子监和孔庙卖的是联票，看完古代最高学堂，就可以去拜拜孔子呀，有考试之前最好去去呀！,/Date(1498321081000+0800)/,2
57633736,历史悠久。带着孩子值得一玩。可以做成人礼。,/Date(1496987740000+0800)/,0
59761275,来北京好几年都没走过这条街，最近搬家到附近才知道有这么一个小胡同。里面有梵几客厅，之前只是微博关注，这次来实体店看还是很不错的~跟五道营隔几十米，两个胡同其实可以一起逛的~还是很文艺的，相对南锣鼓巷，五道营和国子监真的好很多~,/Date(1568453568000+0800)/,0
6072764,离雍和宫比较近，走过去就可以了。古色古香，非常有历史，这里可以带孩子来上课学习国学，也可以没事儿过来逛逛，感受感受历史。,/Date(1446810259000+0800)/,0
25164780,旅行团特别多 哈哈 春天去的时候满院子花香,/Date(1576157815000+0800)/,0
6512149,网上购票很方便，优惠力度也很大，使用方便。国子监还是建议去看看，详细介绍了中国人才选拔的历史演变过程，很多老外来参观。,/Date(1531319473000+0800)/,0
787380,非常值得一去，还观看了好看的演出,/Date(1493632521000+0800)/,0
83127158,非常不错一条街道，很有味道。看完顺道去钟鼓楼，在小胡同里溜达溜达挺好的。,/Date(1487673928000+0800)/,2
129718,孩子接触国学，认识新朋友，可以是一次不错的礼学之旅，性价比高，推荐！,/Date(1512629862000+0800)/,2
3661557,寒假陪女儿一起去的，感觉很高大上，古代最高学府，对孩子，对我们大人都是一个很好的教育，还是要读书，从古至今！,/Date(1504432229000+0800)/,0
51514545,大成至圣先师，每一个中国人心中的圣人，论语虽已忘的差不多了，但儒家的思想却根植于心中。,/Date(1521101133000+0800)/,1
2871819,携程预订方便、快捷，价格优惠，订得放心用得放心。国子监人文气息浓厚，国学活动很成功，小朋友们受益匪浅。,/Date(1543559953000+0800)/,0
616685,景点位于北京东城区，国家4A级景区，也是明清最好学府。在这里感受一下文化气息，体验学子求学时的惬意。,/Date(1450878822000+0800)/,0
178153517,国子监这个地方还是值得带孩子来逛一逛看一看的。 可惜我们逛的那一天下了雨，不然还能走得更舒服一点。,/Date(1565237883000+0800)/,0
54048185,值得一去，行拜师礼注意点，祈福符一百块一个，不要搞太多。,/Date(1461071575000+0800)/,2
90539966,挺棒的，真的很大，门票来说真的超值了，挺适合带小孩来看看，学习中华民族的传统文化，挺有收获的。,/Date(1538657740000+0800)/,0
4981643,适合带孩子去，感受一下古代时学子们学习的盛况，学习他们努力学习的精神，有着浓浓的文化气息。,/Date(1510059250000+0800)/,0
21980238,雍和宫对面的街上，和孔庙距离50米，周一会闭馆，游览出来后可以坐公交去北海北或南锣鼓巷。,/Date(1453547369000+0800)/,0
40415993,以前才子们京试的地方，即参加国家公务员考试嘛！附近就是雍和宫与地坛公园，可以一同游览。,/Date(1454823006000+0800)/,0
25063734,离雍和宫的距离很近，和孔子太学在一起。北京这附近的老四合院很多，南锣鼓巷向北就能走到。,/Date(1445311037000+0800)/,0
80569141,中国古代的最好学府了，环境幽雅，干净清静，看到历朝历代状元名单，黄河以北的就没几个。,/Date(1523750033000+0800)/,0
3349672,北京保存最好的一条古街，几百年没什么变化，在这可以体验老北京的历史民俗文化风情。,/Date(1498615187000+0800)/,0
52824111,跟孔庙在一起，很多家长带着孩子拜孔子。,/Date(1536559112000+0800)/,0
33238475,******************************************************************************,/Date(1571478380000+0800)/,0
33590597,很好。讲解细致，认真，态度很好。导游也很热情，耐心。前一天晚上就给我们打电话,/Date(1556784310000+0800)/,0
82467875,国子监是旧社会的大学，这里曾经是中国最高学府，所以这里是很多文人崇拜的地方。,/Date(1505092659000+0800)/,0
42929436,多少次从这里经过，却从没进去过，正好作为博物馆通票打卡第一站，还挺有意义。,/Date(1566391645000+0800)/,0
120856150,比较有名的旅游景点，每天来的人挺多的，挺漂亮的，不错。比较有名的古老建筑。,/Date(1515215927000+0800)/,0
25973659,国子监位于雍和宫附近，中外客人可多了，这里的环境也是很好的，风景也很好的。,/Date(1470189626000+0800)/,0
594103,这里是为了也是纪念孔子而开设的庙和纪念馆，最好还是带孩子来参观，古代考场,/Date(1477306260000+0800)/,0
3205265,在这里还能喝上正宗的lily咖啡,/Date(1455711614000+0800)/,0
5688928,算是小众景点吧，事前要做功课，挺有意思，孩子对状元、科举知识很有兴趣。,/Date(1456837159000+0800)/,0
203775,景区管理很好，可以了解我国的科举历史，通过科举制度了解中国的官吏制度,/Date(1535854861000+0800)/,0
16248364,孔子庙！和太子读书的地方！是天下学士都该去的地方,/Date(1478164102000+0800)/,1
103704474,小时候常来，现在变化很大，更漂亮了。环境干净，老北京人常来的地方。,/Date(1574496508000+0800)/,0
26161524,国子监位于北二环内，这里曾经是明，清的最高学府。前来参观的人很多。,/Date(1470639824000+0800)/,0
21940973,去北京玩，国子监还是值得去一下，但最好有讲解，不然也就走马观花。,/Date(1550720211000+0800)/,0
186952358,值得去，鲤鱼跳龙门，学生可以来看一看。建筑也很精美，有历史感。,/Date(1543401783000+0800)/,0
74011233,国子监，明清时期的最高学府，位于北京雍和宫斜对面，可以一并游览,/Date(1532580381000+0800)/,0
22953605,国子监与孔庙是连在一起的，很庄严肃穆的地方，可以静下心来感受，,/Date(1530361382000+0800)/,0
74011233,国子监和孔庙，位于北京西城区，不错的地方，明清时期的著名考场,/Date(1560434360000+0800)/,0
2047505,二十年不来了，今天偶然路过，进去感觉很好。携程减免4元，不错,/Date(1524723570000+0800)/,0
689448,这里是古时候国家的最高学府，有孩子的可以带来，沾点儿喜气。,/Date(1510273232000+0800)/,0
587866,北京国子监始建于元朝，是元明清三朝的科举制度下的最高学府。,/Date(1492683194000+0800)/,0
2957921,适合带小朋友去逛逛，有仪式感，离雍和宫很近，可以一道逛了,/Date(1548765999000+0800)/,0
89693449,国子监是元明清三代国家设立的最高学府，教育行政管理机构。,/Date(1515185929000+0800)/,0
49650587,与雍和宫隔着一条马路，所以游览完雍和宫就跑到国子监参观了，明清时期我国的最高等学府了，值得参观,/Date(1458609468000+0800)/,2
10749536,紧邻雍和宫，也算闹中取静的好去处。凭京卡可以免费参观。,/Date(1445761789000+0800)/,0
1117346,需要购置门票进入，经典旅游景点，游客非常多，街道很热闹，值得到此一游。,/Date(1516281222000+0800)/,3
85002054,不错的地方 古香古色 还能感受古时的书香气 适合带孩子来,/Date(1501589620000+0800)/,0
22359824,胡同很经典！老北京的风韵很足！,/Date(1499532340000+0800)/,1
11351287,在城里，不好停车，以前都没人来，现在来的都是学生,/Date(1572584680000+0800)/,0
4735307,国子监！考状元去啦！大家说我能考上吗？哈哈！！！,/Date(1510106069000+0800)/,0
60042225,景色秀丽风光无限魅力趣味横生！性价比超高人气火爆,/Date(1508468796000+0800)/,0
3121228,家门口的景点，街道树木蔽日，只是缺少了儿时的静寂,/Date(1501890390000+0800)/,0
69565348,体会浓厚的儒家文化，学子顺便许愿祝考试能有好成绩,/Date(1474346206000+0800)/,0
883982,小学毕业仪式举办地，穿汉服行谢师礼，意义重大！,/Date(1529637327000+0800)/,0
9088265,古代的最高学府，能到国子监上学的都不是等闲之辈,/Date(1490329285000+0800)/,0
15893297,门票不贵，在雍和宫附近，就顺便去看了看，也行因为看过了其它王府和古建筑，所以看这里也就觉得一般了，所以如果旅游时间紧，可以不去,/Date(1456286232000+0800)/,0
3086274,总听说过，但从来没去过丫。下次一定去看看切。,/Date(1573769973000+0800)/,0
85912598,清朝学子们学习的地方，挺不错，看了以后涨知识,/Date(1560698520000+0800)/,0
13653224,孩子学校毕业典礼选择这里，很有一番心意。不错,/Date(1549983818000+0800)/,0
1691340,很幽静，古色古香的，小时候去那里的国图上自习,/Date(1502631861000+0800)/,0
51674795,很好很清幽。环境也不错。值得冬天时再来一次,/Date(1528499678000+0800)/,0
3940977,以前的考试圣地，很安静的景点，建议来看看。,/Date(1483496675000+0800)/,0
531275,有空的时候就去走走感受一下吧，古老的氛围,/Date(1572079095000+0800)/,0
65143221,不错，带孩子去很有意思，有一定的教育意义,/Date(1531192727000+0800)/,0
29503383,国子监位于雍和宫的对面，国子监街13号，是元明清三代管理教育的最高行政机关和国家设立的最高学府。票价30元，可在游览雍和宫后顺便访问，个人觉得专门去没什么意义。,/Date(1501422692000+0800)/,0
89603891,古时候学子学习考试进修的地方，很好的景点,/Date(1499898104000+0800)/,0
1207516,去给孩子求了一个符，希望能考个好学校。,/Date(1566779867000+0800)/,0
11351287,还可以，离雍和宫比较近，去的学生比较多,/Date(1559031564000+0800)/,0
79653337,国学之殿堂，非常值得去，一定要带孩子去,/Date(1533138189000+0800)/,0
1764997,非常顺利，非常便捷，很飞快还便宜了四元,/Date(1532013613000+0800)/,0
80978504,孩子学校在国子监举行成人礼，非常有意义,/Date(1524220470000+0800)/,0
72972672,这里的环境优美，干净整洁，空气清新自然,/Date(1518965871000+0800)/,0
3239582,喜欢在充满阳光的日子里逛这里，很有意境,/Date(1517822744000+0800)/,0
6995753,中国古代最高学府，可惜现在已经成古迹了,/Date(1484479903000+0800)/,0
3206886,就在安定门，以前王子上学的地方，要门票,/Date(1480375867000+0800)/,0
53918843,文化气息特别浓郁的地方，值得去看看～,/Date(1574091412000+0800)/,0
190282953,颇具历史文化内涵的好地方，推荐参观。,/Date(1568533108000+0800)/,0
172102802,很有特色也很有意思的地方，学生挺多的,/Date(1568301139000+0800)/,0
3728640,值得了解一下，挺好的，带孩子专门参观,/Date(1568289855000+0800)/,0
18382665,历史人文气息很浓厚，适合爱好历史的来,/Date(1563542966000+0800)/,0
4532303,程序繁琐，网购票应该直接刷身份证进园,/Date(1540108626000+0800)/,0
59067748,值得一去，地方不大，可以长不少知识。,/Date(1530870210000+0800)/,0
173935359,带孩子一定要来这，很有意义，十年苦读,/Date(1525660841000+0800)/,0
12054429,监考的地方，推荐看看吧！还是不错的。,/Date(1501913460000+0800)/,0
8647905,古代读书功名也需要寒窗苦读，来之不易,/Date(1498950068000+0800)/,0
4983428,这里环境还好，l历史悠久……还不错！,/Date(1495157651000+0800)/,0
3206886,北京的国子监就在故宫附近不远，要门票,/Date(1491834837000+0800)/,0
1542871,文化的摇篮，人才的基地，文明的源泉。,/Date(1488674084000+0800)/,0
33190717,很不错，值得一游，挺有文化底蕴的。,/Date(1526374200000+0800)/,0
,不错的值得一去。感受古代应试教育。,/Date(1525938664000+0800)/,0
91902435,还行...............,/Date(1499373165000+0800)/,0
26443975,明清两代最高学府，不过花钱就能读。,/Date(1498298693000+0800)/,0
24766105,在雍和宫附近有孔府孔庙可以陶冶情操,/Date(1492176946000+0800)/,0
,古代的学校，教育基地，很有历史感。,/Date(1490372762000+0800)/,0
171944622,感受一下这里的氛围，值得参观了解,/Date(1568302382000+0800)/,0
171942693,喜欢这里的展示，了解一下很感兴趣,/Date(1568299725000+0800)/,0
37776142,总体感觉不错，到此人蛮多的！！！,/Date(1549710781000+0800)/,0
160966135,很好，出票也很快，非常好用的软件,/Date(1539152411000+0800)/,0
38700551,值得一来，体会古代大学的好去处！,/Date(1533728524000+0800)/,0
12767492,挺好的，景色相当美，感觉很不错。,/Date(1533100886000+0800)/,0
37483810,不错，以前的高等学府，值得一去。,/Date(1530932914000+0800)/,0
69963441,太值的去了，以前忽略的一个地方。,/Date(1529320292000+0800)/,0
175560032,深厚的文化底蕴   博大精深的中国文化,/Date(1528886360000+0800)/,0
78184764,值得一去，也算北京著名景点之一。,/Date(1517922400000+0800)/,0
883933,很喜欢的一条街，就在雍和宫的对面,/Date(1498178439000+0800)/,0
28430959,很喜欢的一条街，北京儿时的记忆。,/Date(1497790804000+0800)/,0
60042225,景色秀丽……趣味十足性价比超高的,/Date(1494865128000+0800)/,0
62427396,风景挺不错的，一年四季都适合去。,/Date(1492388922000+0800)/,0
34022235,古老的建筑，很有特色的好地方！,/Date(1568020669000+0800)/,0
29452387,值得去！碑林、祈福！感受一下吧,/Date(1554387495000+0800)/,0
25417747,里面挺大的，定时还有表演，挺好,/Date(1529041312000+0800)/,0
98142329,怀古通今，很值得去的一个所在。,/Date(1527989859000+0800)/,0
24932861,比较小众的地方，距离雍和宫很近,/Date(1476918349000+0800)/,0
44825199,距离雍和宫很近 里面有很多吃的,/Date(1521038864000+0800)/,0
24820484,景点文化厚重，参观人不多，较悠闲。导游形同虚设，景点讲解员讲解很好。散客门票60外地老人和学生15元一张。,/Date(1563607635000+0800)/,0
84791955,中学生学生票免费，里面还是比较有文化底蕴，不明觉厉,/Date(1497407490000+0800)/,0
6515663,国子监是中国元、明、清三代的中央大学和教育部。高贵，奢华的辟雍殿是皇帝讲学的地方。,/Date(1477121853000+0800)/,0
101742466,"北京国子监始建于元成宗大德十年（1306年），是中国元、明、清三代国家管理教育的最高行政机关和国家设立的最高学府。北京国子监坐落于安定门内国子监街上，与国子监一墙之隔的东侧是孔庙。
明朝时期行使双京制，在南京和北京分别都设有国子监，设在南京的国子监被称为“南监”或“南雍”，而设在北京的国子监则被称为“北监”或“北雍”。",/Date(1544539582000+0800)/,0
24821971,北京的名胜古迹之一，这条街改造后其实已经没有了老北京的味道，但还是应该去看一看,/Date(1497737971000+0800)/,0
70058988,还行吧，人多，买票还得排队，国庆节人多,/Date(1475647425000+0800)/,0
2627022,到雍和宫游玩之后，如果还有时间可以去国子监转转，人不多，一般和古代教育有关,/Date(1452327902000+0800)/,0
167660292,还可以吧 从门口拜到结束一个多小时吧哈哈哈哈哈哈哈哈哈哈哈哈哈哈哈哈哈,/Date(1554351997000+0800)/,0
347714,古时的大学学府。坐落在雍和宫旁边。门票便宜，值得一看当时的最高学府。,/Date(1456319937000+0800)/,0
33330183,老街巷，深秋漫步很有感觉，孔庙就在这条街上，当年临近高考还去拜了拜,/Date(1507214908000+0800)/,0
23857985,十一去雍和宫附近的时候看了看这里，感受明清时期最高的教育机构,/Date(1515184720000+0800)/,0
32509058,11月1到4月30的营业时间到4:30，不是5:00pm,/Date(1556353383000+0800)/,0
75290300,适合带孩子去，相对景区人不多，而且可以教导孩子好好学习。,/Date(1552776437000+0800)/,0
33827357,这条胡同里面就有大名鼎鼎的国子监，我个人觉得还挺喜欢。,/Date(1499069695000+0800)/,0
89746640,古代人的最高学府。值得一去。体现了古代人的聪明智慧。,/Date(1493721370000+0800)/,0
17541962,古代中国的最高学府，文人心中的圣地，与文庙比邻。,/Date(1472781963000+0800)/,0
20265582,大概花上一个小时逛一下就够了。感觉没太多东西看的,/Date(1448203860000+0800)/,0
6408602,和孔庙一起有一个景区，文化含义丰富，可带孩子去,/Date(1550881764000+0800)/,0
,有内涵的地方 还可以 人也不多,/Date(1531733634000+0800)/,1
1590284,和孔庙在一起。从家乘104快直达，交通很方便。,/Date(1486033440000+0800)/,0
2484472,即便有旅行团 也还是挺安静的 很喜欢在这儿看书,/Date(1491760046000+0800)/,0
14158055,北京的老街 来了就得去看看 适合走走逛逛,/Date(1562634408000+0800)/,0
31338557,不以文脉安天下，安得武功定乾坤。不错,/Date(1562563869000+0800)/,0
24389936,国家最高学府，皇帝讲坛所在，值得一去,/Date(1516971663000+0800)/,0
5994507,国子监，最高学府，环境就很适合读书。,/Date(1489659023000+0800)/,0
43417033,值得一逛的地方，听讲解员讲会更深刻。,/Date(1480871028000+0800)/,0
220299291,有些地方没有介绍，反正便宜，就算了,/Date(1560845885000+0800)/,0
16398021,没啥可玩，但是人少，所以看看也无妨。离雍和宫很近，孔庙也在附近。外地同事看了挺感兴趣的，北京同事见多没什么稀奇。,/Date(1446045191000+0800)/,0
85912598,清朝学堂，很不错，很涨姿势哦哦,/Date(1569901425000+0800)/,0
673872,就在雍和宫旁边非常推荐一并参观,/Date(1568731382000+0800)/,0
4345844,如果实在没地方去，可以去逛逛。,/Date(1566600598000+0800)/,0
1099475,好多学生，带孩子来看看也不错。,/Date(1557875612000+0800)/,0
35240601,琉璃牌坊，辟雍大殿，古色古香。,/Date(1491908446000+0800)/,0
46539537,地方不算大，要花一百元请香囊或笔，工作人员才带着参加开笔礼活动,/Date(1533112285000+0800)/,1
3779925,周圍環境很安靜。到孔廟祭孔的人蠻多。,/Date(1457873083000+0800)/,0
1103187,靠近雍和宫，进去的时候看对面就是了，高兴的可以去瞅瞅，个人感觉一般般,/Date(1509864093000+0800)/,0
1770108,需要在团队入口换凭证，正好碰上一大帮团队，安检口人挤人…,/Date(1524121046000+0800)/,0
652123,如果有地图定位自动识别或者优选谅解，更方便,/Date(1565936915000+0800)/,0
524095,国子监本来是个有文化的地方，但感觉不到。,/Date(1501324043000+0800)/,0
90974457,环境不错，景色宜人，旅行的好去处！,/Date(1495804154000+0800)/,0
27452523,园区内导游忽悠了，花了400元，两个小福袋是200元，一个盒子里面一只钢笔一点墨水，一个属相200元，觉得定价太贵,/Date(1531657782000+0800)/,0
238573217,太差劲了，导游进去了卖给里面的工作人员，然后就卖东西,/Date(1566034881000+0800)/,0
