366096918,毛主席纪念堂位于天安门广场，人民英雄纪念碑南面。坐落在原中华门旧址，1976年举行奠基仪式，1977年5月落成，占地57000多平方米，总建筑面积为28000平方米。,/Date(1662471845000+0800)/,1
1150935,朝圣之地，瞻仰遗容，缅怀先烈！,/Date(1678027028000+0800)/,1
736935,从大栅栏到纪念堂参观 足足走了一万步 提前预约 从准备进入广场就开始层层刷身份证 安检 包里所有东西都要拿出来检查 然后绕道东边存包 再回来排大队 起码要比预约时间提前半小时到达广场,/Date(1663200087000+0800)/,1
4207023,十分推荐！值得一去！要带身份证！,/Date(1674139887000+0800)/,0
175657402,"毛主席纪念堂的开放时间为全年的星期二至星期日08:00—12:00，其中7月1日至8月31日07:00—11:00，周一不开放。

毛主席遗体的保护，除吸取了以往医学中有关尸体保存的经验外，还吸收和借鉴了西汉古尸的保存方法和研究成果。",/Date(1652322339000+0800)/,4
3639459,"瞻仰伟人，致敬先烈。
是这些英雄人物的奋斗和牺牲，才让国家有了今天的样子。",/Date(1662542143000+0800)/,1
8175589,最忠实的回头客，不光是我，全家人都非常满意，值得推荐！,/Date(1662721519000+0800)/,0
784276,伟人确实伟大，以他为首的老一辈共产党人缔造了新中国,/Date(1662890951000+0800)/,0
3731465,瞻仰缅怀伟人领袖毛主席的地方。,/Date(1663326889000+0800)/,0
41150864,小时候去过，老百姓对伟人的崇敬真的掩饰不住。,/Date(1661785169000+0800)/,0
61304551,"1987年9月10日我参观完天安门广场后又来到了毛主席纪念堂参观。毛主席纪念堂位于天安门广场，人民英雄纪念碑南面，北京市东城区前门东大街11号。毛主席纪念堂共有两层，一层是瞻仰毛主席遗容的，二层是毛泽东、周恩来、刘少奇、朱德等革命业绩纪念室。毛主席纪念堂始建于1976年11月。游人排队从一层
北大厅进入瞻仰厅瞻仰毛主席遗容，再从南大厅排队出来完成参观行程，二层不对游人开放。",/Date(1473729220000+0800)/,322
63320986,去这儿可以不带身份证，工作人员说不查。包箱什么的要寄存，但是都包给了一些小摊贩。要从纪念堂的东面、南面排很长的队，大概要四五十分钟才能入馆。安检很严，工作人员还会摸兜。里面有很多武警和解放军卫兵，也参与安检。纪念堂里二楼不开放，时间很仓促，幸亏还有冷气。鲜花可买可不买，分两流走，不到五分钟就参观完了，走慢了会催。毛主席的水晶棺在一个透明房间里，里面有两个卫兵一动不动，穿着礼服值守，很严肃。,/Date(1469363762000+0800)/,211
6200278,庄严又肃穆的地方，可以瞻仰毛主席，可以购买鲜花敬献。一代伟人，旁边是人民大会堂和天安门广场，现在广场，环顾四周，为我是中国人感到骄傲和自豪,/Date(1655177634000+0800)/,2
13598108,"一生一定要去的地方 庄严肃穆 怀着敬重的心瞻仰毛主席的遗容 是多少庄重的事！
友情提示：人比较多 建议早去 参观不能带包 广场有存包处 纪念堂内不能拍照。",/Date(1595087905000+0800)/,18
57289554,如果想看完升旗后立刻去毛主席纪念堂，这个时候一定要撒开步子可劲跑，这会是排队最久的时候，一两个小时都有可能。而且，此处安检更为严格，除了手机、钱包，别的什么都别想带进去，抓紧时间的最好和我一样空手出门。毛主席纪念堂位于天安门广场正中，方正外观庄严辉煌，里面摆设简单朴实。进入正门首先是北大厅，大厅中间是汉白玉雕刻的毛主席坐像。跟着人流从右边通道继续前进，为中间的瞻仰厅。毛主席一席中山装，安详的躺在水晶棺里。前来瞻仰的人实在太多，在工作人员的引导下，人流几乎没有停留，从南门离开纪念堂。不管你是爱他还是恨他，都去看看吧，总会百感交集。,/Date(1635163499000+0800)/,4
157866601,"目前因为疫情影响，现在只能在网上预约，开放时间是周二到周日，时间段：（上午9：00---中午12:00）
【性价比】免费  带身份证即可

【景色】非常好，前面有英雄纪念碑，对面就是天安门，早上5点多可以看升旗，下午730左右可以看降旗。

【趣味】人多热闹哈哈哈哈…",/Date(1599268017000+0800)/,11
249449291,"天安门广场真是一个大！来北京游玩的伙伴记住这个地方是毕来的,它是北京的中心。来到天安门广场除了看英雄纪念碑,看人民大会堂是外,一定不能错过升旗仪式,但是一定要提前在网上查看升旗的时间",/Date(1586768892000+0800)/,7
219605985,总之来到这里以后，给人一种美的享受，让你的心灵得到一次解放。,/Date(1656628890000+0800)/,1
98926593,毛主席纪念堂，现在需要提前手机扫码预约，运气好的话，可以当天预约当天的，每周二至周日上午12点前，个人比团队的排队要快，,/Date(1617113692000+0800)/,4
284635873,非常不错👍👍👍👍值得期待,/Date(1650767082000+0800)/,2
111850383,新中国的圣地，主席要好好休息哦。,/Date(1648220598000+0800)/,2
3007611,这里环境景色宜人是人们旅游度假参观历史文化的好地方,/Date(1657696235000+0800)/,1
222756460,去看了毛主席，我爸爸妈妈也非常喜欢,/Date(1648392012000+0800)/,1
74083937,于天安门广场， 人民英雄纪念碑南面，坐落在原中华门旧址。排队人最多的地方，排了2个多小时才进去的！挺震撼的，下次来北京再来,/Date(1641198307000+0800)/,0
97028142,中国地标性建筑物，欢迎大家来打卡,/Date(1647949876000+0800)/,0
9187810,【景色】这里是到北京必去的地方！,/Date(1647271140000+0800)/,0
266004510,瞻仰伟人，心中浩然气，不悔种花人,/Date(1646097954000+0800)/,0
115098449,每次去北京必去的地方！从围着广场排队等待参观的人群中，我看到了毛主席在人民群众中的巨大威望！,/Date(1636295970000+0800)/,3
26549414,伟大的领袖长眠之所，很是令人心情澎湃！,/Date(1641195675000+0800)/,5
37269493,直到现在，这里依旧有很多人参观,/Date(1660486688000+0800)/,2
4752913,毛主席纪念堂庄严肃穆，见到毛主席心里油然而生敬佩之情。,/Date(1630313323000+0800)/,2
14875776,有机会是该要去毛主席纪念堂看看的,/Date(1618363826000+0800)/,3
4089680,毛泽东主席纪念堂。值得怀念！！,/Date(1648696226000+0800)/,1
235653029,毛主席纪念堂，很多年前去过，缅怀伟大领袖毛主席,/Date(1655346693000+0800)/,0
4089680,毛泽东主席的纪念堂庄重肃穆伫立于人民广场中心。,/Date(1628514731000+0800)/,2
97221766,整个纪念堂建筑大气，并且庄严肃穆，和周边建筑很协调，参观需要在指定日期，还需要排队等候，需要参观游客提前了解好馆内相关要求。,/Date(1589915803000+0800)/,6
239956193,毛主席是最伟大的领袖。毛主席纪念堂还是极值得去参观一下的。,/Date(1626968639000+0800)/,1
24797139,毛主席纪念堂，伟大领袖毛主席。,/Date(1659010653000+0800)/,0
24797139,毛主席纪念堂，伟大领袖毛主席。,/Date(1659010653000+0800)/,0
732445,位于天安门广场，交通便利，是很多人心中神圣的地方,/Date(1614682337000+0800)/,1
82748149,位于北京市天安门广场，每天都有不少游客观瞻。,/Date(1628233967000+0800)/,1
365943288,一代伟人，埋骨何须桑梓地，青山处处埋忠骨！,/Date(1635234845000+0800)/,1
160163007,司机提前一晚电话联系，第二转车接送，只是广场人太多了，升旗值得一看，王导很逗，也很贴心负责，介绍景点的同时还要照看大家的包包。旅游体验满分。有趣好玩，性价比高，景色不错，总体超赞，,/Date(1604489969000+0800)/,2
240176293,值得一去的地方，很好的感觉，性价比很高,/Date(1640348694000+0800)/,1
28841945,瞻仰伟人，很值得去看看，北京打卡地。,/Date(1634131132000+0800)/,1
266004510,瞻仰伟人，感恩现在，中华民族伟大复兴,/Date(1630036886000+0800)/,1
1527582,good!!!!!!!!!!!!!,/Date(1637628371000+0800)/,1
3794706,去北京的时候正逢闭馆，可惜没有看到,/Date(1632119368000+0800)/,1
14572898,好好好好好好好好好好好好好好好好好,/Date(1626334404000+0800)/,1
238004883,这是一个很不错的地方了，强烈推荐一下给大家一起来看看,/Date(1638199615000+0800)/,0
266004510,伟人沉睡的地方，值得去看看的地方,/Date(1638068169000+0800)/,1
216336883,一代伟人天骄，长眠于此，国人之骄,/Date(1635426600000+0800)/,1
1293360,【景色】瞻仰主席遗容，革命教育,/Date(1634916562000+0800)/,1
13059821,每天去看的人真是多啊，排大队。,/Date(1634055686000+0800)/,1
36519221,棒棒棒棒棒棒棒棒棒棒棒棒棒棒棒,/Date(1620712780000+0800)/,1
42278107,瞻养伟人的遗容，从小的愿望就是看看毛主席,/Date(1628188788000+0800)/,0
150821689,瞻仰伟人，铭记历史，不负时代，开创未来,/Date(1625552940000+0800)/,0
88472710,敬爱的毛主席纪念堂，可以瞻仰伟人的容貌,/Date(1624935708000+0800)/,0
34428119,很有特色的地方，很有历史意义，值得瞻仰,/Date(1624176063000+0800)/,0
23686389,缅怀伟人，继续革命事业，造福人民,/Date(1622638876000+0800)/,0
230652317,"【景色】
【趣味】
【性价比】不错",/Date(1645455346000+0800)/,0
77759798,我去了一次，我爸妈也去了开心呢,/Date(1626592466000+0800)/,0
390583,非常神圣的地方，非常值得参观。,/Date(1625349868000+0800)/,0
43683184,一代伟人，建筑雄伟，值得一去！,/Date(1623318271000+0800)/,0
248188689,终于在毛主席去世纪念日去瞻仰了伟人遗容，可惜没好好仔细的看就出来了。,/Date(1599635234000+0800)/,1
167953434,"来首都北京旅行，怎能不去瞻仰开国领袖毛主席？
下面附上毛主席纪念堂打卡攻略。

景点名：毛主席纪念堂
地址：北京市东城区前门东大街11号
交通：地铁或公交坐到天安门广场就行了
门票：免费进入
玩法：
来参观时要注意开放时间：平时上午8:00—12:00，7月和8月上午8:00—11:00，周一闭馆。
进入纪念堂需要凭身份证件排队过安检，不能携带行李包进入，纪念堂内不可以拍照。

推荐理由：
毛主席纪念堂位于天安门广场人民英雄纪念碑南面，这里有水晶棺供奉着毛主席的遗体，也有他的雕塑和介绍，是纪念瞻仰毛主席的地方，在这里我们可以了解一代伟人的传奇一生。",/Date(1567636223000+0800)/,64
73211139,今年2月到北京出差，有幸到毛主席纪念堂参观，那天很英明，没背包，要不然还要去存包。打火机要交出来，出来以后可以在广场旁边再拿一个，所以，也别带Zippo什么的，交了就找不回来了。排队的人不算少倒也不算多，从开始排队到从后门出来，总时间大约在15分钟左右，但真正进入毛主席纪念堂的时间最多也不过2分钟。看到了毛爷爷，很遗憾，没能给他老人家鞠个躬。回家后给家人开玩笑，说我是我们家唯一一个受到毛主席接见的人了！,/Date(1555656586000+0800)/,49
59475327,"「缅怀先人&amp;#183;纪念伟人」

只有上午才对外开放。具体开放时间请参考下图时间表。先进行安检：除了手机和钱包，其他东西一律不得携带入内。进入纪念堂之前把手机静音，室内不可摄影。献花安放在纪念堂大堂伟人雕塑前，随后进入瞻仰厅！肃穆圣地，切勿喧哗。以表尊敬！",/Date(1525500518000+0800)/,65
2664276,不记得第几次敬仰毛主席了，每一次都怀着无比激动的心情。这次来天安门广场安检好严格，身份证，安检，体检搞了好几遍，存包花了50元。每天上午8点到12点开放。进广场后没游完千万不要出广场，否则再进入又要安检一遍。从前门东站乘公交到北京西站很方便。,/Date(1518058636000+0800)/,30
106530300,北京是我国的首都，自然全国人民都想要来咯~而北京的景点更是多到数不胜数。故宫、天坛、天安门广场、南锣鼓巷等等，无一不值得我们去。而春夏秋冬不一样的季节，都是最美的北京。无论你想体验现代都市风情，还是追溯历史文化，都能在北京得到最完美的答案。,/Date(1509456020000+0800)/,18
14611364,为了能一睹中国开国领袖，中华儿女的伟大主席，我们常说的毛爷爷我排队近两个小时，毛主席纪念堂就在天安门广场内，其实看主席的遗容也就几十秒但我觉得值得，主席遗容安静的躺在水晶宫内，容光焕发，依然是当年领导中国走向独立自强的那个神圣的脸庞！,/Date(1496165266000+0800)/,61
47175594,今天顶着烈日前往，按导航前门下还得绕到天安门东进安检，直接点应该是天安门东站D出口（按指示C出口只是避开人流）出来左转有人排队的地方，进去靠左是国家博物馆（寄存）然后走捷径出来，过去排队，全程75分钟左右，可以带伞，开门时间是7:00~11:00，出来然后过去天安门故宫，这样可以作一条一天游。,/Date(1468379781000+0800)/,87
5334719,早上8点开馆，建议不需要一大早去排队，很多人看完升旗就去排队，我们看好升旗后回去吃好早饭睡了一个多小时，8点20几分到达，基本没有排队几分钟就直接进去，可以买白色菊花3块一朵，毛主席很安详的躺着，就是隔的还比较远，有很多武警战士站岗，年纪大的武警爷爷提醒你：注意保持安静，不要交谈，前面有年轻点武警提醒你走快点，基本加上安检买花出来不到20分钟，大门口有卖毛主席像，95元质量很不错，外公很喜欢带回老家摆在家里最重要的位置,/Date(1465713140000+0800)/,104
105745586,今天国庆刚刚开放，早上八点到中午十二点赶了好久终于过来排队了，排了1个小时到了十二点才轮到啊！看到了毛主席纪念堂里面的庄严肃穆，感受到了主席的魅力，伟大领袖！,/Date(1507388939000+0800)/,24
32590051,毛主席纪念位于天安门广场的南侧，从天安门城楼上观看，毛主席纪念宏伟壮观，庄严肃穆。一代伟人毛泽东为人民打下了江山，推翻了三座大山，建立了新中国，人民当家做主。,/Date(1501964331000+0800)/,21
3922142,怀念伟大的领袖毛主席，中国共产党万岁,/Date(1658653208000+0800)/,0
86549702,2018-3-29日，一到北京下了火车就先到毛主席纪念堂看看伟人，2018-4-2日临走的那一天，再次的去瞻仰了一下，虽然没有能够进去，远远的看着⋯,/Date(1523533001000+0800)/,32
6535155,值得一看，去之前应该做做功课更能融会贯通,/Date(1618014492000+0800)/,1
5384725,都想去参观的地方 可惜去北京时没有开放,/Date(1639977234000+0800)/,1
5384725,北京的毛主席纪念堂不是随时都能参观的,/Date(1622865873000+0800)/,1
78852901,春节快到了。今天突然想起了到天安门毛主席纪念堂敬拜毛主席他老人家。我爱北京天安门，天安门上太阳升，伟大领袖毛主席他是人民的大救星。,/Date(1485310389000+0800)/,40
782876,排队时间较长，真正的拍的两小时，参观五分钟。但对于老人青少年很值得一去，瞻仰毛主席 ，自驾游的话更加方便一点。如果带有小孩子或婴儿建议少去，里头庄严肃穆，不准出声音，婴儿容易引起喧哗。现在天安门广场管制，先要安检进广场，纪念堂东边近的话，记得不要过马路白走冤枉路，马路对过存包，10元一个包，一定要存，水杯也要存进去，尽量只带手机和矿泉水，矿泉水用来排队太长解暑，到时候垃圾桶在扔掉。今日门内会有卖花的，10元三支，个人根据实际情况购买。进入后切记将手机调制飞行模式或关机。进去手机发出声音会很尴尬。出来拿包再从人民大会堂那边出去，再去前门吃午饭正好。,/Date(1565273579000+0800)/,35
63679791,"2018-4-17来参观毛主席记念堂，攻略如下:

一、开馆时间:8:00---12:00，切记每周一不开馆。不要早上大清早扎堆排队，错开时间打时间差。如果大清早排队一点一点等需3小时最少。
二、不要带任何包不然要存包太麻烦。，只能带手机，钱包。切记。",/Date(1523921298000+0800)/,25
73390970,"毛主席是新中国的缔造者之一，毛主席纪念堂是为了缅怀毛主席的。
毛主席纪念堂在天安门广场旁，人民英雄纪念碑后面，人民大会堂隔壁。
毛主席纪念堂外观庄严肃穆，里面主要是写毛主席的相关展览，来天安门值得一去。",/Date(1521692070000+0800)/,13
,去天安门广场看望了毛主席，很早就去排队，人山人海，毛主席在我们心目中永远是最伟大的，这是一个庄严而神圣的时刻，这个时代的发展都是革命前辈用血肉之躯铺就的，感恩！纪念毛主席。纪念堂内禁止带手机拍照，这是对主席最起码的尊敬。,/Date(1519999090000+0800)/,10
3206886,前两天去北京最后一天去的毛主席纪念堂，天哪，人山人海，广场上跑了一个还有一个圈，足足排队排了3个多小时，跑了一万多步，毛主席的魅力太大了呀，等排到了，参观瞻仰只用了20秒，因为不能停留哦，真是太快了哦,/Date(1519427890000+0800)/,37
157391219,网上可以搜到的我就不啰嗦了。这里要带身份证，这里要过安检。一般排队很多，我去了几次天安门广场，每次毛主席纪念堂的人排队都很多。北京夏天旅游的人很多，天安门广场是初游者几乎必去的一站。其实春秋人也很多，只是夏天确实排队很晒，打伞容易影响其他人，建议做好防晒工作。然后排队排了很久，进去以后就有工作人员催促大家抓紧走。想仔细看一眼根本没可能。大部分人就是看一眼就走了。我去的时候没收门票。,/Date(1518791895000+0800)/,24
56675830,早8点就开门了。不能带包和相机之类的。只能带钱包手机！广场东侧有存包的花钱。排队进入广场，然后安检。过了安检开始有卖花的，三元一朵。排队进入纪念堂，在铜像献花，然后进里面瞻仰遗体。整个过程一直是匀速前进，不能停下。,/Date(1506517841000+0800)/,19
622651,带着爸妈游北京，毛主席纪念堂是计划要去的，但没想到春节那么多人，看完升旗就去排队，整整三个小时，队伍绕了几公里，排过的最长队伍，没有之一！好在还是排到了，只开到上午12点，后面恐怕还有不少拍了队看不到的。以及包包一定记得提前存掉，不让带，且入口那没有存包处！最后一张图是手绘排队图，不要笑,/Date(1486271907000+0800)/,66
63225578,來北京必去。国家国席，伟大的开国领袖。去看毛爷爷得存包。营业时间是7-11点。带上身份证哦。加油，伟大的中国，国家万岁。,/Date(1470324710000+0800)/,35
94777548,毛主席纪念堂位于中国首都北京市,/Date(1626995568000+0800)/,0
3310492,到北京瞻仰毛主席纪念堂，是众多进京游客的心愿。周二~周日每天8:00~12:00对外开放，尤其是节假日人会很多，排队时间还是会有点长的，需要合理安排时间，包、相机都不能带，需提前寄存行李。,/Date(1564063640000+0800)/,10
56754168,作为伟大祖国的缔造者，作为一个中国人，来到北京必须应该去瞻仰一下毛爷爷！那天一起同行的还有一位老爷爷是被子女推着轮椅进去的，看着着实让人感动，也许只有生活在那个年代才能更深刻的体会！,/Date(1515900779000+0800)/,21
965225,每周只有二至日上午开放，排队瞻仰的人很多很多，可以在纪念堂里花三元买一束花敬献。纪念堂庄严肃穆，人们都自觉的排队慢慢行走，为的是看一眼毛泽东主席的遗容，感谢他为中国人民所作出的贡献！,/Date(1506153821000+0800)/,12
170925981,位于天安门广场，人民英雄纪念碑前面。去了北京都会去的地方，外观宏伟又朴素，大气而庄严，现场看感觉确实不一样的！是要排队进入的，每个人都很安静遵守秩序，一定要去～,/Date(1579185420000+0800)/,5
1172036,中国人民的圣地，毛主席纪念堂坐落在天安门广场，正对着人民英雄纪念碑，毛主席是中国人民的伟大领袖又是中华民族杰出的英雄，所以怀着崇敬心情的人们络绎不绝地瞻仰毛主席，表达缅怀之情。,/Date(1515069198000+0800)/,20
27653816,来北京必须去看看的地方吧，感觉不去的话似乎没有到北京，但是排队的人很多，所以要提前去对面存包身上只带手机钱包身份证就好了里面有买菊花的，但是必须三束一起买可以提前准备零钱,/Date(1507558179000+0800)/,15
216952703,毛主席纪念堂庄严肃穆，来参观时得预约排队，安检一步不差，敬仰主席的高瞻远瞩，怀念伟人！,/Date(1585526393000+0800)/,4
1085255,我一共跟随父母参观过毛主席纪念堂两次，瞻仰毛主席遗容，毕恭毕敬地深鞠躬。现在的安检更为严格，食物、液体、相机、大包一律禁止带入，虽然可以带手机但要静音。没有明文规定，但我觉得禁止拍照，这是最起码的礼貌。参观时间为8:00-12:00，周一闭馆。,/Date(1557589881000+0800)/,14
52600303,"北京毛主席纪念堂，到北京一定要去的（尤其是父母及以上辈）。
※开放时间：周二~周日每天8:00~12:00对外开放，尤其是节假日人会很多，排队时间还是会有点长的，请大家合理安排时间。
一般来说，很多看升旗的人，看完了就直接去排队看马主席了，个人建议9:00左右到时间上是比较合适的
※门票：免
※鲜花：进门后买，3元一枝菊花，3支起卖；或者30元/束
※安检/其他注意事项：安检水不允许带进去、易燃易爆危险品禁止带进去、包包不允许带进去；过安检时手机钱包钥匙要提前拿出来；进去以后禁止拍照片、禁止大声喧哗",/Date(1529913746000+0800)/,175
12858473,以前在北京上班。。可以跑来这里看看毛主席。。这次运气不好。。。带老爸过来想看看毛主席。。谁知道这几个月都不能看。。。有点遗憾。。只能在门口照片留念一下呗。。。。,/Date(1497787793000+0800)/,31
215269657,2018年10月6日，是我永生难忘的日子，这一天我瞻仰了主席遗容！,/Date(1593884098000+0800)/,4
220550372,毛主席纪念堂禁止拍照。所以只拍了外观。毛主席的遗体便在供后人瞻仰，遥想伟人当年数风流人物还看今朝的雄伟气魄。来毛主席纪念堂。,/Date(1582727608000+0800)/,7
1059463,"庄严肃穆，中国伟大的领袖，近在咫尺。
致敬！",/Date(1591136870000+0800)/,5
55940813,毛主席纪念堂是个庄严的地方，大家都很安静，我们运气不错，去的时候人比较少，没怎么排队，纪念堂是免费的，不能携带包裹进入，街对面有行李寄存处。,/Date(1560899385000+0800)/,17
9377108,毛主席记念堂。这个是可遇不可求的。导游都搞不清几点开，哪天开，有时候排了半天队，会告诉你，不开了。看完升旗我们就那儿排着。一直到7点左右才放我们进去了，进去还得安检，反正北京过安检的地方挺多，不过到是挺安全。去之后只两三秒钟就出来了，那叫一个面色红润有光泽啊，但有人说是腊像，真的已经藏起来了，这个就不知道了~进去的小朋友很多，居然没有一个人吵闹，这也算是个奇迹了吧。,/Date(1491184428000+0800)/,7
2335573,毛主席纪念堂，排队进入瞻仰毛主席仪容，安静而凝重，很多上了年纪的人比较有情怀，看的出真的蛮激动的，普通民众带着一份崇敬哀思，献上一朵白花。,/Date(1496846255000+0800)/,14
90463392,这个地方是必须要来的地方吧，作为一代领袖，我们敬佩他，虽不能真真切切体会那个时代的不易，但作为后代来说，对他的精神我们更加应该学习,/Date(1493422532000+0800)/,15
292363053,毛主席8他老人家永垂不朽，大家都应该带着下一代，来看望一下毛主席，教育孩子当年的事情,/Date(1607801834000+0800)/,2
240197945,没啥好看的，都是看人,/Date(1617865013000+0800)/,1
12160212,陪爸爸来北京，他老人家指定来这里看毛爷爷。住在附近，早上过来需要寄放随身物品，就带了个手机进去。虽然说免费参观，但是卖鲜花的无处不在，和爸爸分别掏了3块钱一人买了一枝花。毛主席纪念堂不是每天都开的，能参观上也算幸运哦~,/Date(1515744414000+0800)/,12
2464808,毛主席纪念堂在天安门广场的中轴线上，共有两层，一层是瞻仰毛主席遗容的，二层是毛泽东、周恩来、刘少奇、朱德等革命业绩纪念室。不过游客只能参观一层，参观由北门进入，首先映入眼帘的是正中的汉白玉毛泽东坐像，背景是一巨幅绒绣壁画《祖国大地》，如果在纪念堂门口买了菊花（3元/枝），可供奉在这里，接着分为两队进入瞻仰厅，可以看到毛泽东身着中山装，身上覆盖着党旗，安卧在水晶棺里，因为是排队绕行，所以不能在瞻仰厅内逗留，不到一分钟就出来了。需要注意的是，这里安检很严，包包相机什么的需要付费寄存，不要存侥幸心理，另外排队的人非常多，且广场上没有遮挡注意防晒，还需衣着得体，脱帽瞻，穿背心、拖鞋之类会被拒绝入场。里面禁止拍照，值得一去。,/Date(1478424487000+0800)/,76
69946550,带老妈去北京，必须要去毛主席纪念堂，可以看完升旗直接过去排队！排队的人可以绕毛主席纪念堂好几圈！！！人气太旺！！！一定要早去！！瞻仰敬爱的毛主席！！！九元三朵菊花，献花不错！,/Date(1505797306000+0800)/,7
193002981,"1976年动工，1977年竣工，汇聚全国各地的建筑材料，全国各族人民怀着崇敬的心情建造了
毛主席纪念堂
我从外边路过了几次，从来没有进去过，因为毛主席永远活在我的心中。",/Date(1579058557000+0800)/,3
12061385,怀着对伟人的憧憬，排队好久步入纪念堂。,/Date(1606368061000+0800)/,3
113282025,时间安排的合理，游客很多，但导游态度很好，也佷会安排行程，玩得不亦乐乎,/Date(1604936264000+0800)/,1
6540969,排队进去，庄严肃穆，一代伟人。,/Date(1593917071000+0800)/,3
48100066,瞻仰毛主席纪念堂，看五星红旗高高飘扬，怀念人民英雄永垂不朽，感恩祖国强大，伟大复兴。希望我们的国家越来越好啦，人民也越来越幸福。,/Date(1576849271000+0800)/,4
5588857,伟大领袖毛主席 从小就向往去看看 门口永远排着长长的队伍 都是等着瞻仰毛主席遗容的 不仅有我们中国人 我看到了 很多来自不同国家的外国朋友 ！,/Date(1502555071000+0800)/,8
32950546,吃水不忘挖井人，来北京第一天看完升旗仪式就赶去了毛主席纪念堂，来自全国各地的朋友们都井然有序的排队等候入馆全家老小一起瞻仰毛主席,/Date(1471533900000+0800)/,17
8438958,纪念堂门票是免费的，可以网上免费预约，大家不要在这里花钱买票！🙏,/Date(1607126001000+0800)/,1
102276943,毛主席纪念堂是为了纪念一代伟人毛泽东而建立的，位于天安门广场的英雄纪念碑南侧。于1977年5月落成，同年9月9日正式对外开放。现在正处于维护阶段，预计八月底维护结束。,/Date(1500040563000+0800)/,12
14116832,家人没去过，这次特意带家人去北京。毛主席只出现在我们小时候的课本里，只在很小的时候匆匆走过瞻仰过，但那时因为年纪小已经没什么印象。长大后再去看看，仿佛多了一层意义，原来我们印象中、课本中的伟人是那么安详。纪念堂里多数人都比较守规矩，手机调至震动，肃静，排队依次走过，仿佛每个人不觉的都想停留多看看这个伟人，这个为我们的国家我党作出伟大贡献的人。,/Date(1562735745000+0800)/,21
16028261,带孩子去看毛主席的，就是排队时间太长，刚排的时候感觉运气还不错，到最后才发现队伍是一圈一圈又一圈的，过了安检之后还排了老长的一截，还有就是在入口和外面的大屏幕上说的都是手机不让带，但是安检的地方广播通知的是手机关机或者静音就可以了,/Date(1469369910000+0800)/,34
3758913,天安门广场上的毛主席纪念堂是纪念伟大领袖毛主席设立的，里面存放着经过处理的毛主席遗体，每天参观的人都排成长龙！一定去看看,/Date(1451446237000+0800)/,8
49698360,暑假7点开门，散客在东侧排队。而且需要先存包后排队，存包处5点半开门。基本上只能带个钱包，身份证，手机进去。我因为存包耽误了半个小时左右。,/Date(1531518262000+0800)/,7
20464296,和妈妈来北京旅游的第二天，一大早便赶到毛主席纪念堂来。排着长长的人群，在工作人员的安排下，大家安静有序整齐的排队，相继进入瞻仰，很庄严。,/Date(1497372094000+0800)/,7
116301465,这是一代伟人毛主席纪念堂，是一个传奇人物的纪念堂。,/Date(1585382991000+0800)/,1
44505512,毛主席纪念堂位于天安门广场的南侧，在正阳门的北侧，在北京的中轴线上。周一闭馆，平时上午8:00-12:00开放，7-8月7:00-11:00开放，是瞻仰毛主席遗体的地方。,/Date(1509972745000+0800)/,7
43844454,特意在9月9日这天来的，人好多啊！事先知道要存包，好多东西不能带，于是只拿了手机和身份证。其实晴雨伞可以拿的。照相机摄像机不行，大小背包都不行。排队迂回走了几里，进了纪念堂几分钟就瞻仰完了。,/Date(1473391407000+0800)/,33
159126082,这里去的时候，不能带包，所以，我就没有陪着他们一起上去，一个人默默的在楼下看包，是我最不爽的地方⊙̆̈_⊙̆̈ 什么鬼，来北京第二次了，还没有机会登上城楼，下次要上去，感受一下伟人当年的感觉,/Date(1515928937000+0800)/,8
204913861,怀着崇敬心情去瞻仰了***的仪容，外面检测很严谨，包必须要寄存。只是没想到寄存包还要收费，费用还不低，哎，算了，当是门票钱了。,/Date(1607934645000+0800)/,1
212904908,景色一般，性价比非常棒，缅怀伟人的必去打卡地。,/Date(1602286148000+0800)/,1
9442245,北京毛主席纪念堂，之前来北京的时候去过，这次本来想去的，9点多一点到看到排了几百米的队伍就果断放弃了，北京毛主席纪念堂开放时间是早上8点到中午12点，周一是闭馆的，不过节假日都会开放，想要参观一定要早点去排队，否则就会导致排到了还没的参观,/Date(1556008758000+0800)/,3
,不错，历史悠久，美丽，很喜欢来这里游玩,/Date(1613630118000+0800)/,1
472962,位于天安门广场南侧，每天都有很多人排队，安检很严，平时排队至少1小时，节假日估计更长。除了看展览外，大家主要是为了瞻仰老人象遗容，但不能停留，慢速随着人流前行。感觉还是很肃静的。,/Date(1451110288000+0800)/,14
35244979,在大会堂侧，天安门广场对面，很多人排队进去瞻养.....,/Date(1583941015000+0800)/,0
37393645,排了两个多小时，不容易，值得。,/Date(1612877012000+0800)/,1
25063734,一早看完升旗，寄包之后排队2个小时，虽然只看了2分钟，但是只有亲眼才能体会到毛主席的伟大。,/Date(1447768391000+0800)/,42
49643720,毛主席纪念堂每天上午对外开放，下午不开放，位置在天安门广场的南侧，与天安门城楼之间是人民英雄纪念碑，如果时间允许是非常值得去的。,/Date(1480178495000+0800)/,20
10757488,真的是一定要参观的地方，了解毛主席的历史。,/Date(1585204967000+0800)/,0
221145494,"排队1个半小时，观看时间10秒，不容易啊！
推荐给大家注意细节：行李，背包，水，打火机，全部不让带，放到行李存放处（尽量整理好放进一个包，收费贵）
入场时间8：00-12：00（7月和8月是11：00关闭）
可以看见我们伟大的领袖，而且不收门票，所以性价比最高，至于风景趣味评分肯定是最底。",/Date(1555080881000+0800)/,8
29503383,毛主席纪念堂是为纪念开国领袖毛泽东 而建造的，位于天安门广场， 人民英雄纪念碑南面，坐落在原中华门旧址。1977年5月24日落成，占地57000多平方米，总建筑面积为28000平方米。主体呈正方形，外有44根福建黄色花岗石建筑的明柱，柱间装有广州石湾花饰陶板，通体青岛花岗石贴面。屋顶有两层玻璃飞檐，檐间镶葵花浮雕。基座有两层平台，台帮全部用四川大渡河旁的枣红色花岗石砌成，四周环以房山汉白玉万年青花饰栏杆。毛主席纪念堂是党和国家的最高纪念堂。周一不开放，请注意。2017年9月1日前内部装修不对外开放。,/Date(1501510522000+0800)/,16
13283878,只上午开放，但不要一看完升旗就去排队，那基本是人最多的时候。稍晚一点好些。东西少带，不让带包进去，可是寄存那儿的价格死贵。不解的是不让带相机，随身也不行，那现在的手机上有几个没有照相功能，干脆手机也要求寄存在外面好了,/Date(1488211906000+0800)/,10
1257644,毛主席纪念堂落成至今已近四十年了，落成之初的几年，单位曾多次组织参观，由于各种原因没能前往，近日终于成行。没想到队伍似长龙，排了近一个小时，可见民众的景仰之情！,/Date(1470387150000+0800)/,8
1392832,这是一个神圣而装严的地方，本应该按照顺序排队参观，但是很多旅游团都在挤，还有少数人爬栏杆，随地吐痰，插队，真的连这点素质都没有那还赡养毛主席就没有意义了,/Date(1555143854000+0800)/,12
63295497,我们去北京的时候没能赶上机会进去瞻仰毛爷的遗容，两次路过，都是排着长长的队，纪念堂到中午11点都不能进去了，想要排队被告知不能进了，只能遗憾放弃，下次去北京一定早点过来。,/Date(1540084659000+0800)/,3
179173910,只有周二到周日的上午开放，先到广场东侧存包，然后排队入场瞻仰。需要注意穿着和仪容，可带手机，馆内不能拍照。,/Date(1550153796000+0800)/,4
206144470,司机师傅态度很好，导游也很有耐心，就是走的有点快，如果自己可以去最好自己去，也很简单，性价比不高。毛主席纪念堂自己预约也不花钱，打个车也合适。排队一小时，看了三分钟，转了一圈就出来了，,/Date(1604575656000+0800)/,0
31625999,基本上什么都不允许带进去，要到马路对面存包，不方便，排队人很多，但是走起来很快，沿途有卖菊花的，3块钱一只，可以献花。里面不能拍照，也挺小的，就一件雕像献花，后面就是瞻仰处了。,/Date(1467302088000+0800)/,17
35547609,很有观念感觉的一种思长悠远的感觉。气氛与室内风格都是与任何地方大有不同的地方。但是一进门就有一种沉思的感觉，内心悲哀还念只感觉。,/Date(1558011886000+0800)/,4
9440863,六点一刻到门口排队，队伍头尾没有标识，也没人说，反正乱成一团，我们这样自由行来的，都走错口了。白绕了一圈才跑到入口，排了半个多小时被告知还要等一个半小时。那时想想没事，至少队伍一直有在蛇形的蠕动。然后走到还有1/3的路程时，忽然不动了，说广场有重要活动，请耐心等待。问了工作人员，说是外宾到访，至少要一个多小时才能好。所以等到十来秒的瞻仰出来，我们整整站了4个小时。好珍贵的外宾，可怜我们万千老弱病残的内宾站队几小时就为瞻仰自己的伟大领袖，还得为他们改道让行。,/Date(1534905998000+0800)/,25
45396019,去北京如果不去天安门，毛主席纪念堂似乎就失去意义了，宏伟的建筑和其具有的独特意义使你必须要去瞻仰一下,/Date(1499758861000+0800)/,5
30555712,"怎么说呢，写几点注意事项，
瞻仰伟人过程不复杂，排队，验证，出门～～
过程需要注意，1.从天安门广场最西南面进入排队过程，如果看完升旗直接排队的话，可以早早就看完了，如果从最尾部开始排，刚好两小时，这就是说早上10点之后就别去凑热闹了，排不到的，不让排了。
2，排队过程需要先存包，切记存包！！！！带包不允许进去瞻仰的！！！存包位置在广场东路对面，但要收费的。
3，进入天安门广场安检也很严的，利器不能带。
4，液体不能带，水杯也不可以！！可以带一瓶矿泉水，排队过程喝，毕竟人多的话需要排2小时的队啊～～
5，最重要一点，排队前一定要去厕所，切记。",/Date(1458643238000+0800)/,141
344912,"到天安门广场，参观毛主席纪念堂、国家博物馆，地铁天安门东下车就到了。由于毛主席纪念堂是上午12时就关门谢客，所以如果要去的话，记得提早哦，另外，原计划是去人民大会堂参观的，但那几天都有会议，不对外开放，去不了。
毛主席纪念堂和国家博物馆都在同一个地方，建议先到广场东面的存包处存放好自己的东西，记住自拍杆是不允许带入国家博物馆的。存好后就可以去参观。我们是先到毛主席纪念堂，然后到国家博物馆。这里有一个省钱技巧就是可以先到国家博物馆地下存包，然后再去参观毛主席纪念堂，最后去国家博物馆，我们发现都是相同一个包，在天安门广场东面存包要12元，在国家博物馆存放只要5元。两个地方相隔很近的。",/Date(1454520779000+0800)/,14
44470668,不能带相机，门口有寄包处。排队入场，参观的时候不能停留。,/Date(1604651023000+0800)/,1
97221766,毛泽东纪念堂作为中国人应该看看，纪念堂很庄严，也很大气，前来瞻仰的游客很多，纪念堂大厅有毛泽东同志雕塑，很传神，纪念馆内次序非常好！,/Date(1578679985000+0800)/,3
3148376,位于天安门广场一侧，纪念堂外观庄严肃穆，还有很多翠柏苍松围绕在纪念堂的周围。纪念堂并不是每天都对外开放的，每周会有一两天闭馆，所以要去参观的话一定要留意一下开放时间。,/Date(1538541886000+0800)/,1
65732544,毛泽东主席纪念堂位于北京中轴线上，在前门的北面，在人民英雄纪念碑的南面，也是天安门广场周边最重要建筑物之一，毛泽东长眠于此。,/Date(1494754088000+0800)/,3
38123855,暑假过去的，人超级多，排队排了快两个小时。现在不需要门票，但是有开放时间的限制，我去的时候是只有上午开放。进去之后也是远远的看一下，不停的有工作人员催你向前走。另外是不允许带包进去的。,/Date(1445472069000+0800)/,123
1783028,这里是神圣而庄严肃穆的地方，因为敬爱的毛主席就在里面。每天来这里瞻仰毛主席的游客非常多，人们怀着无比崇敬的心情来到这儿。,/Date(1547988884000+0800)/,3
71741636,毛主席纪念堂是为了纪念开国领袖毛泽东而建造的，纪念堂位于一天门广场，坐落在原中华门的旧址，是1976年11月24日，按照中共中央的决议，在天安门广场上举行的奠基仪式，时任国务院总理中共中央主席华国锋，在仪式上讲话。1977年落成，占地57000多平方米。,/Date(1504190432000+0800)/,5
5384725,首都北京的毛主席纪念堂不是一直开放的,/Date(1612664862000+0800)/,1
5384725,毛主席纪念堂不是一直开放的 运气好的话一定要去参观下,/Date(1591324849000+0800)/,0
58381128,排队的人太多，其实没必要太早去排队，只要开始检票后就很快了。参加很快就完了。主要是陪老人家去看，了却老人家的心愿。里面有卖菊花的，可以买也可以不买。,/Date(1525583127000+0800)/,5
201028939,不错，勿忘历史性贡献！！！,/Date(1608026910000+0800)/,1
215179074,前人栽树 后人乘凉，感恩。,/Date(1606052203000+0800)/,1
72003197,给老人买的票，有酒店接送服务和讲解，很贴心,/Date(1604802593000+0800)/,0
68170852,来北京去毛主席纪念堂还是很不错的选择，建议一早就去，人非常的多，排队超久的，纪念堂不允许拍照，提前要在对面指定的点寄包，里面有卖菊花的，10元三朵，在纪念馆里不能大声说话，虽然参观时间就只是围着毛主席走一圈，但是氛围超好，真心庄严肃穆，值得去一次,/Date(1558519534000+0800)/,4
173128382,可以免费参观，怀念毛主席，毛主席纪念堂做得非常好。为何下午不能参观？希望能改进，因为参观的人太多了。,/Date(1535190508000+0800)/,5
3206886,昨天去的天安门广场，毛主席纪念堂就在上面，我们瞻仰毛主席纪念堂，人超级多的哦1，排队排了两个多小时，大家都很敬仰毛主席，,/Date(1519176340000+0800)/,2
671028,毛主席纪念堂在天安门广场的中轴线上，共有两层，一层是瞻仰毛主席遗容的，二层是毛泽东、周恩来、刘少奇、朱德等革命业绩纪念室。不过游客只能参观一层，参观由北门进入，首先映入眼帘的是正中的汉白玉毛泽东坐像，背景是一巨幅绒绣壁画《祖国大地》，如果在纪念堂门口买了菊花（3元/枝），可供奉在这里，接着分为两队进入瞻仰厅，可以看到毛泽东身着中山装，身上覆盖着党旗，安卧在水晶棺里，因为是排队绕行，所以不能在瞻仰厅内逗留，不到一分钟就出来了。需要注意的是，这里安检很严，包包相机什么的需要付费寄存，不要存侥幸心理，另外排队的人非常多，且广场上没有遮挡注意防晒，还需衣着得体，脱帽瞻，穿背心、拖鞋之类会被拒绝入场。,/Date(1489328724000+0800)/,2
5384725,中国的伟人 去北京有机会一定要去参观下,/Date(1604285357000+0800)/,0
10695790,坐落在天安门广场南端，是纪念毛主席的。建筑端庄美观，正对人民英雄纪念碑和天安门，气势宏伟，是缅怀革命领袖的主要场所，也是了解历史的窗口。,/Date(1473853811000+0800)/,5
33527988,我们一行8人13号去的，去呢，就是对毛主席的敬仰之情。我和亲戚在外面看包，其余六人进去的，从10点左右进去的，一直到12点半出来的，在里面一直走S弯，建议体质差的别去了。,/Date(1471332535000+0800)/,5
12163423,景点是免费的，不用花这20。,/Date(1607218057000+0800)/,0
31812533,庄严肃穆，怀着一种沉重的心情去参观毛主席纪念堂，大家都是严肃的表情，瞻仰一眼毛主席仪容，庄严肃穆，会遥想战争时期的中国大地，以后要发奋读书建设祖国,/Date(1445160107000+0800)/,2
19771910,瞻仰开国领袖   观澜名胜古迹,/Date(1517768535000+0800)/,2
37351407,非常好，教育意义非常大,/Date(1605951135000+0800)/,0
1095547,第一次写点评，不为别的，就为告诉大家别去了，3—8月维修不开放，别跑这个行程啦！,/Date(1488361132000+0800)/,7
28119719,很早以前去的北京，跟团游，参观毛主席纪念堂时，特意起了个早床，赶到纪念堂外，还是被人山人海的排队人群震惊了。慢慢跟着大家进去，没有献花，鞠了个躬，就出去了，前后不超过一分钟，不过还是很值得的，来北京一定要参观毛主席纪念堂，这是对一代伟人的尊重，没有毛主席就没有新中国。,/Date(1478062380000+0800)/,3
116714215,毛主席纪念堂.一层一层的安检还真严啊.切记.大包小包是不能带上去的.要到天安门广场东侧的存包处存包.上去后看见毛主席安详的躺在水晶棺里.身上铺着一面五星红旗,/Date(1504168654000+0800)/,5
16398021,看毛主席纪念堂一定要记住：早起！因为11点以后就关闭了，而且要排大队。所以早早的来是最好的办法。瞻仰毛主席的遗容，心里还是百感交集的。,/Date(1446045293000+0800)/,13
2984692,免费，需要身份证，还有9元三束菊花，有心就好，所以没有买，进去后，走过不到10秒就出来了。,/Date(1538123522000+0800)/,2
51840818,入前提前打听好开不开放，去的时候人很多，需要排队，所以最好早点，再一个不让带东西，存包需要花钱，最好少带包裹！,/Date(1456624766000+0800)/,7
40415993,毛主席纪念堂参观免费，在外面许多游客绕着圈排成长长的队伍，陆续缓慢的进入瞻仰主席遗容。我原本也铁定要进去瞻仰我们的伟大领袖毛主席的，想不到管理方的某些做法让我十分反感。情况是这样的，因为进入参观不能携带行李、相机等物品，因此管理部门设置了临时存包处。,/Date(1490859556000+0800)/,4
77376569,第一次亲眼看见伟大的领袖毛主席，那种崇敬，激动的心情无以言表。所有的游人进入大堂以后都肃然起敬，不约而同的静了下来，一代伟人的面容和身躯就停留在我们的眼里，心里，我想：每一位中国人的内心都会激动，骄傲，自豪的！,/Date(1483488150000+0800)/,2
20345960,"这座出现在人民英雄纪念碑南面、与天安门遥遥相对的标志性建筑，随着毛主席周年忌日这天正式对外开放，从此进入公众视野，逐渐成为首都的著名景点。
四周环绕的汉白玉栏杆上的万年青花饰，与两层玻璃飞檐间镶着的葵花浮雕遥相呼应，特显民族特色。",/Date(1463880808000+0800)/,4
45861139,作为中国人参观下中国一代伟人，祭拜下伟人,/Date(1447044568000+0800)/,0
2627022,伟大领袖毛主席教导我们，这句话对我们有点年纪的人感触是不是很深。不过现在去看毛主席他老人家离得太远，而且匆匆而过，真没看到什么。深刻缅怀伟大领袖毛主席！！！,/Date(1452381739000+0800)/,4
7972784,紅色旅游之地—毛主席纪念馆是很多旅游人士在北京的打卡之地，这也是对老一辈革命家的敬意。不过前往时，要注意时间安排，否则会排很久的队,/Date(1567747669000+0800)/,3
13018271,2017年3月1日至8月31日内部整修，参观不了。,/Date(1491360892000+0800)/,5
229221323,为啥不能用耳机听，只能扬声器，这样子影响别人不好,/Date(1608597225000+0800)/,1
47030838,从2019年12月起支持在网上个人预约餐馆，登录毛主席纪念堂右下角个人预约即可，凭身份证号，提前一天即可预约，到西北侧单独查验，10分钟就搞完了！,/Date(1579658984000+0800)/,0
6072764,来北京，看天安门，看毛主席，这是必须到的景点。需要存包，不能带东西进去，这个要注意。排队有时候时间比较长。,/Date(1446810325000+0800)/,2
236338245,"毛**纪念堂是免费的，为了接受爱国主义教育，瞻仰伟大的毛**，我带上自己的小外甥在烈日炎炎下排队，拍了将近3个小时，才匆匆忙忙的瞻仰了伟大的领袖。
上个月去的是，只有上午才开放纪念堂，很多人从早上就开始排队，在接近纪念堂附近有卖纪念花束，10元一束。很多人购买。",/Date(1570247480000+0800)/,1
50347575,来到首都北京，必须去瞻仰一下伟人～ 就在人民英雄纪念碑这里～建议不要带包～包需要去马路对面寄放，浪费时间，非常不便～ 排队的通道比想象中快～排队过程中可以买花，献花～进去的时候对手机照相管控很严格，从两侧通道进入，离毛爷爷遗体有一定的距离～只可远观～脚步不能停留～,/Date(1525754463000+0800)/,1
9174131,今天是周日，排队去毛主席纪念堂瞻仰主席的人非常多，寒冷的天气也抵挡不了人们来到天安门，首先身份证需要安检，然后过了马路才是毛主席纪念堂这一侧，周二到周日开放，不允许带包，排队进去的时候，手机、钥匙、都需要安检。买了三束花献给毛主席。今年是他去世的第37个年头了吧，排队分成两队进去，大家都很自觉的不说话，摘了帽子。前门进，后门出，整个过程也就一分钟左右吧。,/Date(1511248382000+0800)/,5
36221678,免费景点，就在天安门广场上。我们看完升旗又磨蹭了一会儿，就排队排到了西南角，围着纪念堂的队伍有两圈，也就是说要进到纪念堂里，至少要围着纪念堂走两圈。不过我听保安介绍，秋冬时候上午11点去人就很少。所以建议不赶时间的亲们晚点去。,/Date(1477229723000+0800)/,5
90918680,确定6月去北京，毛主席纪念馆闭馆，是不是就没有机会瞻仰毛主席了?有可能开放吗?,/Date(1494175305000+0800)/,7
196558191,这次来是留下了一个遗憾，老爸老妈专程来看毛主席，可惜10月1日到5日不开放，6日7日才开放。而我们5日就要回程长沙，这个一个莫大的遗憾。毛主席永远在我们心中,/Date(1538704896000+0800)/,3
242021150,好像不是每天都可以参观的，伟人。,/Date(1586907221000+0800)/,1
39854492,伟大的毛主席，永远在我们心中，走近您，走近历史，不禁让我们更加热爱祖国,/Date(1564924943000+0800)/,7
30957280,进入毛主席纪念堂，不能带相机，不能带背包，门口有免费存放处。瞻仰的人很多，排队都要几个小时。不可停留，快速进出。可以重复排队。,/Date(1477213300000+0800)/,2
16978685,很大气的地方，到了北京一定要去看看才行。排队时间有点儿长，衣着要得体，才能进去，里面装修风格简约奢华，不愧是集全国之力建设的。,/Date(1477195532000+0800)/,2
32152949,五月份，不是八点开门，我们七点十分去的时候已经入场一万多人了。早排队，早进入，提前排队很重要……当然别带不让带的也很重要……,/Date(1463786320000+0800)/,8
26792922,每次到毛主席纪念堂人都很多，大家都想在此缅怀伟大的领导人毛主席。有有幸参观了二楼，这里有个小型影院可以让大家重温爱国影片。,/Date(1476153582000+0800)/,2
5688928,不用介绍，每个在红旗下长大的人都应该去给伟大的毛主席鞠躬。,/Date(1456836646000+0800)/,7
866126,毛主席纪念堂，来北京一定会打卡的地方,/Date(1584919480000+0800)/,0
50359082,位于天安门广场的侧面，为了纪念伟人毛泽东，很庄严，检查的很仔细，不可以背包进去，太多限制，也是为了安全，排队的人很多,/Date(1465362568000+0800)/,4
237721328,"【景色】庄严肃穆，大气恢宏
【趣味】全世界有良知人心目中的圣地，中国人民永志难忘向往景仰的神圣殿堂…
【性价比】免费",/Date(1581070811000+0800)/,0
2484238,排了里三层外三层，只为瞻仰毛主席遗容一眼，感受无产阶级伟大革命领袖和导师带给我们的震撼和教育,/Date(1455436411000+0800)/,3
3842406,毛主席纪念堂，来这里一定要早起，人很多，慢慢排，通过安检，进去看看毛主席,/Date(1448944726000+0800)/,2
1700808,是限时间的！要九点后才开放于游客，跟团的七点就可以进去了！人蛮多，排着长长的队伍！进入不能带水、带包需要寄存。,/Date(1446122433000+0800)/,10
25946443,帮长辈定的门票，有专人讲解的，长辈反应整个体验还不错，地方也挺大的，预计要2到3个小时，因为有讲解，而且是团队形式的，所以进程会慢一些，如果不需要讲解，单纯自己逛的话，预计1到2小时。,/Date(1544507400000+0800)/,0
36136033,免费 避开周一，早上去，下午没有开放。入口在博物馆方向那边，出口在正阳门方向那边。要进去这里，不能带包，小包也不行，也不能带水。所以你必须寄包。,/Date(1463130016000+0800)/,4
1117346,每到有关毛主席的重要时段，来瞻仰的人们非常多，都非常有序、非常安静的慢慢等待，慢慢进去，都是发自内心的感动、感慨、感受！,/Date(1512391664000+0800)/,3
2038425,是纪念毛主席的地方，可以瞻仰毛主席的遗容。非常庄严肃穆。没有毛主席就没有新中国啊,/Date(1451565001000+0800)/,1
32458613,天安门广场的标志性建筑、非常的庄严肃穆、在毛泽东主席塑像前敬献鲜花、赡仰遗容、缅怀伟人的丰功伟绩。,/Date(1445996818000+0800)/,0
14413849,值得一去 毛主席还是受到很多人的敬仰的,/Date(1510040561000+0800)/,1
616685,到北京必须要参观的景点，这里是伟人的纪念堂，无需过多介绍，来了就知道，这里庄严肃目，宏伟壮观，可以瞻仰主席遗像，具有十分的历史纪念意义。,/Date(1450879205000+0800)/,2
746075,"就在天安门广场上,来到北京建议一定要抽空来这里看看.旁边是人民英雄纪念碑,如果要参观的话,最好在十一点之前,下午闭馆.所有包和相机都不能带进去,旁边存包处,存完包再排队参观.",/Date(1480176076000+0800)/,0
6395940,天安门广场，很多人排队，检查的很仔细，一些东西是不允许带进去的，好像周一闭馆，记得安排好时间,/Date(1450417395000+0800)/,0
5990745,毛主席纪念堂位于天安门广场的中轴线上，人民英雄纪念碑南面，是党的第一代革命领袖集体的纪念堂，庄严肃穆。我国开国领袖毛泽东长眠于此，每天慕名来此瞻仰领袖遗容的游人络绎不绝。,/Date(1511410861000+0800)/,0
95640726,今天从天安门前经过，看到好多人在高温下排队等候瞻仰毛主席遗容。感动他们的热情，但，我们常常应该敬仰的和温习的恰恰是毛泽东的伟大思想,/Date(1497529306000+0800)/,2
7139694,毛主席纪念堂是纪念毛主席的，我们会去参观，而且绝不拍照因为这体现的是道德问题。我们都很敬仰毛主席，因为是他为我们打造的全新的新中国,/Date(1480508757000+0800)/,2
69337511,纪念堂大门南北两侧各有两组8米多高的群雕，分别展示着中国人民在毛主席领导下的革命历程。纪念堂大厅中央是汉白玉雕刻的毛主席坐像。纪念堂的核心部分是瞻仰厅，安放着毛主席的遗体,/Date(1476941859000+0800)/,0
49029699,很期待来这里，想去瞻仰毛主席，他和照片上一样，还是那么慈祥，由衷的敬仰,/Date(1453118212000+0800)/,1
44879147,去了几次了，每次去都怀着敬仰的心情，怀念永存心中！,/Date(1448922632000+0800)/,0
30039196,毛主席纪念堂位于天安门广场南部，免费参观，周一不开放，进入参观需要凭有效证件排队入场，不允许带包，水杯，饮料等物品入场，可寄存到广场东侧的存包处，不能穿背心、拖鞋入内。,/Date(1478930888000+0800)/,0
114321104,雄伟壮观！端庄肃静！刚刚开放人气旺！排队入馆！,/Date(1507792383000+0800)/,2
33184443,瞻仰伟大领袖容颜，只有三秒钟的时间，那一刻真的很想时间停留在那一刻，向伟大的领袖致敬,/Date(1492278427000+0800)/,2
33581890,瞻仰毛主席仪容，缅怀先烈。毛主席纪念堂安检很细，不要带任何液态东西，否则会被没收。,/Date(1447772088000+0800)/,0
16769264,毛主席纪念堂是不允许带背包、水杯、相机等物品的。大家可以将不必要的物品寄存在广场东向，马路对面的存包处。建议:除了身份证、手机以及钱包，其他物品都存了吧~,/Date(1460284671000+0800)/,2
150243530,中国人民敬仰的地方，每一个中国人都应该去看看的地方。,/Date(1582874274000+0800)/,1
103947144,带领孩子瞻仰了毛主席遗容，献花。心灵得到了一次洗礼。,/Date(1500278649000+0800)/,5
3377823,庄严肃穆。带孩子和老人，去看望了毛主席。一周有一天是要闭馆的。早上需要早点去，要排队的。我们是1小时就排到了。,/Date(1481287100000+0800)/,2
65867949,一个非常严肃，充满敬意的，神圣的地方。进去不能带任何东西，不允许拍照等等，如果有包之类的，会有专门的地方存放，进去之后不能过多逗留。可以父母去看看,/Date(1499702513000+0800)/,0
17524332,毛主席纪念堂是瞻仰毛主席的地方，按顺序进入！,/Date(1571140022000+0800)/,5
235461,非常值得一去的地方，向伟人致敬。不过有时候可能不开放，看运气喽。,/Date(1449355314000+0800)/,0
2663495,伟大领袖的肉身在这里，就是参观需要限制，经常看见排队几千米的情况,/Date(1447750923000+0800)/,0
210866782,***纪念堂是免费的，现场手机预约就可以,/Date(1607438288000+0800)/,1
69946550,排了好久好久的队，终于瞻仰到毛主席遗容！很感慨！！还献花了，很幸运，因为不是每次到北京都有机会的，周一闭馆，经常大修的！,/Date(1513730383000+0800)/,1
201680674,毛主席纪念堂作为国人的我们还是值得去的，虽然可能排队会需要一些时间，里面不能携带背包、不能拍照！,/Date(1541560425000+0800)/,0
25561008,站在纪念堂，我就已经肃然起敬了，看到毛主席像，就有种想哭的感觉，伟人呀中国的伟人，兵哥哥站的好直好直，也辛苦了，守护毛主席的遗体，敬礼！,/Date(1511930764000+0800)/,0
36879388,心情无比激动，很庄重，让人永远难忘,/Date(1575506376000+0800)/,1
193360981,不错不错，有点可惜的是刚遇到下雨。,/Date(1566256141000+0800)/,1
19764492,一定要查好开放时间再去，不然见不到毛主席，然后还要排队,/Date(1445394188000+0800)/,0
78170227,请问下，能确定纪念堂现在是在装修，九月才对外开放吗？如果是这样，我们就十一再去了！谢谢大家！,/Date(1502186024000+0800)/,2
37265433,值的去，叫现在80.90.00后都学习一下老一辈革命年为建设新中国所做出的努力，怀念毛老人家,/Date(1496817866000+0800)/,2
85474211,一直想去瞻仰毛主席的遗体，由于场地装修原因，未能如愿，但中国人都应该来感受一代伟人的英姿！,/Date(1491000148000+0800)/,2
6515663,凭身份证可以排队去毛主席纪念堂瞻仰毛主席遗容，在我们前边一个五六十岁的男人全程都在流泪。,/Date(1477122593000+0800)/,2
48255224,抬头望见北斗星，心中想念毛泽东，想念毛泽东……,/Date(1451132790000+0800)/,0
69946550,北京必去景点景点之一毛主席纪念堂，真的排队是人山人海，一圈一圈的绕毛主席纪念堂转，安检很严厉！提前存包！,/Date(1526222904000+0800)/,1
49519011,中国的伟人，没有他老人家，就一定没有新中国，毛主席万岁，来北京一定要来看一看他老人家,/Date(1516674695000+0800)/,2
82467875,毛主席纪念堂在天安门广场的中轴线上，共有两层，一层是瞻仰毛主席遗容的，二层是毛泽东、周恩来、刘少奇、朱德等革命业绩纪念室。,/Date(1504675170000+0800)/,0
65402481,毛主席纪念堂是免费的，排队进入，不要带包，进去有庄严肃穆的感觉，同时心里酸酸的，一代伟人像躺在那里睡着了，非常值得去瞻仰。,/Date(1486526234000+0800)/,0
808038,毛主席纪念堂就在天安门这里，我们没有进去瞻仰主席的音容相貌，下次有机会一定去看看。,/Date(1450930928000+0800)/,2
571084,值得瞻仰，值得铭记，中国伟人，世界伟人！,/Date(1545397018000+0800)/,0
45859239,安检很严格，毛主席纪念堂里面的庄严肃穆。,/Date(1528371332000+0800)/,0
20737383,".毛主席纪念堂是的，卤煮和机油没有瞻仰到毛爷爷是不会罢休的。窝们又来了！！！起了一大早，嗯，被提醒先去马路对面存包，带着身份证和钱包去排队。拖下帽子，扔掉零食和水。经过几轮安检才能进去。钱包是进去后给毛爷爷买花儿用哒，3元一朵黄菊花。
瞻仰完就默默出来，不要也不能逗留。很多伯伯爷爷特别虔诚。",/Date(1456352263000+0800)/,0
35709824,毛主席纪念堂，虽然排了好久的队，才见到真人，从心底想，这就建立新中国的伟大的主席。真的敬佩，没有他，哪有我们的今天！,/Date(1460764629000+0800)/,0
29628633,那次去天安门，恰巧毛主席纪念堂开放，把身上的东西存了就进去瞻仰了毛主席遗容,/Date(1496943186000+0800)/,2
51713704,由内而外的敬仰之情，伟大的领袖。,/Date(1487347964000+0800)/,2
14871949,去的时候刚好赶上闭馆，父母也没有一定要去。猜想天安门城楼更具备代表性吧。,/Date(1455068869000+0800)/,2
2560909,人多不是错，真的是有罪啊，毛爷爷需要安静滴躺着呀,/Date(1486362332000+0800)/,1
423245,庄严肃穆的地方，背包、水壶(瓶)、手机、照相机都不可带进去，想去瞻仰的同学们千万注意了,/Date(1522857915000+0800)/,1
58127601,人多，值得看，很早以前就想见门见伟人毛主席，终于见到了，真伟大。,/Date(1534736605000+0800)/,2
166080905,这次来北京主要想来看毛主席遗容的，可是却碰上两会，真可惜，可能以后都不会来北京了,/Date(1520428632000+0800)/,5
26044843,就在人民英雄纪念碑南边。要寄存包的，也不能拍照。排队进入，里面很安静，因为大家都被庄严肃穆的氛围感染了，都很自觉。瞻仰了毛主席遗容，很安详。,/Date(1452148891000+0800)/,2
19073620,开国一代伟人毛主席的遗堂，过来瞻仰一下，身份证免费领取入场,/Date(1455947135000+0800)/,2
7641906,进去之前身上的背包存在对面，口袋的东西全部清空。过三道安检，保持整齐安静进去纪念堂瞻仰主席遗容。,/Date(1488547361000+0800)/,0
42929436,安检极其严格，打火机之类的都不可以带入；排队的人很多；,/Date(1566049433000+0800)/,2
894264,伟大领袖的遗体存放馆，以供人们瞻仰，追思，悼念，从而更好的建设自己的国家，让中国更加繁荣富强！,/Date(1473527340000+0800)/,0
36432798,作为一个中国的公民，我们敬爱的毛主席是要瞻仰一下的！去的时候人特别多，排了两个小时才一睹真容的，大太阳地下两小时啊，可怜毛主席在人民心里的地位有多好高了！,/Date(1471880132000+0800)/,1
,到北京这里也是人民必去的一个地方，看看毛主席纪念堂。,/Date(1535019644000+0800)/,2
85518702,伟大领袖，开国元勋，新中国的救星,/Date(1499242859000+0800)/,3
48722389,纪念堂禁止拍照，禁止携带任何包裹，需要在广场外的存包处存储，每天来参观的人很多，但是井然有序,/Date(1492319704000+0800)/,0
49049814,作为一个标志性的建筑，衣冠要整洁，拖鞋是绝对不允许的。还是很宏伟的，很有气势的。大家都挺肃静,/Date(1456732689000+0800)/,0
44974149,很值得一去的地方，看看毛主席的遗体，缅怀一下老人家,/Date(1552601266000+0800)/,2
5082510,人真的好多好多，排队排了快三个小时，人挤人，最后进去看只能看一两分钟,/Date(1524283007000+0800)/,1
24809609,来的时候是晚上，不让进去，但是单看外面就很雄伟。,/Date(1497939941000+0800)/,2
3035728,瞻仰毛主席遗容时很肃穆，献上花，于是再排队，又瞻仰了一次，值得去！,/Date(1520115812000+0800)/,1
10781690,瞻仰毛主席的地方，可惜目前闭馆，要九月份才开放,/Date(1503245618000+0800)/,2
2464808,位于北京市中心，环境幽雅，风景秀丽，值得看看。,/Date(1490963572000+0800)/,0
29747210,毛主席纪念堂，位于市中心，在天安门广场的北侧，来这里詹养的人很多，来北京必去的地方。,/Date(1471477613000+0800)/,0
82467875,毛主席纪念位于天安门广场的南侧，从天安门城楼上观看，毛主席纪念宏伟壮观，庄严肃穆。,/Date(1509508193000+0800)/,0
20245301,虽然拍了几个小时队，虽然只能进去停留几分钟，但看到毛主席的真容，依然非常感动。。。,/Date(1475663757000+0800)/,0
25366069,毛主席纪念堂座于天安门广场，这里还有人民英雄纪念碑，人民大学堂，也是升国旗的地方，,/Date(1470573243000+0800)/,0
53953185,到北京第一件事就是去看毛爷爷，很激动，自豪,/Date(1463585816000+0800)/,0
49650587,排了好半天的队才进去的呢，但是心不急，为了瞻仰主席值得了，很庄严的时刻，应该去看看,/Date(1458524073000+0800)/,0
202034398,风景好美，下次还会再来，超级喜欢，都没来过这么漂亮的地方??,/Date(1577167077000+0800)/,1
2005930,一代伟人长眠于此，庄严肃穆，排队是常态。,/Date(1519367577000+0800)/,2
23293771,庄严肃穆，进去之前记得不要带任何东西，可以带几块钱，买白菊。,/Date(1517007185000+0800)/,1
83397435,我们前天逛天安门时去了毛主席纪念堂，去那里都要到斜对面寄包比较麻烦，其他还方便，所以劝大家只要带个手机，身份证，现金放口袋就好了！省很多时间,/Date(1506732164000+0800)/,1
41410142,外面看，气势宏伟，排队参观的人太多了，周末去得，队伍排了估计有一两百米，真是壮观,/Date(1498662524000+0800)/,0
36805926,这次来毛主席纪念堂在装修，九月一号才开放,/Date(1496228086000+0800)/,2
86773636,环境很好，很有纪念性，很多人但很安静，,/Date(1497536876000+0800)/,2
152416734,伟大的领袖  毛主席纪念堂   国人的骄傲   英雄,/Date(1535101444000+0800)/,2
32122255,虽然行色匆匆，但是这是毛主席纪念堂啊，就算只能远远看五秒钟，还是觉得好激动。,/Date(1523009577000+0800)/,0
17715889,去北京天安门，毛主席纪念堂也会一起看完，还是人多，站了3小时，就看了不到2s,/Date(1502618016000+0800)/,0
87563342,观看主席仪容肃然起敬伟大的领袖！给我们打下江山。尊重您！,/Date(1491462264000+0800)/,1
72780579,值得一去的地方，怀着那份敬仰缅怀先烈,/Date(1477552974000+0800)/,0
26564660,毛主席记念堂，在天安门广场，这里还有人民大会堂，是全国人民来北京必去的地方，,/Date(1470124308000+0800)/,0
117156457,红色革命圣地，忆苦思甜，值得去看看伟人们的艰苦奋斗史。,/Date(1560406687000+0800)/,1
74856187,更好的爱国主义教育基地，非常受教育，爱国民主富强文明！,/Date(1554770937000+0800)/,1
154510164,我去的时候正好在维修，没能进去看一眼怪可惜的，外面和整个天安门建筑风格相似,/Date(1518460932000+0800)/,0
796034,北京必去的地方之一，记得找正规地方存包，保持肃静，不建议带过小的孩子前往。,/Date(1510533919000+0800)/,0
7375629,值得去，毛主席是我们心中的大阳，瞻仰他老人家的仪容，是每个中国人想念的事情,/Date(1497299287000+0800)/,0
38464086,伟大领袖：毛主席纪念堂，期待……、,/Date(1495471485000+0800)/,2
11032447,今天是中午看到了毛主席，你是中国的骄傲也是世界的骄傲。,/Date(1485336862000+0800)/,1
23512390,要排长队，远远看下，有纪念品可以买,/Date(1458451123000+0800)/,2
75122464,人超多，建议想看的朋友，早起看完升国旗就要去排队等候了！不然根本看不到！,/Date(1528625547000+0800)/,0
64838154,庄严肃穆，大气磅礴，瞻仰遗容，心里说不出的感激之情。,/Date(1471055976000+0800)/,1
73672599,是免费参观的，只是要排队，看见了毛主席，心里很激动,/Date(1570458467000+0800)/,1
70081723,进去不能背包，手机要关机，绕一圈进去，不能远路返回，远远的瞻仰下毛主席,/Date(1474732176000+0800)/,0
66297934,心灵的升华，中国人的伟大领袖。,/Date(1472042948000+0800)/,2
25368491,排队瞻仰了毛主席遗体，三十秒的时间，什么也不能带，除了身份证，终身难忘,/Date(1462011859000+0800)/,0
83710901,毛主席纪念堂庄严神圣，参观的时候要遵守相关规定！,/Date(1573811550000+0800)/,1
91967551,很值得一去的地方，和妈妈一起去的，拍了很多照片,/Date(1502812325000+0800)/,1
35132909,伟大领袖毛主席安寝的地方，庄严肃穆，气势恢宏，使人有种莫名的压抑。,/Date(1472972147000+0800)/,0
49559132,伟大领袖毛泽东遗体存放处，庄严，肃静的地方。瞻仰毛主席遗体的地方。,/Date(1469637106000+0800)/,0
52896143,伟人遗容，值得缅怀，去的时候要排队，带身份证,/Date(1545617376000+0800)/,1
84313076,今天来北京玩，顺便来到毛主席纪念堂，纪念中国伟大的缔造者毛主席。,/Date(1496142845000+0800)/,0
50485863,去毛主席纪念堂要排队，不让带像机，饮料，火机，包，可以寄存到广场东面，大门口有一道安检，有卖鲜花的，三元一束。跟着人流慢慢走就行，不能讲话停留。,/Date(1475982676000+0800)/,0
45636287,中国人民来北京最为向往的地方，都要来瞻仰。,/Date(1483782375000+0800)/,1
5558521,排队排到怀疑人生，真是人太多了，注意安全,/Date(1569250985000+0800)/,1
30017586,历史在这里，中国在这里，我们民族的精神！,/Date(1526547361000+0800)/,1
89399623,七八月正好修缮，不开，挺不凑巧。不过天安门广场故宫也有的走了,/Date(1504355729000+0800)/,0
64836710,小时候还能去瞻仰一下毛主席，现在就是外地游客的一个旅游景点。,/Date(1502042033000+0800)/,0
66182496,10月11日上午去看了。早上7点不到去排队，8点半才进去，人太多了！瞻仰毛主席遗体不到10秒钟就出来了，旁边武警不断在催往前走往前走，想多看一秒都不得行，只能看到毛主席的半边脸，在特殊灯光的照射有点带红色的，时间短且距离有些远，隔着水晶棺外面还隔着一层玻璃！,/Date(1476541553000+0800)/,1
64103244,天安门广场的毛主席纪念堂是人民瞻仰毛主席仪容的地方，需要排队,/Date(1469951038000+0800)/,0
40415993,记得周一闭馆呀！别白跑了。早上必须早些排队，否则大排长龙的，还要收费存包，价格也贵，应该免费才对呀。,/Date(1454586015000+0800)/,2
74427568,伟大领袖毛主席，非常庄严，近视眼得戴上眼镜因为离得比较远。,/Date(1504369783000+0800)/,0
1941590,从小就学习过这个地方，来了几次依然是在门口怀着敬畏没进去。,/Date(1496046490000+0800)/,0
3389909,庄严肃穆的地方，全国各地的人民缅怀毛主席，新中国的创史人。,/Date(1482662085000+0800)/,0
23396593,这里非常值得一看，可能所有人都看过了，是我非常仰慕的地方。,/Date(1480723466000+0800)/,0
2822935,瞻仰毛主席的地方，纪念馆安检很严格，门外排队等候的人很多。,/Date(1473312396000+0800)/,0
79548953,虽然是人造的景点，但是也算是不虚此行,/Date(1514468203000+0800)/,1
93722519,毛主席纪念堂好威严，什么都不能带进去，还可以给主席鲜花。,/Date(1511943639000+0800)/,0
90074509,肃然起敬的神圣殿堂，凭有效证件瞻仰。,/Date(1505721029000+0800)/,1
105921263,毛主席永远活在人民心里，人民的救星！,/Date(1503149832000+0800)/,1
73498192,毛主席的遗容，泡在福尔马林里的水晶棺椁中，行进的速度很快,/Date(1498894307000+0800)/,0
74427568,不用门票，但要身份证，严格安检，每周有闭馆，要注意时段。,/Date(1493343943000+0800)/,0
3206886,纪念堂就在天安门对面，人民大会堂边上，每天很多人排队进入,/Date(1475279745000+0800)/,0
53948074,看见了伟人开国领袖毛主席我很激动没有他也就没有中国的今天,/Date(1468246113000+0800)/,0
78030243,是每个中国人都应该去瞻仰一下的地方,/Date(1567506032000+0800)/,1
32049944,毛主席纪念堂的外观非常的大，以前的人确实是非常的能干！,/Date(1508917337000+0800)/,0
1820923,八点半左右可以参观人多要存包。主席静静地躺在水晶棺中。,/Date(1457676147000+0800)/,0
529608,去那儿圆一下小时候的梦想吧，瞻仰伟人尊容最好的地方！！,/Date(1456146012000+0800)/,0
1010934,天安门广场上的重要建筑之一了，因为参观的游人不少，要排队进入的，建筑庄严肃穆，建筑外还有雕塑。,/Date(1455786879000+0800)/,0
74308503,在这里可以买束鲜花瞻仰一下遗容。,/Date(1570027076000+0800)/,1
36845077,神圣！庄严！毛主席万岁！！！！！,/Date(1542694456000+0800)/,1
68574007,毛主席纪念堂位于天安门广场的中央，是毛主席安息的地方,/Date(1473425625000+0800)/,0
6715205,来到首都北京，都应来瞻仰毛主席！心怀崇敬，别嬉笑啊。,/Date(1457170915000+0800)/,0
234458844,不错，讲解的很详细，携程首选。,/Date(1563935110000+0800)/,1
8124532,瞻仰伟大领袖毛主席的神圣地方！,/Date(1512277134000+0800)/,1
78258377,庄严肃穆 伟人的音容笑貌犹在 民族的灵魂 伟大领袖毛泽东,/Date(1511621726000+0800)/,0
151030029,庄严肃穆，敬仰崇拜，诚心瞻仰！,/Date(1510583282000+0800)/,1
33790575,每天都会有人自觉排队瞻仰伟人的遗容……伟大领袖！！,/Date(1497174205000+0800)/,0
30807908,对伟人敬礼，一个装严的场所，包，手机等是不能带的。,/Date(1496067377000+0800)/,0
1157276,只能上午去参观，游人特别多，要排很久的队才能进入。,/Date(1448544127000+0800)/,0
65652026,排队参观的人还挺多的，毛主席的遗像还保持得很好。,/Date(1507267102000+0800)/,0
84655811,毛主席纪念堂是要去的，缅怀开国领袖。可以献花的。,/Date(1499621058000+0800)/,0
557432,庄严肃穆的毛主席纪念堂是一定要去的，缅怀瞻仰一代伟人，伟大领袖毛主席让中国人民站起来了。,/Date(1468077856000+0800)/,2
1157276,去瞻仰毛主席遗容的人特别多，要排很久的队才能进去,/Date(1445251766000+0800)/,0
78317736,纪念中国革命的领导者，中国人民的救星，一代伟人,/Date(1516894034000+0800)/,0
26443975,伟大领袖毛主席的纪念堂，瞻仰参观的人络绎不绝。,/Date(1497502587000+0800)/,0
39419691,迎晨光，遥望红旗飘扬。排长队，瞻仰伟人雄姿。,/Date(1524188582000+0800)/,0
154254370,可以参观毛爷爷遗体，不能带包进入，存包要钱的,/Date(1516542264000+0800)/,0
15225278,参观人数太多了，排队时间太长，瞻仰时间太短了,/Date(1512607396000+0800)/,0
934185,伟大领袖毛主席纪念堂，让后人们瞻仰，值得一去,/Date(1500670238000+0800)/,0
75012999,是庄严肃穆的地方，也是我们怀念毛主席的地方。,/Date(1499311904000+0800)/,0
49750525,不要钱的，人太太太多了。毛主席还是很伟大的。,/Date(1455322881000+0800)/,0
5259918,著名的瞻仰毛主席的地方，在天安门广场边上。,/Date(1484446514000+0800)/,0
3412461,免费，排队进，不能停留。各怀不同心境罢了。,/Date(1450146396000+0800)/,0
67557092,免费参观，但是只能上午开放。需要寄存包包,/Date(1511910206000+0800)/,0
,排很久队才能进入，可以瞻仰毛主席的遗容。,/Date(1490286346000+0800)/,0
7139694,来北京一定要来毛主席纪念堂瞻仰一下毛主席,/Date(1482415685000+0800)/,0
202034398,故宫真的是好大，我感觉要是具体的逛，一天也走不完，怪不得以前的人都是轿子抬的呢 ，不过毛主席纪念堂要排队，等了不少时间。,/Date(1564721038000+0800)/,0
90348445,免费开放的，周一闭馆，平时只能上午去看,/Date(1516029047000+0800)/,0
12054429,小的时候来过一次！神圣的地方！建议来。,/Date(1501914224000+0800)/,0
91413150,有毛主席的水晶棺，毛主席相貌栩栩如生。,/Date(1499485012000+0800)/,0
3206886,毛主席纪念堂好大，好多游客过来瞻仰遗容,/Date(1495064549000+0800)/,0
36929553,排着长队看的，进去的时候大家都很安静！,/Date(1494293029000+0800)/,0
3206886,就在天安门对面，好多人瞻仰毛主席的遗容,/Date(1476718590000+0800)/,0
17974470,毛爷爷长眠之地，排队的人很多，要早点去,/Date(1474893645000+0800)/,0
6465389,瞻仰新中国的缔造者——一代伟人毛主席！,/Date(1459426811000+0800)/,0
11587786,比较庄严肃穆，排队，瞻仰的人比较多。,/Date(1511663138000+0800)/,0
35741978,朝圣之旅，中国人心中的圣地，纪念伟人,/Date(1499703716000+0800)/,0
60941511,敬仰怀念、纪念堂雄伟宏大。景观美丽。,/Date(1498182838000+0800)/,0
,哎去了两次都没看到这次开放还得9月完,/Date(1491730196000+0800)/,0
73792367,这里值得一去，满足孩子的愿望，开心。,/Date(1478172209000+0800)/,0
5384725,好期待去目睹下 可惜上次去的时候闭馆,/Date(1557798623000+0800)/,0
52276868,非常值得一去！免怀伟大的革命领袖，,/Date(1510086927000+0800)/,0
4448986,国庆长假前往，缅怀先人，倍受鼓舞。,/Date(1507201438000+0800)/,0
27659431,周一不开馆，不过感觉也不错！继续！,/Date(1499146005000+0800)/,0
23206370,人们到这里缅怀我们伟大领袖毛主席。,/Date(1497738179000+0800)/,0
9128256,瞻仰主席遗容，人有时候不少。很敬畏,/Date(1473727955000+0800)/,0
,排队1小时，瞻仰30秒，值得一去。,/Date(1463658199000+0800)/,0
106158898,终于得此见呵呵……中国代表之一呀,/Date(1557493768000+0800)/,0
75410540,进去以后，不由自主对伟人由然起敬,/Date(1503939284000+0800)/,0
27574118,一个只听名字就让人肃然起敬的地方,/Date(1496475306000+0800)/,0
23206370,供人们瞻仰我们的伟大领袖毛主席。,/Date(1492988642000+0800)/,0
19779909,毛主席纪念堂现在不对外开放，今天刚去过，要到2017年的9月1日才开放。,/Date(1492613788000+0800)/,2
23206370,带孩子来瞻仰一下伟大领袖毛主席。,/Date(1491096912000+0800)/,0
3206886,毛主席纪念堂非常圣神，好多人参观,/Date(1490876371000+0800)/,0
7961910,很壮观的建筑，缅怀伟大领袖毛主席,/Date(1482193240000+0800)/,0
596897,在天安门广场南边，人们怀着崇敬的心情瞻仰毛主席遗容，排的队伍转了几个弯。,/Date(1456269653000+0800)/,2
218023694,好的很   值得去看看   我们的伟大领袖,/Date(1552311431000+0800)/,0
37951250,历史人物，值得去展仰，纪念。赞,/Date(1529479418000+0800)/,0
25819168,前来瞻仰的人很多，第一次来，！,/Date(1517193437000+0800)/,0
89429216,可以瞻仰毛主席遗容，免费开放。,/Date(1517093578000+0800)/,0
80776995,这里是北京最值得纪念的地方！！,/Date(1511387732000+0800)/,0
5423548,伟大领袖毛主席，值得我们敬仰。,/Date(1498138113000+0800)/,0
7139694,这是一个纪念堂，纪念毛主席！！,/Date(1492170636000+0800)/,0
31136457,还是要去看看的，毕竟是国家领袖,/Date(1488014615000+0800)/,0
19830664,不是每天开放进去一次不容易啊。,/Date(1480405137000+0800)/,0
19028217,伟大领袖毛主席，我们永远怀念！,/Date(1476486443000+0800)/,0
69155657,有空去看看伟大领袖毛主席，敬礼,/Date(1474667719000+0800)/,0
24755493,爸媽一代會想去看的，毛主席萬歲,/Date(1471448205000+0800)/,0
699152,值得去的地方，孩子對歷史的深刻,/Date(1469965835000+0800)/,0
112985348,这里是必须要去瞻仰的～中国,/Date(1529141630000+0800)/,0
10781690,可以瞻仰毛主席的地方，每年有半年时间是闭馆的，想去的要注意时间,/Date(1519343711000+0800)/,2
4653329,庄严肃穆，一代伟人，应该祭拜瞻仰！,/Date(1467157748000+0800)/,3
97219517,至今依旧有毛主席的遗体供人瞻仰祭拜，不是每天都开。,/Date(1503584285000+0800)/,2
1087980,中国只有一个主席，那就是毛主席。主席，我们想念你。,/Date(1456664836000+0800)/,2
52422445,爱国主义教育基地呀，值得带孩子去，但现在装修，要到八月份开呢,/Date(1493973795000+0800)/,1
49901236,然后毛主席纪念堂，瞻仰了伟大领袖毛主席的遗容，没有影像资料。,/Date(1454684742000+0800)/,1
196254102,2013年5月28日-6月1日北京参加培训，期间抽时间去市区各景点参观。5月31日上午结业，下午来到天安门广场游览。,/Date(1538787221000+0800)/,0
51567360,毛主席纪念堂就在天安门广场附近，可以去瞻仰一下，相机是不能带入的，需要寄存,/Date(1483686925000+0800)/,0
21119218,皇家园林，气势恢弘，大气磅礴，百年沧桑，历代帝王，深宫怨史，难忘，满足。,/Date(1564720418000+0800)/,0
171572408,一直想进去看看，可惜有站岗的军人没让进，外面看看吧,/Date(1541912901000+0800)/,1
2887330,一定要提早去，最好从纪念碑左边即天安门西边去排队。排队时带好早餐，两个小时左右应该就能排到。进去可以带菊花，空调很冷，小心感冒。,/Date(1472433474000+0800)/,1
3701569,没啥好看的，在门口拍拍照就行，进去还得各种安检啥都不能带，太麻烦了。,/Date(1447169602000+0800)/,0
3516578,因为不要门票，性价比还可以，进入很严，远远的看了一眼，觉得不真实！,/Date(1510887866000+0800)/,0
5384725,可以近距离瞻仰伟人的的好机会 绝对不容错过,/Date(1572921631000+0800)/,1
73144343,因为在维修，九月份才可以逛，还是很期待,/Date(1496915781000+0800)/,1
4503654,过去从书本上电视上看到的，真真实实地就在你面前，庄严肃穆,/Date(1498826201000+0800)/,0
177360785,伟人应该去瞻仰，缅怀他的丰功伟绩。,/Date(1527171857000+0800)/,1
1110115,没人知道纪念堂闭关装修了吗？听说要17年9月1日才开。,/Date(1498957460000+0800)/,4
25696350,主要是瞻仰一代伟人的遗容，很肃穆，很安静，特别感慨。,/Date(1450324396000+0800)/,0
37826947,怀着无比崇敬的心情参观了纪念堂，排队没用多长时间。,/Date(1521548876000+0800)/,0
81356521,江山如此多娇，引无数英雄竟折腰。一代伟人，一代才人,/Date(1489493545000+0800)/,0
49307143,小时候排队去看毛爷爷，队伍老长了。比世博会还长。,/Date(1503480698000+0800)/,0
58377570,排了很久的队，两个小时才见到，毛主席还是那么伟大,/Date(1467711505000+0800)/,0
33827357,这个是一种情节吧，得排队，然后停留不超过十秒。,/Date(1499068459000+0800)/,0
1517435,排队的人特别多，可以看看，不过看一次也就够了。,/Date(1476130835000+0800)/,0
12742111,毛主席纪念堂，瞻仰伟人风采，同游天安门广场！,/Date(1511657653000+0800)/,0
10781690,每年3到8月封闭，9月开放，可以看到主席,/Date(1511394595000+0800)/,0
28372444,伟大领袖毛主席！有空到北京一定要去瞻仰！,/Date(1464436004000+0800)/,0
58515204,毛主席纪念堂位于天安门广场，周一休息。,/Date(1522982752000+0800)/,0
89746640,由内而外的敬仰之情，伟大的领袖就是牛！,/Date(1493635730000+0800)/,0
17541962,中国人民心目中的圣地，中国梦的发源地。,/Date(1472595328000+0800)/,0
23008833,伟大共和国的缔造者，一定要钱来瞻仰。,/Date(1502931046000+0800)/,0
30274343,毛主席纪念堂真的很不错的，可以去看看,/Date(1501960552000+0800)/,0
7670680,好多去瞻仰毛爷爷的人，爱戴他、敬重他,/Date(1500212259000+0800)/,0
35240601,怀念伟大领袖毛主席，新中国的缔造者。,/Date(1491564708000+0800)/,0
3412461,免费，排着长队，要安检，庄严肃穆。,/Date(1472611716000+0800)/,0
17999465,伟大领袖毛主席，全国人民瞻仰你！,/Date(1506654068000+0800)/,0
116194331,这个是应该过来瞻仰一下伟人的。,/Date(1512787541000+0800)/,0
155816673,安检比机场还严 里面很多工作人员一路催着大家走 就看到几秒..没看清楚就出来了,/Date(1530287472000+0800)/,1
88180519,庄严，神圣，我来这都好认真好认真，穿的也十分得体。,/Date(1498727290000+0800)/,1
13403583,一个很神圣的地方，很小的时候进来过一次，排着很长的队。,/Date(1477698491000+0800)/,0
35402098,现在从广场东口进入最方便，要在广场外存包，安检很严。,/Date(1454325996000+0800)/,0
23857985,排队的人很多，瞻仰了一下毛主席的容貌，很神圣,/Date(1514901853000+0800)/,0
165707829,毛主席纪念堂位于天安门广场，周一闭馆。,/Date(1522966440000+0800)/,0
161738584,毛主席纪念堂位于北京天安门广场。,/Date(1522965526000+0800)/,0
53666493,来了才知道***纪念堂是免费的啊，不知道60块钱买的票是干啥的，坑人。。。,/Date(1607138784000+0800)/,1
30785752,骗钱的，去到就是要在人民网预定而且是免费的，根据不用钱去买票。然后又不能退钱。,/Date(1607243899000+0800)/,2
290157905,预约不要钱？我在携程上花了20买的票，进去一分钟就出来。,/Date(1606622002000+0800)/,1
194160836,纪念堂是免费的景点 自己可以上网预约 别浪费20一张票却在携程上订了！！！！,/Date(1606967635000+0800)/,1
232989663,排队两小时，观看十秒钟，排队一直在绕   建议人少可以去看,/Date(1563934358000+0800)/,8
218557957,毛主席纪念堂每年三月一号到二十号设备维修，不对外开放，携程为什么不通知一下，大老远白来一趟了，太相信你们了。,/Date(1553042686000+0800)/,24
65186987,瞻仰一分钟，排队2小时！不想排队早点去排队！,/Date(1471951679000+0800)/,6
