275711641,"【景色】
【趣味】
【性价比】
【性价比】
【趣味】
【景色】
【性价比】
【趣味】
【景色】好",/Date(1677498375000+0800)/,0
1150935,两会会堂，建国初期的建筑奇迹，基建狂魔初现端倪！,/Date(1678281558000+0800)/,0
28604644,去人民大会堂有多条线路公交车和地铁到。,/Date(1678448239000+0800)/,0
5148025,北京人民大会堂在天安门的旁边，雄伟壮观,/Date(1675838909000+0800)/,0
4207023,值得一去，确实壮观大气！强烈推荐！,/Date(1674479117000+0800)/,0
4207023,十分值得一去，强烈推荐！庄严肃穆！,/Date(1673715781000+0800)/,0
196837749,人民大会堂位于北京市中心天安门广场西侧，西长安街南侧。人民大会堂是中国全国人民代表大会开会的地方，是全国人民代表大会和全国人大常委会的办公场所。是党、国家和各人民团体举行政治活动的重要场所，也是中国国家领导人和人民群众举行政治、外交、文化活动的场所。,/Date(1662554180000+0800)/,8
56833139,非常值得去的一个地方，下次再来。,/Date(1669214427000+0800)/,1
370520824,去人民大会堂有多条线路公交车可以到。,/Date(1668784098000+0800)/,0
79254620,我愿给到五星🌟，因为布景非常用心，太太太棒了！特别感谢工作员，昨天非常耐心地给予专业的指导，默默点个赞👍,/Date(1667875412000+0800)/,0
2225275,人民大会堂是全国人民代表大会和全国人大常委办公的场所，很多慕名而来的游客只能在门口拍拍照，这是神圣而心驰神往的地方。今天很荣幸受朋友之邀进来参观，内部从吊灯到摆设、以及地毯和各个细节都特别讲究，大厅主色调是金色和中国红，墙上悬挂很多珍贵的名画，还陈列一台全世界最大的钢琴，两个小时参观下来心潮澎湃，无比自豪！,/Date(1496917140000+0800)/,60
253234,"乘坐地铁1号线到天安门西站下车后步行过去，人民大会堂位于天安门广场西侧，我们所知道的是全国人民代表大会的开会场所，非常著名，人民币100元的背面就是这里。
大会堂的参观门票30元，购票进入人民大会堂内部后，就可以参观部分开放的各个厅堂，金色大厅和万人大礼堂……，万人大礼堂的红五星和众多亮灯组成的璀璨天顶特别吸引我们，可是参观时是拍不到红五星的，有点可惜，人民大会堂里面还挂着好多名画，比如江山如此多娇，比如范增的画，有机会去北京，一定要去看看哦！",/Date(1493120956000+0800)/,63
67225423,总感觉里面很神秘，想亲眼看看领导人开会的地方，终于如愿了，里面装修的很气派很豪华，万人会场不是一般的大，各种地方展厅也是非常漂亮，只是大部分展厅没有开放很遗憾，票价30元现场购买的，希望携程可以合作低价门票，值得一看。,/Date(1473982608000+0800)/,9
2991166,人民大会堂是人民大会堂是中国全国人民代表大会开会地和全国人民代表大会常务委员会的办公场所，是党、国家和各人民团体举行政治活动的重要场所。壮观巍峨，建筑平面呈“山”字形，非常有特色的设计。,/Date(1653177576000+0800)/,4
2991166,人民大会堂位于中国北京市天安门广场西侧，人民大会堂中的万人大礼堂南北宽76米，东西进深60米，高33米；位于大会堂中心区域。其穹窿顶、大跨度、无立柱结构。可以参观，非常宏大有气势。,/Date(1655693889000+0800)/,4
57835344,虽然北京的暑假人流量特大，但我依然过来天安门——每次来北京必到的地方。只为享受一下澎湃的心情，大多数都是隔着电视屏幕观看，这个暑假有幸来到她的面前，感觉真的不一样！心情更加激动。,/Date(1627780618000+0800)/,2
3261326,人民大会堂位于天安门广场西侧，壮观巍峨，建筑平面呈“山”字形，两翼略低，中部稍高，四面开门。外表为浅黄色花岗岩，上有黄绿相间的琉璃瓦屋檐，下有5米高的花岗岩基座，周围环列有134根高大的圆形廊柱。人民大会堂正门面对天安门广场，人民大会堂建筑风格庄严雄伟，壮丽典雅，富有民族特色，以及四周层次分明的建筑，构成了一幅天安门广场整体的庄严绚丽的图画。,/Date(1447742668000+0800)/,21
292598258,人民大会堂从规划、设计到竣工，只用了10个月，向世人展示了中国人民的高超智慧和伟大力量。十周年国庆之时，新落成的人民大会堂前举行了阅兵仪式和欢庆游行,/Date(1621470730000+0800)/,2
897521,北京人民大会堂是位于天安门广场，这里可以看到全中国人民向往的天安门和英雄纪念碑，这里是中国的政治中心，过去由于工作原因经常光顾。,/Date(1583991554000+0800)/,14
217745114,虽然今天人有点多，但是服务人员配置齐全，服务很到位，态度也很不错！地理位置非常好，门口不远处就是地铁站，交通非常方便，冲这一点给五星好评！,/Date(1648905832000+0800)/,1
1726151,在人民大会堂门口，拍照的最佳位置就是大会堂门口的台阶上，后面是大柱子和国徽为背景，中央电视台的很多采访镜头都是对准这里。,/Date(1645332542000+0800)/,1
1726151,人民大会堂是难得进去参观的，一般情况下我们也不会进去。但赶上有活动的时候，我们还都是很兴奋的，记得有一次我们单位搞活动在里面。,/Date(1644414828000+0800)/,0
6508139,人民大会堂，站在天安门广场之上，就会看到努力大课堂标志性建筑,/Date(1658271228000+0800)/,2
28940897,历史悠久，世界奇迹，政治文化中心。。。,/Date(1648396089000+0800)/,2
733888,不错不错，值得一去，很漂亮的地方，雄伟的建筑，推荐,/Date(1654937687000+0800)/,1
219605985,总之来到这里以后，给人一种美的享受，让你的心灵得到一次解放。,/Date(1656628879000+0800)/,0
53126869,建国初期的北京十大建筑之一，市举行全国重点活动的场所。,/Date(1646831905000+0800)/,0
1510765,北京人民大会堂是代表全国人民协商国事的地方,/Date(1659146393000+0800)/,0
2441304,"人民大会堂位于天安门广场西侧，面朝广场。从广场上望去，大门正面十二根浅灰色大理石门柱气势恢宏。正中间上方鲜红醒目的国徽庄严无比。

人民大会堂是党、国家和人民团体举行政治活动的重要场所。同时也是一个非常值得前往参观的景点。
进入人民大会堂，会发现每天在新闻联播屏幕中看到的很多场景、事物都近在眼前：中央大厅、万人大礼堂、《幽燕金秋图》、《江山如此多娇》等等等等，仰望又亲切。

每个到北京游览的中国公民都应该去参观一下人民大会堂，这是中国公民行使或被代表权利的地方。",/Date(1589379362000+0800)/,2
49008073,里面的壮观也是令人，巨幅画面宏伟壮丽！,/Date(1659045003000+0800)/,0
1117346,位于广场西侧，建筑风格独特，巍然屹立。,/Date(1656745006000+0800)/,0
37269493,进去看过几次演出和报告，非常庄严肃穆,/Date(1651842791000+0800)/,0
8903616,非常神圣庄严肃穆的地方，值得一去。,/Date(1648196782000+0800)/,0
1117346,上个世纪中国人自己设计建设的建筑。,/Date(1646529563000+0800)/,0
20315281,去看看，参观一下，顺便吃顿便饭。,/Date(1654155058000+0800)/,0
284635873,非常不错👍👍👍👍值得期待,/Date(1650767070000+0800)/,0
242055469,我去过，里面金碧辉煌，非常大气。,/Date(1649294767000+0800)/,0
97028142,国家地标性建筑物，欢迎大家来打卡,/Date(1647949854000+0800)/,0
1117346,经典的中国特色，建筑风格独特。,/Date(1658562374000+0800)/,0
74204551,人民币纸币上的景点，已经打卡了一大半，一块钱的西湖三潭印月，五块钱的泰山五岳独尊石，五十块钱的布达拉宫，这次终于打卡了一百块的人民大会堂。,/Date(1592316910000+0800)/,2
53126869,建国初期的北京十大建筑之一，宏伟壮观，庄严神圣，是举行重大国事活动和召开重要会议的地方。,/Date(1627896106000+0800)/,1
31523964,经常开放，可以进去参观的。跟新闻联播里一个样,/Date(1622181675000+0800)/,3
24797139,人民大会堂非常壮观，漂亮，大气磅礴,/Date(1659010529000+0800)/,1
40415993,我爱蓝天白云的天安门广场，人民大会堂也显得更加庄严与漂亮！天晴总是令人心情舒畅！再次看到了日出天安门，从北京西站一路飞骑前往天安门广场，溜达了一大圈，天晴蛮舒服的,/Date(1597071993000+0800)/,2
4089680,中国最为经典的建筑。人民代表开会之地。,/Date(1648696190000+0800)/,0
33626148,北京市中心，中国人民代表大会开会的地方,/Date(1648370494000+0800)/,0
53126869,建国初期北京十大建筑之一，是举行外事活动和大型会议的地方。,/Date(1638347499000+0800)/,1
235653029,人民大会堂宏伟壮观，值得一看。。,/Date(1655346650000+0800)/,0
37269493,有幸踏入人民大会堂几次，很壮观,/Date(1660486896000+0800)/,0
53126869,北京建国初期十大建筑之一，是召开全国性重大会议和国事活动的场所，,/Date(1619503276000+0800)/,0
13585369,雄伟壮观的人民大会堂，为了国家的强盛，多少人在这里参政议政。,/Date(1640401112000+0800)/,0
50695342,人民大会堂，庄严肃穆的开大会的地方。,/Date(1632971812000+0800)/,1
4752913,人民大会堂雄伟壮观，非常棒，点赞！,/Date(1630482342000+0800)/,1
50695342,人民大会堂庄严肃穆的会议中心。,/Date(1633829982000+0800)/,1
88472710,上个世纪的伟大建筑，真的很不错,/Date(1624935380000+0800)/,1
116032136,全国人民向往的地方 必须致敬！,/Date(1625530269000+0800)/,1
119591687,很庄严气派，雄伟的建筑，很值得去参观一下,/Date(1638968268000+0800)/,0
54886986,永远缅怀，永远纪念，曾经去过，以后会再去,/Date(1627486974000+0800)/,0
80276453,庄严的地方，万众瞩目的地方，向往的地方。,/Date(1625265977000+0800)/,0
56199769,"强烈建议大家在看完升旗仪式后，来这里看一下，至少你可以拍摄下那个宏伟的天花板。有很多星星的顶棚，会给你新闻联播不同的感悟。去了两天，每一天有每一天不同的感悟。
不过，更值得期待的则是：
不同的厅，与各层楼之间的当代艺术珍品。没错，绝对称得上是一次美之旅程。",/Date(1513089732000+0800)/,12
5334719,人民大会堂，人民的礼堂！据说10个月就建成完工，里面真心大，宴会厅屋顶超级高，很多灯，很可惜没能看到灯光全部打开的情景，只开放几个地方厅，湖南上海广东很想看安徽厅，工作人员说不开放，也可以拍纪念照片，楼上楼下都可以拍，万人礼堂很大，就是开大会的地方，70以上老人半票,/Date(1465713791000+0800)/,42
34428119,很有特色的地方，很有历史痕迹，值得一看,/Date(1624175982000+0800)/,0
205074108,庄严肃穆的人民大会堂，中国前进的动力,/Date(1632446865000+0800)/,0
1726151,很少有机会在夜晚来天安门广场，因为现在一到晚上就清场了，偶尔有机会开车经过，又经常是匆匆而过，连红绿灯都不用等，今天是坐车，让司机慢些开，才能拍得如此清晰。,/Date(1603638919000+0800)/,0
175077283,庄严肃穆的人民大会堂，是神圣的地方,/Date(1628129532000+0800)/,0
12167818,环境好，干净卫生，不愧是祖国的中心,/Date(1627814279000+0800)/,0
14572898,好好好好好好好好好好好好好好好好好,/Date(1626334391000+0800)/,0
520846,全国人民都到这里来开会，很神圣啊！,/Date(1617806223000+0800)/,0
77759798,很喜欢很特色的中国建筑感谢设计者,/Date(1626592441000+0800)/,0
175077283,庄严的地方，在外面看看也不错。,/Date(1640922145000+0800)/,0
266004510,必须点个赞，是个好地方，好地方,/Date(1638925351000+0800)/,0
266004510,人民大会堂，气势宏伟，蔚为壮观,/Date(1630545024000+0800)/,0
175077283,有幸去到那里，真的肃然起敬！！,/Date(1622334071000+0800)/,0
13288065,非常庄严肃穆的地方，是中国的权利中心，最高权利的代表。建筑水平方向的表现非常硬朗，配合中心的几根巨大的立柱，做到了构图多样统一。,/Date(1604335472000+0800)/,1
1527582,good  !!!!!!!!!,/Date(1637488836000+0800)/,0
54886986,开会去过很多次，庄严、肃穆，不敢说不好！,/Date(1628782984000+0800)/,3
32590051,人民大会堂是建国十年的十大建筑之一，其中的万人大会堂仍然是召开党的全国代表大会，人大会议，以及建党、建国和建军重大庆典仪式的地方。在这里上演了《东方红》这个历史性的宏伟大剧。二楼宴会厅是我国举行国宴的地方。,/Date(1501711040000+0800)/,9
3922142,人民大会堂巍峨雄壮，参观一下非常的好,/Date(1658653184000+0800)/,0
15139517,国家重要的议会场所，在没有重要活动的时候可以进去参观！,/Date(1628930121000+0800)/,1
1083850,非常荣幸获得邀请参加人民大会堂内举办的一个会议。从车辆人员的专用证件邀请函，和里里外外的安全检查。绝对让你感受到这是真正高逼格高大尚的地方。大会堂内的陈设，展现了中国的民族特色和辉煌大气！,/Date(1483058000000+0800)/,8
5384725,中国首都北京 人民大会堂不是所有人都能进的,/Date(1619666369000+0800)/,1
190600184,说个故事增加大家体验感。这副江山如此多娇是主席亲自题词，也是他唯一在绘画题词的作品。当时是傅抱石和关山月共同画的，可能是时间紧任务重压力大，傅抱石画时隔一段时间出去几分钟喝几口酒。希望你们看到画时可以闻到酒香,/Date(1612847191000+0800)/,5
30601777,30元门票，安检比较严，水和火机不能带进！比较宏伟值得参观,/Date(1451743724000+0800)/,29
239551422,一进门就是非常庄严的，里边设计的都是非常具有中国特色的。,/Date(1619586420000+0800)/,0
5384725,北京的人民大会堂 有机会去北京的话一定要去看下,/Date(1644476993000+0800)/,0
54886986,这么伟岸的地方，去过，进去过，不得不说好！,/Date(1636559995000+0800)/,0
27048297,首都的中心，人民当家做主，参政议政的地方。,/Date(1636210155000+0800)/,0
5384725,北京的人民大会堂 去北京游玩时 路过门口 看了看,/Date(1627531752000+0800)/,0
1484089,人民大会堂是有建筑学家梁思成，桥梁学家茅以升等老一辈工程学家于上世纪五十年代建成的五十年代十大建筑之一，其建筑工程水平，和设计风格也得到了国际建筑学家的肯定，其恢宏大气，气势磅礴，科学实用的中华风范更是令世人翘楚。尤其是入夜华灯初上，晨曦一抹初阳升起，更显华人雄姿，尤其是与邻旁巨蛋相衬影晖，更尽显其撩人风姿，更显其伟岸雄风。值得一游。,/Date(1478490571000+0800)/,23
520846,首都，全国人民会聚一堂，几在意这里开会,/Date(1615470078000+0800)/,0
114742339,不错不错不错不错不错不错不错不错不错,/Date(1635027184000+0800)/,0
32590051,位于天安门广场西侧，是建国十年的十大建筑。有能容纳万人，分三层的人民大会堂。其中还有盛大的宴会厅。每个省市自治区有一个厅。在大会堂内有许多国宝级的艺术珍品。有巨大的图画，高大的漆器，在这里还经常举行文艺演出，曾看出俄罗斯艺术家的表演。,/Date(1499669218000+0800)/,5
67910024,最早的时候晚上的时候经过一次晚上的灯光，特别的漂亮，然后早上又去看了一眼，特别喜欢这个状元的建筑，感觉到非常的神圣，前面的花卉做的超级美。,/Date(1585272767000+0800)/,0
67951412,这个建筑给人一个非常庄严而且又非常和谐的一种感觉。虽然并不是很高，但依然是非常漂亮的，前面的绿化效果真的太棒了。各种花开得非常的漂亮。,/Date(1584922212000+0800)/,0
215809345,60年前，在新中国成立十周年之际，庄严雄伟的人民大会堂在首都北京落成。这座人民的殿堂，见证了社会主义中国人民当家做主的生动实践。以人民的名义，她走过沧桑，芳华依旧。过去、现在、未来，这座殿堂与人民永远同在。,/Date(1557931309000+0800)/,4
32590051,位于天安门广场西侧，是建国十年的十大建筑。有能容纳万人，分三层的人民大会堂。其中还有盛大的宴会厅。每个省市自治区有一个厅。在大会堂内有许多国宝级的艺术珍品。有巨大的图画，高大的漆器，在这里还经常举行文艺演出，曾看出俄罗斯艺术家的表演。,/Date(1498855695000+0800)/,4
229723670,去过北京看过了天安门，但是怎么能不沿着广场去看看最雄伟的人们大会堂了，代表中国整个政治文化的中心，发展改革的重要路决定之地，让人肃然起敬。,/Date(1611715779000+0800)/,3
4564499,来这里参观得拼人品，经常有外事活动取消参观。今天正好对外，一定要去观摩一下啊门票30块，有两层可供游客游览，面积不大，但好多在电视里看到的画面这回看到真的了，发个朋友圈绝对高大上啊,/Date(1518086721000+0800)/,4
12160212,和爸爸去毛主席纪念堂出来就去了人民大会堂，竟然开门能进去，妈妈说她去北京出差这么多年这么多次没进去过一次，我和老爸多幸运呀～因为包包都寄存了，所以学生证不在身边，只好买了全价票。进去了之后爸爸很激动，嘿嘿～他开心就好！,/Date(1515744330000+0800)/,3
12061385,感叹当年施工之快又精良的建筑工人，走进大会堂，你会看到里面的处处都是那么精致美丽。,/Date(1605828047000+0800)/,2
5943946,一辈子难得的机会吃一次人民大会堂的国宴,/Date(1461042683000+0800)/,17
2225275,小时候常常在课文里读过人民大会堂，电视里也经常看到。人民大会堂主要由三部分组成，进门就是中央大厅，厅后是万人大礼堂会场旁边是大宴会厅，另一边是万人大常委会办公楼，里面还有个省市自治区命名的会议厅。,/Date(1502562048000+0800)/,2
255536074,历时的见证。。。。。。。。。。。。,/Date(1637465903000+0800)/,0
6508139,伟岸屹立在广场上的人民大会堂是人民代表旅行权力的地方，在这里有很多游人驻足拍照观赏。人民大会堂是北京游览必去之地！,/Date(1602292333000+0800)/,0
3469399,很高大上的地方，不错不错，挺好的,/Date(1628861002000+0800)/,0
106001293,景色宜人！性价比超高！壮观宏伟气派！无法用语言表达！只有亲身去感受，所以一定要去看看，不错👍👍,/Date(1612580034000+0800)/,0
154730513,人民大会堂，进去要经过复杂而仔细的安检，但比想像的容易，持邀请函。大堂特别高大，中间大厅感觉有四层楼那么高，超高大吊顶，整个大厅华丽，稳重，不轻佻。非常好。,/Date(1578375324000+0800)/,1
53126869,建国初期的北京十大建筑之一，是召开全国重要会议和会见来访国外元首的地方。,/Date(1611553809000+0800)/,1
530412,来了几次帝都才第一次进到人民大会堂里面，不管如何都还是很激动的，虽然只能在演出开始前匆匆参观一下东区，还是非常开心的，下次要白天来～,/Date(1580723666000+0800)/,0
32590051,人民大会堂位于天安门广场西侧，著名的建国十周年十大建筑之一。红色的大理石柱子庄严雄伟，能容纳万人的大会堂世界闻名，这里是党和国家最重要的大型会议举办地。,/Date(1509578498000+0800)/,3
23469222,国家领导接待外宾，和开会的地方，参观了万人大会议厅，这里还有一个非常大的宴会厅，是国家庆典的地方，非常大，估计可以摆5000桌,/Date(1468831979000+0800)/,8
113282025,累并快乐着，很会照顾老年人，态度很好，行程安排的满满的，玩得开心,/Date(1604936192000+0800)/,1
6540969,说说它的餐饮，餐食很有特色，虽然全是中餐，却是西式吃法，各人一道菜，吃完换盘再上。,/Date(1593917192000+0800)/,0
5826675,全国人大常委会办公的地方，也是中国举行大型外交活动的场所，很高兴可以来参观人民大会堂，整体设计大气磅礴，内部装修高尚典雅，有着很浓郁的中式文化艺术，很值得体验。,/Date(1497930043000+0800)/,2
4089680,天安门广场西侧标志性的建筑。50年代修建的非常壮观。,/Date(1592709984000+0800)/,1
29503383,人民大会堂位于天安门广场西侧，是全国人民代表大会开会地和全国人民代表大会常务委员会的办公场所，每年的人大，政协会议都在这里召开。门票30元，地铁天安门东，天安门西都可到达。游客只能参观迎宾厅接待厅以及个别省厅。,/Date(1501487343000+0800)/,7
6508139,去北京市必须去人民大会堂去看一下的这座建筑在世界上的聪明。,/Date(1593562788000+0800)/,0
32590051,人民大民堂位于天安门广场西侧，她是建国十周年的十大建筑之一，大会堂能同时容纳万人开会，至今仍是全党大会，人大和政协全国代表大会的举办地。,/Date(1559232828000+0800)/,2
179233985,人民大会堂是建国十年的十大建筑之一，也是我国举行党的全国代表大会，每年人大大会和政协大会的地方，她位于天安门广场西侧，可以入内参观。,/Date(1554162855000+0800)/,2
42435466,雄伟庄严嘅人民大会堂，係党和国家领导人开会嘅地方。,/Date(1601443909000+0800)/,0
54581407,人民大会堂 很好看 很宏伟不错,/Date(1613964301000+0800)/,1
24809609,好想再去一次，上次去的太匆忙，想白天再去一次。,/Date(1587391955000+0800)/,0
65542661,中国政治最神圣的殿堂，国家大事都是出自这里。,/Date(1586524368000+0800)/,0
5384725,北京著名的景点 千万不要错过 不是随时都能去的,/Date(1594174945000+0800)/,0
27720425,很高大上的地方，建筑宏伟，不过遇到有会议是不让参观的，最喜欢里面的各种门和屋顶啦！,/Date(1458774816000+0800)/,6
116301465,记得小学课本上就有人民大会堂的文章，真好,/Date(1585383030000+0800)/,0
242021150,难得有机会进去餐馆，我到了会议厅的二楼。,/Date(1584609902000+0800)/,0
22888843,"看的最多的还是100元人民币上背面的图案，我总希望能时常看到大会堂，这样我就有好多钱啦，开森。

人民大会堂对面是中国博物馆，本来是预约了博物馆的，但是人实在太多，排队更本就来不及了，最后就放弃了，然后看到了对面的人民大会堂。

前面正前方是天安门，这些都在这里了，想逛的想看的全部都看了。

人民大会堂为建国10周年首都十大建筑之一，完全由中国工程技术人员自行设计、施工，1958年10月动工，1959年9月建成，仅用了10个多月的时间就建成了。创造了中国建筑史上的一大创举。

门票是&amp;#165;30.00
不过也有时间规定，游览时间大概2个小时就足够了，虽然我没有进去看看，但是还是值得走一圈的。",/Date(1512399211000+0800)/,2
1904373,"外观很壮观啊！不过门口的拉客仔也不少，而且大会堂应该是一个建筑群吧，不开会时道路是对外开，开会是就封闭啦。俺们经过的时候还看见一群一群兵哥哥进去——开会吗？
因为住在附近，所以大早就到了，这时候人少，拍照也好看。",/Date(1511331860000+0800)/,2
225052469,人民大会堂庄严神圣，到北京必去的地方。,/Date(1590538717000+0800)/,0
25063734,"庄严雄伟的建筑 如果能亲自进去一次的感觉十分的不同
这里的各个地方厅以及主楼的各个角落都把庄严感表达的淋漓尽致 
建筑物和谐的内部构造十分富有特点",/Date(1565856597000+0800)/,1
33579700,雄伟壮观气势磅礴，中国最大的会场。,/Date(1602516001000+0800)/,0
50517738,对孩子进行爱国主义教育的最佳选择。,/Date(1588971864000+0800)/,0
250070441,建筑很宏伟壮观！伟大的祖国我爱您,/Date(1611663156000+0800)/,0
10757488,各种会议和接见各国领导人的地方…,/Date(1585205064000+0800)/,0
265757657,人民大会堂庄严肃穆，高端气派。,/Date(1596159555000+0800)/,0
195413297,特别恢宏，人民心中最特别的存在,/Date(1590023258000+0800)/,0
18733832,很瞩目的地方 焦点 各种打卡地,/Date(1595565663000+0800)/,0
4592641,人民大会堂是著名的建筑，大家在天安门广场就可以看到了！新闻里经常出现的建筑！小时候学校会组织一起来参观，是非常美好的回忆！,/Date(1490625593000+0800)/,5
55324861,"人民大会堂建于1959年，是新中国庆祝10周年的建筑，当年的十大建筑之一。
大家最熟悉的就是万能大会堂。里面有各个省自治区的会谈，大家可以在分组会议的时候在里面练习讨论。香港厅和澳门厅是回归的时候新建的。
我是湖北人，所以我去找到了湖北厅。",/Date(1567463230000+0800)/,1
20580172,祖国心脏的伟大建筑，北京的地标象征。从从东侧购票参观，30元每人，可以带小包。不可以带打火机。需要安检。不需要刷身份证。,/Date(1558441734000+0800)/,1
26958982,朋友去过了就没再进去，我一个人去的，一圈出来一个多小时吧。里面开放了部分会议室，有些只能在门口看不能进去，有2层，一楼还有小片子介绍,/Date(1500085984000+0800)/,4
58772307,长安街 和天安门连在一起的 晚上去的 夜景也很不错～很多东西 远观就已经足够了 站在它的对面 就想着每年两会期间无数政坛人物从这里进进出出 自己仿佛也身临其境,/Date(1499848394000+0800)/,3
55203129,步入人民大会堂，登时有种异样的感觉，尤其是孩子们，立马有种想好好学习，将来有一天也到这里坐一坐，参加会议，为人民尽一份心意,/Date(1493627383000+0800)/,4
36218441,这是百元大钞上的图案，网上购票后，凭身份证进入，不能带包，有专门存包的地方，十八根汉白玉的柱子，国徽在正中央，进去参观的人很多，因为可是课本上的万人大礼堂，金碧辉煌的顶部，五角星在中央，分外醒目，室内装修精美豪华，名贵的字画，摆设，不失大国的风范，全国人大会议正是在这里举行，还有属于各个省的会议厅，有时间不妨去看看，千万要留意场馆的开放时间，因为都是不固定的。,/Date(1573223077000+0800)/,2
53810990,人民大会堂位于天安门广场西侧，是全国人民代表大会的开会场所和很多全国性政治、外交等活动的举办地，非常著名，是共和国的象征建筑之一，人民币100元的背面就是这里。,/Date(1490691641000+0800)/,2
193002981,"人民大会堂是在党的领导下，最高行政单位全国人大委员会的常驻办公地。
最著名的当然就是万人大会堂和几副名画
比如说江山如画。",/Date(1579058355000+0800)/,0
44505512,人民大会堂位于天安门广场西侧，与国家博物馆相对，是中国政治中心，人民代表大会的主会场。中国自1949年建国至今，很多重大的关乎国计民生的决策都是在这里制定的。,/Date(1509972411000+0800)/,2
2127719,人民大会堂坐落在北京市天安门广场西侧，南北长336米，它建于1959年，整体呈山型，由三部分组成，建筑壮观巍峨，雄伟典雅，非常值得一游。,/Date(1544406282000+0800)/,1
25063734,人民大会堂在天安门广场西侧还是显得十分的雄伟，与国家博物馆对应的建筑风格给人一种威严的感觉。作为一个同样可以接受参观的建筑，进入大会堂后一个个各地的厅有部分对外开放，而每年大会的举办厅气势恢弘。,/Date(1529847237000+0800)/,0
32321999,里面很大很壮观 但有很多厅都不开 进去需要存包 如果不带水的小包可以不存 存包时需要开包检查一下  进去之后按顺序参观就可以,/Date(1474700412000+0800)/,0
5120082,这里不是常人能去的地方，到处都是栅栏拦着，不让进，和哨兵问路是距离五米，不喊听不清。吃饭是走北门，但是连找人找不到。菜的味道不错。,/Date(1513787278000+0800)/,3
107747017,主要是让孩子们对课本上知识有个具体的认知，但最重要的主会场不可以深入，很遗憾，开放了部分省的厅，可以在门口参观，孩子们应该多看看，,/Date(1503485902000+0800)/,3
114644462,《歌颂十九大胜利召开》金秋十月赞菊花，胜利召开十九大，三山五岳展宏图，五湖四海绘国画。,/Date(1508824567000+0800)/,1
5384725,庄严威武 北京人民大会堂 可惜不是随便都能进的,/Date(1611119692000+0800)/,1
73390970,"人民大会堂在天安门东侧，与国家博物馆相对，隔壁是毛主席纪念堂，人民英雄纪念碑。

人民大会堂建立起来已经几十年了，是全国人民政治生活的重要中心，见证了无数的历史。",/Date(1521693839000+0800)/,3
40415993,国旗班英武的战士们迎着朝阳踏着整齐响亮的步伐走出天安门城楼，来到升旗台前，伴随着庄严雄壮的中华人民共和国国歌《义勇军进行曲》，鲜艳的五星红旗在温暖的朝阳的辉映下徐徐上升，迎风飘扬！在场好多人都受到现场气氛的感染而显得兴奋、激动，并纷纷拍照。我瞻仰了人民英雄纪念碑，外观人民大会堂。,/Date(1490859619000+0800)/,3
34259760,位于天安门广场西侧，门票很便宜，可以去参观体验一下庄重的感觉。内部有几个厅会开放参观，大礼堂需要交钱才有最好的拍摄位置。另外，内部禁止携带任何饮品，需要注意。,/Date(1554795954000+0800)/,1
32458613,人民大会堂位于天安门西侧、非常的庄重、壮观、优美、是全国人民代表大会会堂、会堂隔音非常好、且大厅无柱、各方位音效相同、堂内又有以省级命名的厅、是中国人民一个大型的综合性会务中心。,/Date(1445996559000+0800)/,2
164959249,坐在大会堂里头，感慨万千，真的！这是我们国家繁荣昌盛的证明，是国家的核心要地,/Date(1519354921000+0800)/,1
1118401,人民大会堂坐落于天安门广场的西侧，是每年全国人民代表大会的开会场所和许多外交活动和全国性政治活动的举办地。去过2次北京，每次去到门口都被挡，说里面有活动，不是一点点遗憾哪。,/Date(1495803773000+0800)/,2
89264397,这是老一辈在北京最想去的地方之一，里面开放是第一和第二层，可以看到万人大礼堂哦，早上8点开始对外开放，在大会堂正面右侧设有卖票的地方,/Date(1493610678000+0800)/,2
53231857,一路骑行至此，人民大会堂，天安门广场的西侧，在远处拍下照片，来过多次，没有进去参观。全国人民代表大会召开的地方，显示着庄严肃穆。,/Date(1491728220000+0800)/,2
75227441,除了大活动和大会议的时候，人民大会堂都可以对外开放参观。非常辉煌大气，有非常多的山水名画可供欣赏。但参观一定要注意提前查好开放时间，我去的那天只开到中午12点。,/Date(1559207848000+0800)/,0
40415993,庄严肃穆的人民大会堂，想不到是今天碧空万里、阳光明媚，我的心情也兴奋起来了，首先当然去附近的天安门广场了，天安门、人民大会堂、人民英雄纪念碑、毛主席纪念堂、国家博物馆环绕在这个世界最大的广场四周，显得分外雄伟壮观！,/Date(1481893529000+0800)/,2
49643720,人民大会堂在天安门广场西侧，建筑宏伟大气，是中国人民代表大会开会的地方，去天安门广场的话，是可以看到的，还是值得推荐的。,/Date(1480178257000+0800)/,6
54534552,国家大会堂真的是贱得超级漂亮，超级装中前面的花摆的特别有型，而且都特别的新鲜，在这里能够感受到国家的骄傲。如果有机会能够进去开会就好了。,/Date(1550893885000+0800)/,1
19099265,还是值得去看看的，虽然只开了个别的厅还有很多厅没有开放。,/Date(1507377051000+0800)/,1
25063734,位于天安门广场西端的人民大会堂是全国两会开会的地方，很多人都在雄伟的礼堂里面拍照，这座人民的殿堂还经常举办音乐会活动,/Date(1447769559000+0800)/,6
31848719,人民大会堂非常气派，庄严，宏伟。这里只是偶尔开放，有国事活动是不开放的，如果想去的话可以提前了解清楚。进去的时候需要存包。门票三十元，学生半价，进去有严格的参观路线，里面很大，但只开放一小部分。,/Date(1466480790000+0800)/,2
58563607,圆了老父亲N故北京无法参观人民大会堂的梦想，但与我儿时来北京相比，能参观的空间变小了，连顶上的红星都无法目睹了，幸好淡季去人不算多。,/Date(1549897619000+0800)/,1
42391653,很不错，里面很大，大部分可以看,/Date(1496317614000+0800)/,2
67910024,这还是第1次参加大会堂，里边都是人民代表开会的地方，非常的庄重，参观一下也是蛮好的，外观设计非常大气。不过他门前的鲜花非常漂亮。晚上的灯光也很美。,/Date(1579766047000+0800)/,0
54534552,去天安门广场经过这里看了一下，真的是蛮庄严的，虽然并不是很高大的一个建筑，周边做的绿化都超级的好看。有没有机会能够坚持看一眼！,/Date(1575609362000+0800)/,1
256275807,来这里可以欣赏戏曲表演节目，票价不便宜，很多都是老年人来，不过里面真的是非常的宏伟漂亮，特别喜欢金色大厅太惊艳了，在这里欣赏节目真是物有所值！！,/Date(1578052473000+0800)/,0
218434535,人民大会堂这里记得小时候参观过啊，这次来北京这里没有开门不给参观呢，但是从外面看起来就已经相当的壮观了，里面也非常的漂亮啊。,/Date(1572192257000+0800)/,1
2369774,能来人民大会堂里面参观也是人生的一大荣幸。大厅里非常庄严郑重，丝毫没有浮夸。走进万人大礼堂还有金色大厅，尤其是金色大厅，真的感觉出什么叫富丽堂皇这四个字，太棒了！,/Date(1521076727000+0800)/,3
3206886,人民大会堂在天安门广场西侧的广场的西侧路以西（哈哈）西长安街以南，可以买票进去观看，不过票价有些贵，30元一位哦，不错的,/Date(1508200667000+0800)/,1
62377677,人民大会堂坐落在天安门的西侧，耸立的圆形石柱有点欧式建筑的韵味，风格非常庄严，尤其是那万人大会堂，真是非常的庄严肃穆，很多的重要会议决策都是在这里拍板的，也相当于一个心脏机构了！,/Date(1468642618000+0800)/,2
4187152,就是天安门旁边，来了当然要拍照的，庄严，让人肃然起敬，周围好多军人巡逻，听说里面在开什么会？反正没搞懂，好想进去看一下，可是不让进呢，,/Date(1476963780000+0800)/,4
63295497,人民大会堂没有会议的时候可以进去参观，购票30元，这里是著名的人民币背景图片旅游点中，百元大钞的背景图片，来北京一定要过来看一下的。,/Date(1540084844000+0800)/,0
4207619,小时候课本就介绍人民大会堂的了不起之处，很多人会慕名而来，作为游客的话，很多只是在外面拍个合影就走了，里面经常举办一些全国性的活动。,/Date(1481939004000+0800)/,2
54534552,人民大会堂算不上特别的壮观吧，但是整体看上去非常的庄严，因为他也是国家人民代表大会开会的地方里面没有看，在外边看着都特别的好。,/Date(1547433401000+0800)/,0
17640926,看演出去过很多次，里面有很多画，总之气势很大,/Date(1450660764000+0800)/,2
97221766,人民大会堂大家都耳熟能详，并且也属于天安门地区，建筑很雄伟，和周边建筑融合得很好，而且很气派，内部也很精美，附近交通便利！,/Date(1578764543000+0800)/,0
3393681,北京人民大会堂，宏伟壮观，大气磅礴，我是2015年1月底去人民大会堂参加安家举办的房地产大会，这是我第一次去人民大会堂，金碧辉煌，体现我国解放初期建筑风格独特辉煌,/Date(1479278630000+0800)/,2
54534552,不管是远看还是近看，都是非常的雄伟气魄，周边的装饰，花丛什么的都弄的特别的新颖，而且非常的漂亮，果然不愧是国家的大会堂。,/Date(1540180659000+0800)/,0
3206886,昨天去的天安门广场，人民大会堂就在边上哦，建筑远看很壮观的哦，广场上人超级多，人民大会堂的柱子都很粗很粗，霸气的哦，壮观,/Date(1519176514000+0800)/,0
25063734,在国人眼中，因为两会的关系，这里是一座神圣的宫殿，不过其实这里也经常会有一些音乐会等活动供游客开放，建筑里一进大门口巨大的立柱结构就能感觉到十分庄重的仪式感，里面的大堂富丽堂皇的灯泡给人一种很大的视觉冲击，很直观的可以感受到这座十大建筑独特的魅力,/Date(1502632287000+0800)/,0
6995753,早上路过人民大会堂一直觉得他很神圣，很庄严。不错的地方，也是中国的民主中枢。,/Date(1493252949000+0800)/,2
44635717,北京人民大会堂其实我们都不陌生，在新闻联播里面我们经常可以看到这个建筑。小时后我记得自己进去里面参观过，觉得比较大，但是比较旧，现在不知道还能不能进去参观。,/Date(1478101579000+0800)/,2
418444,人民大会堂位于天安门广场，是无比神圣的地方。来此参加宴会，三生有幸。都是提前预定的菜单。环境非常好，空间很大，装修气派。菜品虽然不是很多，但是做的都比较精美。服务员很周到。,/Date(1502666595000+0800)/,3
3205265,第一次进大会堂里面，以前都是在外面看、电视上看，这次看演出有幸参观了一下,/Date(1455455711000+0800)/,0
65732544,北京人民大会堂是位于北京天安门广场西侧的一个中国近现代社会的一个标志性的重要建筑物，也是中国人民代表大会开会场地，一些重要的国内外政治外交活动场所。,/Date(1494754846000+0800)/,2
29608242,来北京总要参观一下人民大会堂，票价30元，不能带包和相机进去，旁边有寄存行李的地方，开放的只有地下一层到二层。一楼有卖小商品。,/Date(1493219281000+0800)/,3
45918561,庄严宏伟，气势磅礴。人民大会堂，人民的大会堂。,/Date(1450956390000+0800)/,5
23503228,之前有凭身份证参观过，里面非常宏伟，最喜欢的是屋顶，会议厅的屋顶，国宴厅的屋顶都非常美！感叹当时那么艰苦的条件下，以超快的速度完成了这座建筑！,/Date(1483202669000+0800)/,2
4131776,人民大会堂就在天安门的附近，这里是中国的政治中心，是中国最高级别会议的召开地。所以，来到这里欣赏一下人民大会堂这样的建筑也是非常值得做的一件事。当然，人民大会堂建筑的本身也有很多亮点，可以好好欣赏一下。来到北京不要错过去看看这个地方,/Date(1528157176000+0800)/,1
54534552,就在天安门的旁边，人民大会堂首先给你非常庄严的样子。这可是人民代表开会的地方，一般人是进不去的，我们也只能在外边参观一下，也觉得挺知足的。,/Date(1568682951000+0800)/,2
15575445,人民大会堂，一百元人民币背后的风景，新中国成立后1958年兴建的建筑，新闻联播里每天都会出现的地方，位于北京市中心天安门广场西侧，西长安街南侧，是中国全国人民代表大会开会的地方。,/Date(1498049961000+0800)/,0
57040470,里面环境不错，设施完好！值得去观赏……,/Date(1470709624000+0800)/,3
67951412,记得第1次见大会堂的时候是晚上，虽然不是特别高大的建筑，却是非常的壮观，加上灯光的点缀显得格外的美，这次白天来看感觉真的是好威严的地方。,/Date(1579475915000+0800)/,2
54534552,这里做得太漂亮，很壮观，体现了中国的一个门面，而且周边的环境很漂亮，在这里值得一看。一定不要在旺季的时候，在这里人太多了，拍照都没法拍。,/Date(1508052005000+0800)/,2
28119719,人民大会堂，就在天安门广场的旁边，一座很雄伟的建筑。我们是跟团去的北京，在天安门广场给了一个小时自由活动时间，就没有时间进去看看了，下次一定要自己去一次北京，希望能进去看看。,/Date(1478062764000+0800)/,2
238506821,参观过，以后争取能在这里吃餐饭。,/Date(1599562526000+0800)/,1
54534552,远看大会堂的时候，其实感觉不出他是多么庄严，但是你走近一看却最不一样，而且晚上的时候加上灯光特别的漂亮，最早的时候就从他前面走过看过一次，真的很好看。,/Date(1572235186000+0800)/,1
2335573,参观了人民大会堂，里面有四层楼，不是每个厅都开放的，看到了上海厅，不过看到领导人开会的地方还是蛮新奇的，布置得精致大气，挺不错的。,/Date(1496846496000+0800)/,2
2122002,喜欢去的地方，一年有几次的新闻发布会每每都不错过，高大庄严，设施大气豪华古朴高雅很是喜欢。每个会议厅都很喜欢，各有各的特色非常棒。,/Date(1480694417000+0800)/,2
67951412,这里是全国人民代表专门开会的地方，门票非常的便宜，就30块钱，先去参观一下还是非常不错的，一进门就是非常庄严的，里边设计的都是非常具有中国特色的。,/Date(1563525642000+0800)/,1
796034,中国的最高象征之一，家人曾经有幸参与了她的建设。伟大的人民大会堂，坚固，典雅，空间巨大，里面金碧辉煌，显示了中国人民伟大智慧的结晶，里面时有举办演出活动，值得一去。,/Date(1519781990000+0800)/,2
33823324,祖国的骄傲，祖国的伟大。也是游客必游的景点。天安门，故宫，毛主席纪念堂，都代表着中国人民的骄傲，走出中国，走出世界。敬礼。,/Date(1488597591000+0800)/,2
45519131,从外观上人民大会堂保留了传统古式的建筑风格特色，庄重不是威严，内部融入了现代化元素，绚丽夺目，富丽堂皇。大方、简洁、精致。,/Date(1448266384000+0800)/,2
67910024,以前在电视上感受不出人民大会堂有多么的威严，到了旁边之后感受确实是不一样，而且旁边所有的花设计的特别的漂亮，能够去里边开会的都是非常厉害的人,/Date(1562456239000+0800)/,1
82467875,人民大会堂位于天安门广场西侧，壮观巍峨，建筑平面呈“山”字形，两翼略低，中部稍高，四面开门。人民大会堂建筑风格庄严雄伟，壮丽典雅，富有民族特色，以及四周层次分明的建筑，构成了一幅天安门广场整体的庄严绚丽的图画。,/Date(1504674908000+0800)/,0
76823468,陪家人去过两次了，每次去开放的厅也都不一样。我是山东人，一直找到山东厅，后来看网上说，山东厅一直没有开放过，而且是在顶层，顶层本来就是不开放的区域，百度百科对于其他省的厅介绍的很详细，唯独山东厅没有详细介绍，不过知情人说山东厅是非常漂亮的,/Date(1500164762000+0800)/,0
40089503,人民大会堂确实是一大创举，10个月完工。站在外面，只觉壮观。进入内部，益发感叹。,/Date(1447036394000+0800)/,0
82467875,人民大会堂位于天安门广场西侧，壮观巍峨，建筑平面呈“山”字形，两翼略低，中部稍高，四面开门。外表为浅黄色花岗岩，上有黄绿相间的琉璃瓦屋檐，下有5米高的花岗岩基座，周围环列有134根高大的圆形廊柱。,/Date(1518589562000+0800)/,0
54534552,从门前走的时候就感到非常的庄严。各种鲜花摆的造型都特别的好看，什么时候才能有机会进去开一次会呢？我也想当人民代表。可是现实不允许啊。,/Date(1562394042000+0800)/,1
1085313,进入后的第一感觉除了庄重还是庄重，在这里你不会大声喧哗，因为这里是全国人民代表开会的场所，所有的装饰奢华又不失高贵，一切都透露着中华民族伟大复兴的痕迹。,/Date(1470364680000+0800)/,2
3758913,北京的政治中心，在天安门广场西面，建筑十分宽大，很多重要会议在这里举行。,/Date(1451453897000+0800)/,0
67910024,第1次去北京的时候，只能在外面远远的看着你。也是人民代表开会的地方，非常的庄严，现在开放了部分会馆，可以参观一下，包括他城管外边的园林设计，非常的漂亮,/Date(1568336715000+0800)/,0
67951412,虽然不是非常高大的建筑，带上看上去特别的庄严，这可是人民代表才能进去开会的地方。我们只能在门口看一下，门前的景观做得特别的漂亮。,/Date(1565226647000+0800)/,1
472962,解放后北京十大建筑之一，非常雄伟壮观，是中西合璧的典范之作。现在是&amp;quot;两会&amp;quot;和党代会的会场，很多外事活动也在这儿举行。平时可以供游客参观，有专门的线路，可以一窥其中奥密。,/Date(1451110597000+0800)/,0
90957016,大凡我们国家有什么重要的会议，基本就是在人民大会堂召开的，当然有会议的时候这里是进不去的。亲临电视上看到的建筑，还是很震撼的感觉，很庄严。,/Date(1547029052000+0800)/,0
54534552,顺路的时候从这边看了一下，真的非常威严壮观，虽然不是特别大的建筑却是非常的整齐与庄严周边的花卉做的也非常的漂亮，不愧是代表国家的建筑。,/Date(1555891168000+0800)/,0
114750402,人民大会堂门额高悬中华人民共和国国徽，金光闪烁，十分引人瞩目。整座大厦屋檐均用黄绿色琉璃制品镶嵌，尽显庄严宏伟、朴素典雅的民族风格和现代化建筑的非凡气派。,/Date(1502981308000+0800)/,1
45918561,喜欢。人民大会堂，金碧辉煌。全国省市及港澳台都有厅。,/Date(1451613198000+0800)/,0
33581890,人民代表大会开会的地方，外观是山形，前面走廊由石柱支撑，很是壮观。体验下小时候课本里的真景。,/Date(1447772549000+0800)/,0
21481593,安检很严格 能去的地方不多 服务员都很年轻有活力。还是值得参观一下的。就是人比较多 只能用现金买票 。不能带液体饮料 。,/Date(1561075319000+0800)/,3
67910024,参观这些地方都是挺壮观的，但是趣味性比较一般，在这里你能够感受到中国的尊严，包括宏伟。其包括天安门也一样，有种非常震撼的感觉。,/Date(1536027344000+0800)/,0
67910024,很早之前去北京的时候路过一次，晚上的时候看到这边灯光，就觉得非常的庄严，之后又去前面参观了一次，白天的大会堂也非常漂亮庄严！,/Date(1575006784000+0800)/,0
746075,"人民大会堂就在天安门广场边上,另一边是国家博物馆,里面就是以各省命名的会议厅,如果没有会议或接待任务,是可以进去参观的,但是开放的厅是部分省的厅,不会是全部开放.",/Date(1480176057000+0800)/,0
67910024,白天的大会堂显得很素净，又很亲和，夜晚的大会堂的确是很漂亮，这里的一些绿化都做得特别好，简单的看一下，其他都没有什么玩的,/Date(1508723679000+0800)/,0
39662281,全国人民敬仰的地方，值得去参观一下。,/Date(1519480659000+0800)/,2
7599720,票价30，有开放的会议厅，可以去参观。万人厅那儿工作人员抢占了有利的拍照位置拍照留念，会场只能进二楼，大厅那儿不让进，整体看看还是不错的,/Date(1511016753000+0800)/,1
2663495,这里很庄严，是国家开会的地方，现在也接一些商业演出，也是咱们国家的象征之一,/Date(1447751120000+0800)/,0
1085255,一直以为人民大会堂是禁止参观的，没想到在非会议期间是可以购票入内参观的。,/Date(1557656535000+0800)/,0
2464808,位于北京市天安门广场西侧，是全国政治中心，不错，环境幽雅，交通便利。,/Date(1491030790000+0800)/,0
6395940,天安门的西面，进去是需要存包的，只开放了一个大厅，很震撼，，票价很值,/Date(1450416831000+0800)/,0
84553999,来首都人民大会堂肯定是要来的，这里如果没有什么特殊活动的话都说对外开放的，进去需要买票。在这里能看到许多我们在电视里面一直出现的画面，身临其境,/Date(1547114450000+0800)/,0
9174131,人民大会堂是全国人民代表大会和全国人大常委办公的地方，是党中央、国务院和各人民团体政治活动的重要场所。,/Date(1511248735000+0800)/,2
150499127,人民当家作主，显我中华智慧，尽走复兴之路！,/Date(1507557566000+0800)/,1
74088047,坐落在北京天安门广场的人民大会堂是开全国人民代表大会的地方。,/Date(1501255221000+0800)/,0
1700808,我们去人民大会堂参观，进去就非常严格的检查，主会堂顶上的灯没有开，没有看到小学课本的描述的满天繁星。,/Date(1446119737000+0800)/,0
217895232,人民大会堂位于北京市天安门广场旁边，在国家博物馆正对面，气势恢弘，庄严肃穆，是很多游客去参观的地方，如果有会议就不让进去参观，这要看运气！,/Date(1572751282000+0800)/,0
115681658,以前曾在课本里学过一篇关于人民大会堂的课文，就在天安门广场边上，不过我也只是看了下大门口而已，因为门口有两士兵守着，估计也没法进去参观。,/Date(1571130674000+0800)/,0
20265582,其实恢宏的建筑，很值得参观。坐车可以坐到天安门广场西下车,/Date(1448204835000+0800)/,0
19764492,单独去看大会堂有点单调，最好趁着有什么活动的时候去看演出,/Date(1445478158000+0800)/,0
1464780,大会堂去过两次，布置没多少变化，但是第一次来北京还是要去的，已无关乎风景，是我们的一个念想。,/Date(1453257070000+0800)/,0
82467875,总感觉里面很神秘，想亲眼看看领导人开会的地方，终于如愿了，里面装修的很气派很豪华，万人会场不是一般的大，各种地方展厅也是非常漂亮,/Date(1509507934000+0800)/,0
62874497,人民大会堂位于天安门广场西侧，是全国人民代表大会的开会场所，是共和国的象征建筑之一。来北京旅游一定要看看我们国家领导开会的地方。,/Date(1476884402000+0800)/,0
31812533,里面庄严大气，国家的门面，非常宏伟壮观，非常漂亮,/Date(1445160188000+0800)/,0
40503504,人民大会堂属于人民，里面有上海厅，四川厅，湖南厅等各有特色，华丽恢弘，十九大来临之际，来参观，感觉非常棒！,/Date(1507343112000+0800)/,1
3412461,天安门广场上，可以近景看到往常电视上看到的会场,/Date(1450146637000+0800)/,0
15207003,威武雄壮，气势磅礴，希望有机会可以去里面看看。,/Date(1445674276000+0800)/,0
1157276,非常雄伟、壮观，位于天安门广场旁边，交通很方便,/Date(1445251651000+0800)/,0
43870243,只在外面看过不知道原来人民大会堂买票还可以进到里面去，下回去北京一定要进去看看，看见我祖国开最大会的地方是什么样。宏伟壮观。,/Date(1488795473000+0800)/,0
23644726,感觉好雄伟的建筑，在天安门广场旁，拍照留念,/Date(1464055514000+0800)/,2
50075419,不错有证件半折长点见识为以后去开会打下基础,/Date(1454858856000+0800)/,0
1044668,走进人民大会堂，心中自然而然涌现自豪感。,/Date(1581376740000+0800)/,0
1489701,"人民大会堂是中国的权力中心，每年的两会和重要的国家会议都在这里。没有活动的时候可以参观。
里面感觉很好，既显得庄严又没有奢华的感觉。主要的大会厅很有气势，比电视里看到的好。
代表们的座椅很普通，有点挤，还真没有电影院里的舒服。开会时，代表们要在这里坐一天，不容易啊！
大会堂不能随便参观，要排队，按顺序，限制人数，按照指定路线参观。有专人负责讲解。值得一去。",/Date(1460198213000+0800)/,0
1914298,规模宏大，气势雄伟，方方正正，看着舒服。,/Date(1446209063000+0800)/,0
48983689,值得看一看，毕竟是全国人民关注的地方。,/Date(1576394856000+0800)/,0
77538322,去北京，一定要去的地方，票价不贵，好像是30儿童老年人是15的样子，有时可能团购会便宜一点点吧，我没团过，买的现场票,/Date(1483882765000+0800)/,0
67910024,大会堂首先见到就是给你一种非常庄严的感觉，外边的花坛都是非常的漂亮，这里需要交30块钱的门票，进去参观能够看到，里边装修的确实是挺好的，而且都挺庄严漂亮。,/Date(1563525840000+0800)/,2
4962114,清晨去的，看好升旗仪式，路边买些早点，匆匆忙忙赶往人民大会堂去排队，感慨的是，游人真多，2-3个小时下来，真心累。,/Date(1499261147000+0800)/,0
39436428,这个地方不是想进就能进的，那是个偶然的机会我去那看了晚会，那里面太豪华了,/Date(1456757530000+0800)/,0
4395048,值得一去，感受一下，在里面买了好些纪念品，好喜欢,/Date(1496153022000+0800)/,1
50359082,天安门广场的侧面，每年举行的两会就在这里，所以戒备很严格，平常的时候对外开放，可以进去参观，很值得进去看看,/Date(1465362652000+0800)/,0
69337511,位于北京市中心天安门广场西侧，我国首都的标志之一，这是全国人民代表大会开会的地方，建筑和设计非常雄伟豪华,/Date(1477558794000+0800)/,0
616685,人民大会堂位于天安门广场西边，雄伟壮丽，庄严肃目，里面参观警戒严格，不过值得参考游览，毕竟是国家的象征。,/Date(1450855782000+0800)/,0
67951412,这样的地方对于我们来说只能在门口看一看了，又不能进去，门前设计的花艺特别的漂亮，而且一年四季都是鲜花盛开的感觉，大会堂给人感觉特别的庄严。,/Date(1566525268000+0800)/,0
6072764,一定要入内参观，外观也很宏伟，入内看看代表们开会的地方，再看看各个省厅的布置和样子，很长见识的。,/Date(1446281914000+0800)/,0
106930404,去的时候刚下过雪，当时好像还在开什么会，路还是戒严的。一如电视上的感觉，庄严肃穆神圣不可触及。,/Date(1502159377000+0800)/,0
39105257,天安门广场西侧，与国家博物馆对面，国家开重要会议的地方，也有大型演出，外面庄严肃穆，里面高大宽敞，明亮，装饰无不体现中华民族大家庭特色，地铁天安门西下，安检后步行过去很方便,/Date(1506816250000+0800)/,0
38464086,人民大礼堂，雄伟壮观、全国人民代表大会及外交场所……,/Date(1495471641000+0800)/,2
25063734,人民大会堂是一个非常威严的地方。全国两会就在这里召开，平时也可以进去参观游览，要寄存包包的,/Date(1445310942000+0800)/,0
73299800,值得去看看北京她是中国的首都重要的会议都在这里开,/Date(1482165232000+0800)/,0
85598108,第一次进去看演出，非常的好,/Date(1512924478000+0800)/,1
12742111,人民大会堂，位于天安门广场西侧，是全国人民代表大会的主会场，重要政治和外交活动举办地。,/Date(1512261118000+0800)/,0
1350276,去北京时候刚好人民大会堂有会议，没进去，在门口合影拍照，但是从外观看特别漂亮，特别伟大,/Date(1508302559000+0800)/,0
15492093,中国的政治活动中心，气派威武，每年的两会都是世界的焦点，内部装饰非常华丽，非常有特色！,/Date(1469781622000+0800)/,0
43951143,一直觉得人民大会堂很神秘，终于找了个机会进去，门票不贵，但是有些地方没有开放，很遗憾,/Date(1514786014000+0800)/,0
40415993,天安门广场上的主要现代建筑群之一，每年都从电视上看到人大代表来这里开会，感觉好庄严！,/Date(1454586332000+0800)/,0
6515663,人民大会堂里的灯光效果特别壮观，当时我是国庆期间游览的，还特意花了一百元照了张像。,/Date(1477122205000+0800)/,0
42511864,早晨直接去了人民大会堂 不知道是人家给我指的道儿错了还是我没听明白走错了 反正是围着大会堂转了一圈才找到入口 人民大会堂气派非凡 庄严华丽 开放的区域不多就是几个省厅和几个功能厅 游览1小时足够 里面外面很多军人 今天好像有合唱演练的任务 万人礼堂没有开放 比较可惜。,/Date(1543770949000+0800)/,0
78342815,有点不可思议的事是为什么里面的建筑物没有梁呢。难道不会塌吗！,/Date(1483410643000+0800)/,1
838912,这座建成六十年的会议宫殿气势恢宏、体量巨大。看过以后会是你印象深刻......,/Date(1570660981000+0800)/,0
168295976,人民大会堂为建国十周年首都十大建筑之一，完全由中国工程技术人员自行设计，施工。,/Date(1528071884000+0800)/,0
109914521,两会的举行，在人民大会堂盛大举行，全国人大代表在人民大会堂各抒己见，参政议政。,/Date(1522176155000+0800)/,0
41055250,中国至高的权利机关，各地区可以到各地区富有特色的会议厅参观,/Date(1506563500000+0800)/,1
41451564,庄严肃穆的地方，还没机会一起，希望一看,/Date(1488758512000+0800)/,2
29747210,人民大会堂位于天安门西侧，这里附近有中山公园，劳动人民宫，来这里的人很多哦。,/Date(1471477747000+0800)/,0
77687144,人民大会堂是全国人民代表大会和全国人大常委办公的地方，是党中央、国务院和各人民团体政治活动的重要场所。门额高悬中华人民共和国国徽，金光闪烁，十分引人瞩目。,/Date(1482821880000+0800)/,0
35132909,这里是全国人民翻身解放后，当家做主人议事的地方，是全国人民为自己做主的地方,/Date(1472972443000+0800)/,0
3701569,从门口看就感觉很气派，两会时候这里也是各方焦点，不过进去参观就没啥必要了。,/Date(1447169684000+0800)/,0
162443489,天安门广场周边，巨头们开会的地方，一般人是去不了的。,/Date(1523537991000+0800)/,1
849878,庄严肃穆的大型建筑，里面分很多厅，风格都不一样，但整体都是很大气的感觉！,/Date(1500472518000+0800)/,0
74427568,非常庄严肃穆的建筑，在人民天安门广场侧面，日常不对外开放，只可远观。,/Date(1493203527000+0800)/,0
114353704,人大代表开会的地方，气势雄伟壮观，里面有许多会议厅，管理比较严格。,/Date(1565187336000+0800)/,0
154506930,人民大会堂在天安门广场，这里人来人往，游客很多，欢迎大家光临这里。,/Date(1517780435000+0800)/,0
13074262,天安门广场的西侧是人民大会堂，每年大会堂会有各种国家级的演出。,/Date(1512353026000+0800)/,0
79408604,大气，可以进去里面参观，可以参观不同的厅，不同的厅有不同的特色,/Date(1487492107000+0800)/,0
53520279,注意注意，不能带包，不能带不锈钢水杯，必须南门侧寄存！否则不让进去。轮椅或者高龄老人走绿色通道，可以比常规快一点。否认排三小时队伍。洗手间也在南面，如果途中需要上洗手间回来得重新排队。真心建议进口附近设立存包点、轮椅租赁处，以及流动洗手间，以方便老人游客！,/Date(1571709508000+0800)/,1
154510164,建筑外观很洪伟壮观，不开会的时候可以参观，内部格局也是很大啊,/Date(1518460984000+0800)/,0
25366069,人民大会堂位于天安门广场的西侧，这里的建筑很庄观，也很讲究。,/Date(1470620468000+0800)/,0
9074713,人民大会堂位于天安门广场西侧，是国家重要会议开会的场所，在世界也非常著名，是共和国的象征建筑之一。,/Date(1509531840000+0800)/,0
85390477,很庄严，很有气势，感觉电视里的画面真实再现，很奇妙的感觉。,/Date(1496018886000+0800)/,0
50640175,可以说是中国最神圣的殿堂，所有的重要会议都是在这里开的。,/Date(1520731164000+0800)/,0
16978685,外看十分庄严，里面十分漂亮，十个月就能建起来，真的不错。,/Date(1477485854000+0800)/,0
22994645,可以去感受下气氛，只是每天开放时间和场馆不一样，凭运气了,/Date(1477399260000+0800)/,0
4735307,人民大会堂，天安门，纪念堂，故宫，有点紧凑一天的行程！,/Date(1500360545000+0800)/,0
73498192,参观时人很多，看了看会议大厅，一会就完事了，太快了吧！,/Date(1498894505000+0800)/,0
74188032,庄严肃穆的人民大会堂是每年召开两会及重大活动的地方。,/Date(1571100715000+0800)/,0
17258092,不愧为国家级大会堂！庄严、宏伟！,/Date(1525192915000+0800)/,1
594103,主要都是召开全国人民政治协商回忆，党的多少大代表大会,/Date(1520000245000+0800)/,0
65652026,最喜欢看进门一抬头看到的大会堂的屋顶，像星光在闪耀。,/Date(1507267201000+0800)/,0
27574118,人民参政议政的最高机构，在远处眺望亦能感受到庄严肃穆,/Date(1496475484000+0800)/,0
587023,雄浑、庄重、典雅，中国当代建筑中的中西合壁式建筑的典范之作，更是全国各族人民心中的神圣之处。,/Date(1484689242000+0800)/,0
68574007,人民大会堂建筑风格庄严典雅，雄伟状观，富有民主特色。,/Date(1473428708000+0800)/,0
4395780,天安门广场，终于目睹一下人民大会堂的雄伟壮观的建筑,/Date(1579989380000+0800)/,0
1466903,一次愉快的旅行，环境很好，服务周到，大家都很满意！,/Date(1503071437000+0800)/,0
68847283,庄严的殿堂当你现在那中心的一刻开始你的热血，澎湃吧,/Date(1500653603000+0800)/,0
64103244,人民大会堂是举行人大和政协会议的地方，平常可以参观,/Date(1469951204000+0800)/,0
2365048,小时候在书本里才能读到的地方，在天安门广场一侧，见到时让人感觉神圣庄严，非常气派。我觉得每个中国人都应该前来实地看一看，感受一下。,/Date(1455980150000+0800)/,0
77008654,大气磅礴，壮观，漂亮，非常值得去，推荐给大家，赞,/Date(1519267881000+0800)/,0
64836710,外地游客来北京，肯定要去天安门，人民大会堂参观。,/Date(1515432843000+0800)/,0
90074509,到北京必去的场馆，交通便利，孩子很喜欢，挺值的。,/Date(1506442633000+0800)/,0
74153469,和我小时候脑海里面的人民大会堂不一样，与时俱进啊,/Date(1496228868000+0800)/,0
44171189,开人大时时各人大代表开会之地，也是北京的一个特色,/Date(1489560793000+0800)/,0
5374495,去的时候很可惜，在开会，进不去，不过远看就很壮观,/Date(1473073158000+0800)/,0
65052559,雄伟的建筑，内部没有一根柱子，直接圆顶的造型。,/Date(1514711198000+0800)/,0
23571426,就在天安门广场，是全国人大开会的地方，太厉害了,/Date(1509596576000+0800)/,0
5259918,非常著名的历史建筑，质量之高超放到现在都很棒。,/Date(1484446679000+0800)/,0
6259131,当年10个月建起来的奇迹，各方面超越现在的建筑,/Date(1478738387000+0800)/,0
53108961,很可惜只在广场外，没有进去参观，有机会一定再去,/Date(1458543250000+0800)/,0
81409028,那次虽然只让我们参观了几个厅，里面确实庞大。,/Date(1499523925000+0800)/,0
23206370,人民大会堂是中国全国人民代表大会开会的地方。,/Date(1496800414000+0800)/,0
1450222,因当天那里有会议，所以没能进去参观，那种气势恢宏根本感觉不到，在外面看留点想象更好。,/Date(1452013832000+0800)/,0
27877832,人民币背面就是人民大会堂，这个还是很贴切的，见到了真正的人民大会堂，才知道他的雄伟壮观和巍峨，里面真的不知道是什么样子的。,/Date(1574001668000+0800)/,0
44974149,国家开两会的地方，庄严肃穆，神圣不可侵犯。,/Date(1553384102000+0800)/,0
2316689,人民大会堂建筑很宏伟，壮观，让人肃然起敬。,/Date(1520595871000+0800)/,0
8124532,可以进去参观，看到大礼堂，参观几个省里的厅,/Date(1512277265000+0800)/,0
1126396,基本上北京大会堂就是远远看过的五星级景点了,/Date(1505702225000+0800)/,0
5423548,站在天安门广场，没个角度的照片都有代表性。,/Date(1498138048000+0800)/,0
29628633,宏伟壮观，来北京必游，小学生课外活动要求的,/Date(1496942561000+0800)/,0
3206886,人民大会堂就在天安门对面，以前在门口拍过照,/Date(1476718854000+0800)/,0
63920937,不错的，去的时候人有点少，可能是收费的关系,/Date(1470789943000+0800)/,0
2487668,里面的设施有些老了，不过建筑本身令人赞叹。,/Date(1455810348000+0800)/,0
21980238,是国家重要的会议场所。气势恢宏，值得一看。,/Date(1453546261000+0800)/,0
23226731,这里是中国人的向往的，人们做主的地方。。,/Date(1573917348000+0800)/,0
,来北京到大会堂门口留个纪念。这里也必去。,/Date(1535019873000+0800)/,0
19341519,雄伟的建筑，一眼看过去，排列整齐的柱子。,/Date(1508189798000+0800)/,0
3412461,国家最高立法机构，经常可以从电视上看到。,/Date(1472611856000+0800)/,0
78987228,有幸进过一次，里面有很多厅！很有气魄！,/Date(1570536474000+0800)/,0
78184764,宏伟壮观，绝对值得一去参观，去过几次了,/Date(1514810054000+0800)/,0
36973980,在外面看看吧，进不去的地方。可以过来？,/Date(1510822715000+0800)/,0
23034414,非常宏伟，而且可以进去参观，门票很便宜,/Date(1504338647000+0800)/,0
26443975,最高权力机关，每到两会的时候世界瞩目。,/Date(1497781693000+0800)/,0
14974325,国家最重要的会议都在这里啦，天安门旁边,/Date(1495363921000+0800)/,0
68457887,可以看看，就是不知道是不是所有人都喜欢,/Date(1481135091000+0800)/,0
37417826,也算是首都北京的地标了，就一个字大!,/Date(1520830313000+0800)/,0
4373351,很壮观，第一次来，进不去啊，不来此行,/Date(1518271042000+0800)/,0
2480097,巍峨庄严，每年三月的焦点，唯有仰视！,/Date(1504665255000+0800)/,0
74011233,天安门广场西侧，人民币一百元背景图案,/Date(1502748538000+0800)/,0
77184657,气势恢宏，庄重大方，人民权力的象征。,/Date(1498666426000+0800)/,0
3307352,圣神而庄严，走在外面都能感觉到庄严。,/Date(1494602554000+0800)/,0
44171189,"辉煌的建筑,每次开人代会期间更是厉害",/Date(1488980330000+0800)/,0
23512390,要去看看啊，蛮好的，我是去的福建厅。,/Date(1458451174000+0800)/,0
36439553,天安门广场边上 去天安门可以一块看看,/Date(1517909031000+0800)/,0
590351,非常值得前往—非常非常大气、宏伟！,/Date(1511428404000+0800)/,0
52422509,这里值得一去，建筑有特色，交通便利,/Date(1510468768000+0800)/,0
883933,进去过一次，忘记什么事了，庄严肃穆,/Date(1503207503000+0800)/,0
60941511,决策国家大事、壮观宏伟、让人敬佩。,/Date(1498182988000+0800)/,0
1542871,富丽堂皇，代表国家最高水平的建筑。,/Date(1489284992000+0800)/,0
1820923,没有重要活动的时候可以按线路参观。,/Date(1457676314000+0800)/,0
1572603,气势非常宏伟，很值得大家去看看。,/Date(1518404889000+0800)/,0
89429216,非常的宏伟壮观，非常的值得参观。,/Date(1516142330000+0800)/,0
12054429,不错，很值得一看！值得推荐一下！,/Date(1502019459000+0800)/,0
96294539,只是在外面看，没有权势，进不去。,/Date(1498719247000+0800)/,0
7139694,人民大会堂占地面积很大，很壮观！,/Date(1497737760000+0800)/,0
501837,只能远观，不能入内参观，略有遗憾,/Date(1481626859000+0800)/,0
68457887,不错，可以去看看，里面允许照相。,/Date(1477629963000+0800)/,0
49589563,好，全国唯一的神圣的，主要的地方,/Date(1457275104000+0800)/,0
203781357,在这里感受到一切都是那么的庄重,/Date(1567473882000+0800)/,0
80276453,气派，美，庄严肃穆，人间仙境。,/Date(1564351896000+0800)/,0
45890849,门票30元/张，值得去看一看。,/Date(1557661932000+0800)/,0
32442177,庄重！国家象征！很值得去看看！,/Date(1520178317000+0800)/,0
1044668,国家的政治中心，难得可以参观。,/Date(1517696157000+0800)/,0
10473606,人民大会堂，一个庄严的地方。。,/Date(1512362824000+0800)/,0
4512665,威武庄严的天安门广场，必游景点,/Date(1507972704000+0800)/,0
87737352,人民大会堂没有说的必须去看看。,/Date(1502200144000+0800)/,0
20381142,人民大会堂是很多人都想去的地方,/Date(1482999030000+0800)/,0
1517435,建筑非常壮观，在里边演出很棒！,/Date(1472038289000+0800)/,0
49650587,就在天安门广场西侧，中国国家博物馆的对面，全国人民代表大会的开会场所，在外面看看就很庄严，没有进入到里面去,/Date(1458606804000+0800)/,0
84191953,为了拍这个一百元照片累死了   天安门很近,/Date(1488772283000+0800)/,3
4810204,来到人民大会堂参观，当时里面正忙着做庆祝建党宴会活动的准备，一张张圆桌滚来滚去，印象尤为深刻。,/Date(1467553964000+0800)/,0
13283878,建设于58年竣工于59年，国庆十周年献礼工程。从法律上来说，是最高权力机关的办公场所,/Date(1488246820000+0800)/,0
51567360,人民大会堂是全国人民代表开会的地方，位于天安门的西侧，没必要进去看，外面看看就挺好,/Date(1483689289000+0800)/,0
89634981,庄严，天蒙蒙亮灯光打在国徽上感觉很好,/Date(1498584817000+0800)/,0
54744775,人民大会堂，雄伟，壮观，气派，意义,/Date(1461001200000+0800)/,0
2627022,黄金护栏太多，内部保卫措施也多，凑合着站在远处看巍峨的大会堂，也算饱眼福吧,/Date(1452381048000+0800)/,0
88271470,在天安门广场附近，可以一起游览。,/Date(1494591105000+0800)/,0
596897,在天安门广场西边，是召开人大会议和其他中央会议的地方，很有纪念意义。,/Date(1456268904000+0800)/,0
49307143,7岁的时候进过一次，还拍了一张照片。毕竟是全国人大开会的地方。,/Date(1503480756000+0800)/,0
1087980,大会堂真的是穿越的设计杰作，半个多世纪过去了，依然这么完美。,/Date(1456665249000+0800)/,0
2890696,有幸进去参观过一次，真是漂亮，一个国家就需要有这么个场所。,/Date(1513132243000+0800)/,0
116961042,有演出的时候拿着演出票可以进，没有演出的时候可以买票参观,/Date(1515373641000+0800)/,0
89746640,是北京著名的建筑，大家在天安门广场就可以看到了！挺宏伟的,/Date(1493636143000+0800)/,0
40376087,人民大会堂就如没来之前的想象一样，恢宏气派，非常棒！,/Date(1541144485000+0800)/,0
115337273,庄严肃穆的大会堂，是去北京玩的人，必须去看看的吧。,/Date(1511539864000+0800)/,0
7670680,在人民大会堂看过几场演出，里面的书、画太棒了，喜欢,/Date(1500212376000+0800)/,0
23008833,现在一般是不能进去参观了，不知道1什么时间开放。,/Date(1502931215000+0800)/,0
84655811,虽然没有机会参观，但是还是不能否认它的庄严壮观。,/Date(1499621266000+0800)/,0
16593291,在京期间，两次骑行到此都是外观，戒备森严啊。,/Date(1506229735000+0800)/,0
97219517,中国人民代表大会的举办地，有时会对民众开放。,/Date(1503584387000+0800)/,0
5573932,没去过的可以去看看，就是不知道是谁选出来的。,/Date(1492623186000+0800)/,0
4662363,平时不对外开放，正好看演唱会进来顺便参观下。,/Date(1476702329000+0800)/,0
35337497,北京天安门人民大会堂是建立新中国后建造的，,/Date(1519854223000+0800)/,0
84731106,气势恢宏，现在感很强，重要会议都在这开,/Date(1490341068000+0800)/,0
24495085,雄伟壮观，外面看看，无法入内观瞧。,/Date(1504693078000+0800)/,0
3157245,外面看着很壮观。可惜没机会进去看看,/Date(1502635546000+0800)/,0
30274343,人民大会堂真的很不错的，可以去看看,/Date(1501960712000+0800)/,0
1558771,外观非常气派，大会堂的穹顶最好看。,/Date(1482840256000+0800)/,0
114765172,中国最高殿堂，恢宏大气，世界瞩目,/Date(1518834357000+0800)/,0
111606868,开放的时间一定要到里面好好的看看,/Date(1511026484000+0800)/,0
1517435,挺宏伟的，有时有演出，安检严格。,/Date(1472723964000+0800)/,0
114765172,中国的政治中心，最高殿堂，仰视,/Date(1519634572000+0800)/,0
81437096,国家会议的象征，庄严，肃穆！！,/Date(1497534744000+0800)/,0
35240601,宏伟壮观，高大恢弘，万人礼堂。,/Date(1491737527000+0800)/,0
1081389,不值得专门去看看，本来人也不多，不如去对过的国家博物馆看看。,/Date(1520087635000+0800)/,1
170837544,名字很响亮，进去了很失望。只有几个厅对外开放。门票30元感觉不划算！,/Date(1525177228000+0800)/,0
15893297,因为很多国家重要会议在这召开，还是看了看，感觉还行吧，不过没进去,/Date(1456234713000+0800)/,0
88180519,雄伟，壮观，威严，来了北京不到这里旅游怎么能行呢？,/Date(1498816513000+0800)/,0
4630783,找到了上海厅哦 其他各省市都有各自的厅 值得留影,/Date(1456054652000+0800)/,0
19833958,人民大会堂，去北京一定要去看看的地方。,/Date(1512082986000+0800)/,0
524095,建筑不错、看完更觉得与己无关。,/Date(1501207385000+0800)/,0
33197156,北京作为首都的特色景点和地方。,/Date(1471192448000+0800)/,0
